collection_date,Count_IAV,Positive_IAV,Concentration_IAV,Concentration_sub_IAV,Normalized_IAV,Normalized_sub_IAV,Count_RSV,Positive_RSV,Concentration_RSV,Concentration_sub_RSV,Normalized_RSV,Normalized_sub_RSV,Concentration_PMMoV
2022/4/3,3,1,3.288584896,2.895508302,-5.279616828,-5.508586913,3,0,,2.698970004,,-5.705031254,8.404095214
2022/4/4,0,0,,,,,0,0,,,,,
2022/4/5,3,2,3.620854532,3.31355969,-4.799768875,-4.972533695,3,1,3.351891914,2.916610641,-5.13581982,-5.369157499,8.286093385
2022/4/6,0,0,,,,,0,0,,,,,
2022/4/7,3,2,3.960701398,3.540124267,-4.345690531,-4.880257023,3,2,3.763361567,3.408564379,-4.710780116,-5.011251384,8.420381289
2022/4/8,0,0,,,,,0,0,,,,,
2022/4/9,0,0,,,,,0,0,,,,,
2022/4/10,3,1,3.93008215,3.109340719,-4.768887855,-5.285839999,3,0,,2.698970004,,-5.6958506,8.395180718
2022/4/11,0,0,,,,,0,0,,,,,
2022/4/12,3,3,3.695792186,3.695792186,-4.591053467,-4.591053467,3,0,,2.698970004,,-5.587526249,8.286845653
2022/4/13,0,0,,,,,0,0,,,,,
2022/4/14,3,2,3.653655212,3.33542681,-4.670768642,-5.018622348,3,1,3.482372271,2.960104093,-4.957627688,-5.394042079,8.354049157
2022/4/15,0,0,,,,,0,0,,,,,
2022/4/16,0,0,,,,,0,0,,,,,
2022/4/17,3,2,4.094014411,3.628999609,-4.347247858,-4.791912318,3,1,3.742245734,3.046728581,-4.500438778,-5.374168114,8.420911927
2022/4/18,0,0,,,,,0,0,,,,,
2022/4/19,3,2,3.54654174,3.264017828,-4.438350201,-4.773581733,3,1,3.113955288,2.837298432,-4.607877546,-5.200026971,8.037599561
2022/4/20,0,0,,,,,0,0,,,,,
2022/4/21,3,1,3.554028211,2.983989407,-4.968416023,-5.435051952,3,0,,2.698970004,,-5.720196055,8.419041359
2022/4/22,0,0,,,,,0,0,,,,,
2022/4/23,0,0,,,,,0,0,,,,,
2022/4/24,3,1,3.671971388,3.023303799,-4.492381467,-5.302549567,3,0,,2.698970004,,-5.627095071,8.325853366
2022/4/25,0,0,,,,,0,0,,,,,
2022/4/26,3,3,3.978953878,3.978953878,-4.607655183,-4.607655183,3,1,4.278285838,3.225408616,-4.52607187,-5.361214306,8.586609061
2022/4/27,0,0,,,,,0,0,,,,,
2022/4/28,3,2,3.77506173,3.416364488,-4.371287772,-4.774879635,3,0,,2.698970004,,-5.492425179,8.191244123
2022/4/29,0,0,,,,,0,0,,,,,
2022/4/30,0,0,,,,,0,0,,,,,
2022/5/1,3,2,3.815859816,3.443563212,-4.720718811,-4.955439753,3,1,3.78975813,3.062566046,-4.700464384,-5.336582773,8.399002965
2022/5/2,0,0,,,,,0,0,,,,,
2022/5/3,3,3,3.825398735,3.825398735,-4.648950988,-4.648950988,3,1,3.54340542,2.980448476,-4.993436298,-5.494086118,8.474349723
2022/5/4,0,0,,,,,0,0,,,,,
2022/5/5,3,3,3.810825905,3.810825905,-4.742184812,-4.742184812,3,1,3.397766537,2.931902182,-4.520438631,-5.621284199,8.553010718
2022/5/6,0,0,,,,,0,0,,,,,
2022/5/7,0,0,,,,,0,0,,,,,
2022/5/8,3,1,3.941570266,3.113170092,-4.216792226,-5.064472426,3,1,3.9324853,3.11014177,-4.381811351,-5.067341121,8.177642518
2022/5/9,0,0,,,,,0,0,,,,,
2022/5/10,3,2,4.021661077,3.580764053,-4.281196104,-4.624007458,3,2,3.555525522,3.270007016,-4.747453835,-4.934617807,8.204771511
2022/5/11,0,0,,,,,0,0,,,,,
2022/5/12,3,2,3.823204069,3.448459381,-4.179802059,-4.746424441,3,0,,2.698970004,,-5.495096337,8.194883822
2022/5/13,0,0,,,,,0,0,,,,,
2022/5/14,0,0,,,,,0,0,,,,,
2022/5/15,3,3,3.85164654,3.85164654,-4.413337019,-4.413337019,3,1,3.798009141,3.065316383,-4.353701461,-5.199314624,8.264983559
2022/5/16,0,0,,,,,0,0,,,,,
2022/5/17,3,3,3.992513441,3.992513441,-4.183030323,-4.183030323,3,2,4.018069792,3.578369862,-4.109687147,-4.597354841,8.175543765
2022/5/18,0,0,,,,,0,0,,,,,
2022/5/19,3,0,,2.698970004,,-4.978365748,3,0,,2.698970004,,-4.97742194,7.677335752
2022/5/20,0,0,,,,,0,0,,,,,
2022/5/21,0,0,,,,,0,0,,,,,
2022/5/22,3,3,3.911740274,3.911740274,-4.273668154,-4.273668154,3,1,3.766909749,3.054949919,-4.501061843,-5.130054295,8.185408429
2022/5/23,0,0,,,,,0,0,,,,,
2022/5/24,3,3,3.926884131,3.926884131,-4.242744555,-4.242744555,3,0,,2.698970004,,-5.46994219,8.169628686
2022/5/25,0,0,,,,,0,0,,,,,
2022/5/26,3,3,4.069519411,4.069519411,-4.288553796,-4.288553796,3,0,,2.698970004,,-5.658740145,8.358073207
2022/5/27,0,0,,,,,0,0,,,,,
2022/5/28,0,0,,,,,0,0,,,,,
2022/5/29,3,3,4.414576009,4.414576009,-4.080342817,-4.080342817,3,2,4.018522214,3.578671477,-4.589464449,-4.916602302,8.494918826
2022/5/30,0,0,,,,,0,0,,,,,
2022/5/31,3,3,4.408399332,4.408399332,-4.208785884,-4.208785884,3,2,3.777396453,3.41792097,-4.728726939,-5.199389948,8.617185216
2022/6/1,0,0,,,,,0,0,,,,,
2022/6/2,3,3,4.280095161,4.280095161,-4.277768297,-4.277768297,3,3,3.768315553,3.768315553,-4.790047815,-4.790047815,8.557863457
2022/6/3,0,0,,,,,0,0,,,,,
2022/6/4,0,0,,,,,0,0,,,,,
2022/6/5,3,3,4.150039743,4.150039743,-4.29596232,-4.29596232,3,2,4.10593743,3.636948288,-4.491168501,-4.808925056,8.446002063
2022/6/6,0,0,,,,,0,0,,,,,
2022/6/7,3,3,3.946688844,3.946688844,-4.575730936,-4.575730936,3,3,4.385740352,4.385740352,-4.136032211,-4.136032211,8.52241978
2022/6/8,0,0,,,,,0,0,,,,,
2022/6/9,3,3,4.082588955,4.082588955,-4.125768577,-4.125768577,3,2,3.613378615,3.308575745,-4.544084875,-4.899990848,8.208357532
2022/6/10,0,0,,,,,0,0,,,,,
2022/6/11,0,0,,,,,0,0,,,,,
2022/6/12,3,3,3.904875952,3.904875952,-4.65881743,-4.65881743,3,3,4.433914593,4.433914593,-4.129842922,-4.129842922,8.563693383
2022/6/13,0,0,,,,,0,0,,,,,
2022/6/14,3,2,4.162159019,3.674429347,-4.302869543,-4.932768847,3,0,,2.698970004,,-5.908459669,8.607198194
2022/6/15,0,0,,,,,0,0,,,,,
2022/6/16,3,2,3.652620217,3.334736812,-4.50563753,-4.798363476,3,0,,2.698970004,,-5.4344295,8.133100288
2022/6/17,0,0,,,,,0,0,,,,,
2022/6/18,0,0,,,,,0,0,,,,,
2022/6/19,3,3,3.785762473,3.785762473,-4.471885143,-4.471885143,3,0,,2.698970004,,-5.558280739,8.257647615
2022/6/20,0,0,,,,,0,0,,,,,
2022/6/21,3,2,3.996172935,3.563771958,-4.344474826,-5.314095886,3,1,3.72050199,3.039480666,-4.555640795,-5.83798968,8.877867843
2022/6/22,0,0,,,,,0,0,,,,,
2022/6/23,3,1,3.940113792,3.1126846,-4.160256753,-4.985628861,3,1,3.462980185,2.953640064,-4.637154782,-5.144724113,8.098313461
2022/6/24,0,0,,,,,0,0,,,,,
2022/6/25,0,0,,,,,0,0,,,,,
2022/6/26,3,0,,2.698970004,,-5.590481534,3,0,,2.698970004,,-5.590693545,8.289451539
2022/6/27,0,0,,,,,0,0,,,,,
2022/6/28,3,1,3.772705991,3.056882,-5.051419843,-5.572895321,3,1,3.994354222,3.130764743,-4.526174735,-5.498645625,8.629777321
2022/6/29,0,0,,,,,0,0,,,,,
2022/6/30,3,0,,2.698970004,,-5.492962114,3,0,,2.698970004,,-5.493106655,8.191932118
2022/7/1,0,0,,,,,0,0,,,,,
2022/7/2,0,0,,,,,0,0,,,,,
2022/7/3,3,1,3.744890865,3.047610291,-4.434086082,-5.219677767,3,0,,2.698970004,,-5.568948745,8.267288058
2022/7/4,0,0,,,,,0,0,,,,,
2022/7/5,3,1,3.630584487,3.009508165,-5.174236192,-5.577231757,3,1,4.194874089,3.197604699,-4.60975266,-5.388901009,8.586739922
2022/7/6,0,0,,,,,0,0,,,,,
2022/7/7,3,0,,2.698970004,,-5.469523301,3,1,4.105140908,3.167693639,-4.001503056,-5.000535797,8.168493306
2022/7/8,0,0,,,,,0,0,,,,,
2022/7/9,0,0,,,,,0,0,,,,,
2022/7/10,3,0,,2.698970004,,-5.563212897,3,2,3.635062199,3.323031468,-4.68396097,-4.93932735,8.262182901
2022/7/11,0,0,,,,,0,0,,,,,
2022/7/12,3,1,3.829484359,3.075808123,-4.583815405,-5.369143941,3,3,4.354627107,4.354627107,-4.090265343,-4.090265343,8.444952064
2022/7/13,0,0,,,,,0,0,,,,,
2022/7/14,3,0,,2.698970004,,-5.479727053,3,2,3.902195958,3.50112064,-4.37047364,-4.677139111,8.178697058
2022/7/15,0,0,,,,,0,0,,,,,
2022/7/16,0,0,,,,,0,0,,,,,
2022/7/17,3,0,,2.698970004,,-5.685192361,3,3,3.859207747,3.859207747,-4.525292515,-4.525292515,8.384162365
2022/7/18,0,0,,,,,0,0,,,,,
2022/7/19,3,0,,2.698970004,,-5.695869222,3,3,3.753388713,3.753388713,-4.641016741,-4.641016741,8.394839226
2022/7/20,0,0,,,,,0,0,,,,,
2022/7/21,3,0,,2.698970004,,-5.743995975,3,2,3.728632583,3.385411724,-4.785775378,-5.057226353,8.44296598
2022/7/22,0,0,,,,,0,0,,,,,
2022/7/23,0,0,,,,,0,0,,,,,
2022/7/24,3,0,,2.698970004,,-5.56488384,3,1,4.258411675,3.218783895,-3.862602539,-5.045408046,8.263853845
2022/7/25,0,0,,,,,0,0,,,,,
2022/7/26,3,1,3.544107892,2.980682633,-4.778111403,-5.33202646,3,2,3.641352956,3.327225305,-4.702726846,-4.985806362,8.312709094
2022/7/27,0,0,,,,,0,0,,,,,
2022/7/28,3,0,,2.698970004,,-5.509176285,3,3,3.805553731,3.805553731,-4.402393911,-4.402393911,8.208146289
2022/7/29,0,0,,,,,0,0,,,,,
2022/7/30,0,0,,,,,0,0,,,,,
2022/7/31,3,0,,2.698970004,,-5.887464421,3,3,4.042759325,4.042759325,-4.543756773,-4.543756773,8.586434426
2022/8/1,0,0,,,,,0,0,,,,,
2022/8/2,3,0,,2.698970004,,-5.896233509,3,1,3.924888162,3.10760939,-4.593158727,-5.487369308,8.595203514
2022/8/3,0,0,,,,,0,0,,,,,
2022/8/4,3,0,,2.698970004,,-5.614316435,3,1,3.815486402,3.071142137,-4.35664039,-5.242191982,8.313286439
2022/8/5,0,0,,,,,0,0,,,,,
2022/8/6,0,0,,,,,0,0,,,,,
2022/8/7,3,0,,2.698970004,,-5.409605366,3,0,,2.698970004,,-5.408915922,8.10857537
2022/8/8,0,0,,,,,0,0,,,,,
2022/8/9,3,1,4.180749643,3.192896551,-4.088763301,-5.174920157,3,1,4.27242221,3.223454073,-3.996417755,-5.143822799,8.367816708
2022/8/10,0,0,,,,,0,0,,,,,
2022/8/11,3,1,3.849842279,3.082594096,-4.398130987,-5.196101917,3,2,3.824842081,3.449551389,-4.377535066,-4.828768168,8.278696013
2022/8/12,0,0,,,,,0,0,,,,,
2022/8/13,0,0,,,,,0,0,,,,,
2022/8/14,3,0,,2.698970004,,-5.917526376,3,3,3.823899053,3.823899053,-4.791989645,-4.791989645,8.61649638
2022/8/15,0,0,,,,,0,0,,,,,
2022/8/16,3,0,,2.698970004,,-5.725481926,3,1,4.129801785,3.175913931,-4.678668961,-5.249017108,8.42445193
2022/8/17,0,0,,,,,0,0,,,,,
2022/8/18,3,0,,2.698970004,,-5.714859564,3,3,3.722948583,3.722948583,-4.691222925,-4.691222925,8.413829568
2022/8/19,0,0,,,,,0,0,,,,,
2022/8/20,0,0,,,,,0,0,,,,,
2022/8/21,3,0,,2.698970004,,-5.760130045,3,2,3.754687894,3.402781931,-4.597369343,-5.056297343,8.459100049
2022/8/22,0,0,,,,,0,0,,,,,
2022/8/23,3,0,,2.698970004,,-5.454747741,3,2,3.806014076,3.436999385,-4.320719412,-4.717372189,8.153717745
2022/8/24,0,0,,,,,0,0,,,,,
2022/8/25,3,0,,2.698970004,,-5.40489088,3,1,3.652954506,3.016964838,-4.599828983,-5.087022402,8.103860884
2022/8/26,0,0,,,,,0,0,,,,,
2022/8/27,0,0,,,,,0,0,,,,,
2022/8/28,3,0,,2.698970004,,-5.509378089,3,0,,2.698970004,,-5.508896811,8.208348093
2022/8/29,0,0,,,,,0,0,,,,,
2022/8/30,3,0,,2.698970004,,-5.793587193,3,3,3.739886632,3.739886632,-4.752741011,-4.752741011,8.492557197
2022/8/31,0,0,,,,,0,0,,,,,
2022/9/1,3,0,,2.698970004,,-5.878820657,3,3,3.721630135,3.721630135,-4.855983778,-4.855983778,8.577790661
2022/9/2,0,0,,,,,0,0,,,,,
2022/9/3,0,0,,,,,0,0,,,,,
2022/9/4,3,0,,2.698970004,,-5.669329691,3,3,3.846167808,3.846167808,-4.522331436,-4.522331436,8.368299695
2022/9/5,0,0,,,,,0,0,,,,,
2022/9/6,3,0,,2.698970004,,-6.249249218,3,3,3.96361672,3.96361672,-4.984643056,-4.984643056,8.948219222
2022/9/7,0,0,,,,,0,0,,,,,
2022/9/8,3,0,,2.698970004,,-5.357122499,3,3,3.770985963,3.770985963,-4.284918536,-4.284918536,8.056092504
2022/9/9,0,0,,,,,0,0,,,,,
2022/9/10,0,0,,,,,0,0,,,,,
2022/9/11,3,0,,2.698970004,,-5.450731274,3,3,3.942160341,3.942160341,-4.206730405,-4.206730405,8.149701278
2022/9/12,0,0,,,,,0,0,,,,,
2022/9/13,3,0,,2.698970004,,-5.609061725,3,3,3.8847318,3.8847318,-4.422899076,-4.422899076,8.30803173
2022/9/14,0,0,,,,,0,0,,,,,
2022/9/15,3,1,3.832437632,3.076792547,-4.313690403,-5.173685147,3,1,3.776019036,3.057986348,-4.3701391,-5.191875426,8.250477694
2022/9/16,0,0,,,,,0,0,,,,,
2022/9/17,0,0,,,,,0,0,,,,,
2022/9/18,3,0,,2.698970004,,-5.364700597,3,1,3.922410524,3.106783511,-4.214039216,-4.956198663,8.063670601
2022/9/19,0,0,,,,,0,0,,,,,
2022/9/20,3,0,,2.698970004,,-5.477257591,3,2,4.296655342,3.764093563,-3.89174702,-4.411750752,8.176227595
2022/9/21,0,0,,,,,0,0,,,,,
2022/9/22,3,1,3.680886153,3.026275387,-4.264582432,-4.91444837,3,2,3.770969853,3.41363657,-4.236852757,-4.526561784,7.940723757
2022/9/23,0,0,,,,,0,0,,,,,
2022/9/24,0,0,,,,,0,0,,,,,
2022/9/25,3,0,,2.698970004,,-5.637475944,3,2,4.062482539,3.607978361,-4.37716262,-4.728029624,8.336445949
2022/9/26,0,0,,,,,0,0,,,,,
2022/9/27,0,0,,,,,0,0,,,,,
2022/9/28,0,0,,,,,0,0,,,,,
2022/9/29,0,0,,,,,0,0,,,,,
2022/9/30,0,0,,,,,0,0,,,,,
2022/10/1,0,0,,,,,0,0,,,,,
2022/10/2,3,1,3.654266122,3.017402044,-4.421280839,-5.385557374,3,3,4.063201656,4.063201656,-4.340466834,-4.340466834,8.402959418
2022/10/3,0,0,,,,,0,0,,,,,
2022/10/4,3,2,3.930659107,3.520096073,-4.560071242,-4.82854349,3,3,4.227807875,4.227807875,-4.120442226,-4.120442226,8.348639563
2022/10/5,0,0,,,,,0,0,,,,,
2022/10/6,0,0,,,,,0,0,,,,,
2022/10/7,3,1,3.77631523,3.05808508,-4.61813645,-5.219711381,3,3,3.975158144,3.975158144,-4.302592397,-4.302592397,8.277796461
2022/10/8,0,0,,,,,0,0,,,,,
2022/10/9,3,1,3.606014516,3.001318175,-4.69283856,-5.205915362,3,2,4.324131249,3.782410834,-3.988355912,-4.424744097,8.207233536
2022/10/10,0,0,,,,,0,0,,,,,
2022/10/11,3,0,,2.698970004,,-5.845533559,3,1,3.913459206,3.103799738,-4.506033781,-5.440273093,8.544503564
2022/10/12,0,0,,,,,0,0,,,,,
2022/10/13,3,0,,2.698970004,,-5.605418081,3,3,3.924622916,3.924622916,-4.379700265,-4.379700265,8.304388085
2022/10/14,0,0,,,,,0,0,,,,,
2022/10/15,0,0,,,,,0,0,,,,,
2022/10/16,3,2,3.936762618,3.52416508,-4.457088026,-4.83508022,3,3,3.99343755,3.99343755,-4.366241592,-4.366241592,8.3592453
2022/10/17,0,0,,,,,0,0,,,,,
2022/10/18,3,1,4.248525043,3.21548835,-4.204793297,-5.261754027,3,3,4.081046563,4.081046563,-4.396166457,-4.396166457,8.477242378
2022/10/19,0,0,,,,,0,0,,,,,
2022/10/20,3,2,3.752975176,3.401640119,-4.669620371,-4.900322859,3,2,4.301427204,3.767274804,-4.121132997,-4.535108938,8.301962978
2022/10/21,0,0,,,,,0,0,,,,,
2022/10/22,0,0,,,,,0,0,,,,,
2022/10/23,3,2,3.902101279,3.501057521,-4.364625865,-4.835317638,3,2,3.908885406,3.505580272,-4.437253702,-4.830649975,8.336375159
2022/10/24,0,0,,,,,0,0,,,,,
2022/10/25,3,3,3.991538991,3.991538991,-4.224098745,-4.224098745,3,3,4.015001755,4.015001755,-4.199987854,-4.199987854,8.215637736
2022/10/26,0,0,,,,,0,0,,,,,
2022/10/27,3,3,3.971158981,3.971158981,-4.342281156,-4.342281156,3,3,4.122001069,4.122001069,-4.191334601,-4.191334601,8.313440137
2022/10/28,0,0,,,,,0,0,,,,,
2022/10/29,0,0,,,,,0,0,,,,,
2022/10/30,3,3,3.74434248,3.74434248,-4.517777541,-4.517777541,3,3,3.925510725,3.925510725,-4.336560665,-4.336560665,8.26212002
2022/10/31,0,0,,,,,0,0,,,,,
2022/11/1,3,3,4.347090831,4.347090831,-4.203138574,-4.203138574,3,3,4.195259758,4.195259758,-4.354777768,-4.354777768,8.550229405
2022/11/2,0,0,,,,,0,0,,,,,
2022/11/3,3,3,4.079038562,4.079038562,-4.250219981,-4.250219981,3,3,3.796962892,3.796962892,-4.531383443,-4.531383443,8.329258543
2022/11/4,0,0,,,,,0,0,,,,,
2022/11/5,0,0,,,,,0,0,,,,,
2022/11/6,3,3,4.356818808,4.356818808,-4.022140154,-4.022140154,3,3,3.992252837,3.992252837,-4.386082885,-4.386082885,8.378958962
2022/11/7,0,0,,,,,0,0,,,,,
2022/11/8,0,0,,,,,0,0,,,,,
2022/11/9,0,0,,,,,0,0,,,,,
2022/11/10,3,3,4.287591292,4.287591292,-3.952139494,-3.952139494,3,3,4.045811711,4.045811711,-4.194035522,-4.194035522,8.239730786
2022/11/11,0,0,,,,,0,0,,,,,
2022/11/12,0,0,,,,,0,0,,,,,
2022/11/13,3,3,4.196874495,4.196874495,-4.114577175,-4.114577175,3,2,4.259699461,3.739456309,-4.098113071,-4.571246087,8.31145167
2022/11/14,0,0,,,,,0,0,,,,,
2022/11/15,3,3,4.184894293,4.184894293,-4.15597916,-4.15597916,3,3,4.17666257,4.17666257,-4.164318044,-4.164318044,8.340873453
2022/11/16,0,0,,,,,0,0,,,,,
2022/11/17,3,3,4.094821277,4.094821277,-4.054693908,-4.054693908,3,2,4.050362315,3.599898212,-4.112378571,-4.549107992,8.149515185
2022/11/18,0,0,,,,,0,0,,,,,
2022/11/19,0,0,,,,,0,0,,,,,
2022/11/20,3,3,4.590103823,4.590103823,-4.072430847,-4.072430847,3,3,4.24233209,4.24233209,-4.420130213,-4.420130213,8.662534671
2022/11/21,0,0,,,,,0,0,,,,,
2022/11/22,0,0,,,,,0,0,,,,,
2022/11/23,0,0,,,,,0,0,,,,,
2022/11/24,0,0,,,,,0,0,,,,,
2022/11/25,0,0,,,,,0,0,,,,,
2022/11/26,0,0,,,,,0,0,,,,,
2022/11/27,3,3,4.245339609,4.245339609,-4.251812707,-4.251812707,3,3,3.996379055,3.996379055,-4.500513316,-4.500513316,8.497152316
2022/11/28,0,0,,,,,0,0,,,,,
2022/11/29,3,3,4.57072318,4.57072318,-3.982354485,-3.982354485,3,3,4.371600361,4.371600361,-4.181419418,-4.181419418,8.553077665
2022/11/30,0,0,,,,,0,0,,,,,
2022/12/1,3,3,4.253069735,4.253069735,-3.958565032,-3.958565032,3,2,4.331130622,3.787077083,-3.970941047,-4.424007854,8.211634767
2022/12/2,0,0,,,,,0,0,,,,,
2022/12/3,0,0,,,,,0,0,,,,,
2022/12/4,3,3,4.434644389,4.434644389,-4.31545683,-4.31545683,3,3,4.186945958,4.186945958,-4.563275764,-4.563275764,8.750101218
2022/12/5,0,0,,,,,0,0,,,,,
2022/12/6,3,3,4.502271697,4.502271697,-3.854545515,-3.854545515,3,3,3.936210162,3.936210162,-4.42032533,-4.42032533,8.356817212
2022/12/7,0,0,,,,,0,0,,,,,
2022/12/8,3,3,4.35385809,4.35385809,-3.896219344,-3.896219344,3,2,4.21004169,3.706351128,-4.161058477,-4.543605313,8.250077434
2022/12/9,0,0,,,,,0,0,,,,,
2022/12/10,0,0,,,,,0,0,,,,,
2022/12/11,3,3,4.568873372,4.568873372,-3.886983387,-3.886983387,3,3,4.432818335,4.432818335,-4.023048497,-4.023048497,8.455856758
2022/12/12,0,0,,,,,0,0,,,,,
2022/12/13,3,3,4.287497842,4.287497842,-3.839378146,-3.839378146,3,3,4.10841679,4.10841679,-4.017623049,-4.017623049,8.126875988
2022/12/14,0,0,,,,,0,0,,,,,
2022/12/15,3,3,4.54899923,4.54899923,-3.776542699,-3.776542699,3,2,3.829318931,3.452535955,-4.600913447,-4.872930273,8.325541928
2022/12/16,0,0,,,,,0,0,,,,,
2022/12/17,0,0,,,,,0,0,,,,,
2022/12/18,3,3,4.18465955,4.18465955,-4.115656536,-4.115656536,3,3,4.097721709,4.097721709,-4.202654299,-4.202654299,8.300316086
2022/12/19,0,0,,,,,0,0,,,,,
2022/12/20,0,0,,,,,0,0,,,,,
2022/12/21,0,0,,,,,0,0,,,,,
2022/12/22,0,0,,,,,0,0,,,,,
2022/12/23,0,0,,,,,0,0,,,,,
2022/12/24,0,0,,,,,0,0,,,,,
2022/12/25,0,0,,,,,0,0,,,,,
2022/12/26,3,3,4.489597252,4.489597252,-3.96532055,-3.96532055,3,2,4.045991208,3.59698414,-4.453547922,-4.857644532,8.454917802
2022/12/27,0,0,,,,,0,0,,,,,
2022/12/28,0,0,,,,,0,0,,,,,
2022/12/29,0,0,,,,,0,0,,,,,
2022/12/30,0,0,,,,,0,0,,,,,
2022/12/31,0,0,,,,,0,0,,,,,
2023/1/1,0,0,,,,,0,0,,,,,
2023/1/2,3,3,4.549729237,4.549729237,-4.027827809,-4.027827809,3,3,4.421684188,4.421684188,-4.155425405,-4.155425405,8.577557046
2023/1/3,3,3,4.381263679,4.381263679,-3.86242768,-3.86242768,3,1,4.203336046,3.200425351,-3.881970506,-5.042830904,8.243691358
2023/1/4,1,1,4.721073134,4.721073134,-4.14991568,-4.14991568,1,1,5.077760088,5.077760088,-3.793347118,-3.793347118,8.870988814
2023/1/5,3,3,4.21567107,4.21567107,-3.921723907,-3.921723907,3,3,3.729141861,3.729141861,-4.408535632,-4.408535632,8.137394977
2023/1/6,0,0,,,,,0,0,,,,,
2023/1/7,0,0,,,,,0,0,,,,,
2023/1/8,3,3,4.367503097,4.367503097,-4.26360059,-4.26360059,3,3,4.112167268,4.112167268,-4.518902227,-4.518902227,8.631103687
2023/1/9,1,1,4.617328822,4.617328822,-4.051988059,-4.051988059,1,1,4.792349362,4.792349362,-3.87670449,-3.87670449,8.669316881
2023/1/10,3,3,4.033165263,4.033165263,-4.283909541,-4.283909541,3,2,3.821759692,3.447496462,-4.419968048,-4.86929124,8.317074804
2023/1/11,0,0,,,,,0,0,,,,,
2023/1/12,3,3,4.20323087,4.20323087,-4.081973837,-4.081973837,3,2,4.030523608,3.586672407,-4.321178334,-4.698333729,8.285204707
2023/1/13,0,0,,,,,0,0,,,,,
2023/1/14,0,0,,,,,0,0,,,,,
2023/1/15,3,2,3.875822737,3.483538493,-4.443671342,-4.86325774,3,2,4.325548172,3.783355449,-4.137476624,-4.563197849,8.346796233
2023/1/16,0,0,,,,,0,0,,,,,
2023/1/17,3,3,4.047658169,4.047658169,-4.25844283,-4.25844283,3,2,4.106699723,3.637456483,-4.201403081,-4.668322527,8.306100999
2023/1/18,0,0,,,,,0,0,,,,,
2023/1/19,3,3,3.878144318,3.878144318,-4.281884071,-4.281884071,3,1,3.850772202,3.08290407,-4.290050786,-5.077183351,8.160028389
2023/1/20,0,0,,,,,0,0,,,,,
2023/1/21,0,0,,,,,0,0,,,,,
2023/1/22,3,3,3.788970622,3.788970622,-4.36754143,-4.36754143,3,1,3.609818441,3.00258615,-4.636849357,-5.153716305,8.156512052
2023/1/23,0,0,,,,,0,0,,,,,
2023/1/24,3,3,4.002919595,4.002919595,-4.288092669,-4.288092669,3,1,3.780726218,3.059555409,-4.508069322,-5.232242451,8.291012264
2023/1/25,0,0,,,,,0,0,,,,,
2023/1/26,0,0,,,,,0,0,,,,,
2023/1/27,3,3,3.922678037,3.922678037,-4.277889871,-4.277889871,3,1,3.906091581,3.101343863,-4.354079106,-5.098758863,8.200567908
2023/1/28,0,0,,,,,0,0,,,,,
2023/1/29,3,3,3.861505929,3.861505929,-4.547182342,-4.547182342,3,1,3.667708006,3.021882672,-4.604925988,-5.387373719,8.408688271
2023/1/30,0,0,,,,,0,0,,,,,
2023/1/31,3,2,3.807268998,3.437836,-4.585338955,-4.859639292,3,0,,2.698970004,,-5.598044921,8.297475292
2023/2/1,0,0,,,,,0,0,,,,,
2023/2/2,3,2,3.850008317,3.46632888,-4.552442861,-5.194964222,3,0,,2.698970004,,-5.961847779,8.661293101
2023/2/3,0,0,,,,,0,0,,,,,
2023/2/4,0,0,,,,,0,0,,,,,
2023/2/5,3,1,4.257721361,3.21855379,-4.474672398,-5.149131163,3,2,4.2828756,3.754907068,-4.213489336,-4.613205634,8.367684953
2023/2/6,0,0,,,,,0,0,,,,,
2023/2/7,3,0,,2.698970004,,-5.633848499,3,0,,2.698970004,,-5.633249948,8.332818504
2023/2/8,0,0,,,,,0,0,,,,,
2023/2/9,3,2,3.617322155,3.311204772,-4.553889185,-4.937880694,3,2,3.751476473,3.400640984,-4.573655749,-4.84891333,8.249085466
2023/2/10,0,0,,,,,0,0,,,,,
2023/2/11,3,0,,2.698970004,,-5.700640252,3,2,3.976373005,3.550572005,-4.523607108,-4.849237277,8.399610257
2023/2/12,0,0,,,,,0,0,,,,,
2023/2/13,0,0,,,,,0,0,,,,,
2023/2/14,3,1,3.943087983,3.113675997,-4.40130429,-5.049125916,3,0,,2.698970004,,-5.463591223,8.162801913
2023/2/15,0,0,,,,,0,0,,,,,
2023/2/16,3,1,3.931018425,3.109652811,-4.316954841,-5.35661293,3,1,3.661113678,3.019684562,-4.586744514,-5.446534095,8.466265741
2023/2/17,0,0,,,,,0,0,,,,,
2023/2/18,0,0,,,,,0,0,,,,,
2023/2/19,3,0,,2.698970004,,-6.002233143,3,0,,2.698970004,,-6.002581556,8.701203147
2023/2/20,0,0,,,,,0,0,,,,,
2023/2/21,3,0,,2.698970004,,-5.477767541,3,1,3.746481009,3.048140339,-4.430922795,-5.127207094,8.176737546
2023/2/22,0,0,,,,,0,0,,,,,
2023/2/23,3,0,,2.698970004,,-5.836604426,3,0,,2.698970004,,-5.836076599,8.53557443
2023/2/24,0,0,,,,,0,0,,,,,
2023/2/25,0,0,,,,,0,0,,,,,
2023/2/26,3,0,,2.698970004,,-5.399844624,3,1,4.025345539,3.141095182,-4.449681697,-4.957832536,8.098814628
2023/2/27,0,0,,,,,0,0,,,,,
2023/2/28,0,0,,,,,0,0,,,,,
2023/3/1,0,0,,,,,0,0,,,,,
2023/3/2,3,0,,2.698970004,,-5.550730724,3,1,3.767504708,3.055148239,-4.380322532,-5.194358964,8.249700728
2023/3/3,0,0,,,,,0,0,,,,,
2023/3/4,0,0,,,,,0,0,,,,,
2023/3/5,3,0,,2.698970004,,-5.687484045,3,0,,2.698970004,,-5.687608083,8.386454049
2023/3/6,0,0,,,,,0,0,,,,,
2023/3/7,3,0,,2.698970004,,-5.817604527,3,2,3.970190723,3.546450484,-4.6841264,-4.969564645,8.516574531
2023/3/8,0,0,,,,,0,0,,,,,
2023/3/9,3,0,,2.698970004,,-5.278309853,3,1,3.665800109,3.021246706,-4.595362379,-4.955616572,7.977279857
2023/3/10,0,0,,,,,0,0,,,,,
2023/3/11,0,0,,,,,0,0,,,,,
2023/3/12,3,0,,2.698970004,,-5.67424284,3,0,,2.698970004,,-5.674280184,8.373212844
2023/3/13,0,0,,,,,0,0,,,,,
2023/3/14,3,0,,2.698970004,,-5.501818155,3,2,3.77293558,3.414947055,-4.550401924,-4.785639052,8.200788159
2023/3/15,0,0,,,,,0,0,,,,,
2023/3/16,3,0,,2.698970004,,-5.51892569,3,1,3.480405884,2.959448631,-4.664170293,-5.257875138,8.217895694
2023/3/17,0,0,,,,,0,0,,,,,
2023/3/18,0,0,,,,,0,0,,,,,
2023/3/19,3,0,,2.698970004,,-5.704851648,3,1,4.733176429,3.377038812,-3.655172934,-5.026121536,8.403821652
2023/3/20,0,0,,,,,0,0,,,,,
2023/3/21,0,0,,,,,0,0,,,,,
2023/3/22,0,0,,,,,0,0,,,,,
2023/3/23,3,1,3.727888006,3.041942672,-4.856443218,-5.159980202,3,0,,2.698970004,,-5.502741258,8.201922874
2023/3/24,0,0,,,,,0,0,,,,,
2023/3/25,0,0,,,,,0,0,,,,,
2023/3/26,3,1,4.215485444,3.204475151,-4.3003884,-5.041964137,3,1,4.458539062,3.285493023,-4.056646541,-4.961168877,8.246439288
2023/3/27,0,0,,,,,0,0,,,,,
2023/3/28,3,0,,2.698970004,,-5.668928271,3,0,,2.698970004,,-5.669557021,8.367898275
2023/3/29,0,0,,,,,0,0,,,,,
2023/3/30,3,0,,2.698970004,,-5.529747813,3,1,3.754719197,3.050886402,-4.676989593,-5.177618569,8.228717817
2023/3/31,0,0,,,,,0,0,,,,,
2023/4/1,0,0,,,,,0,0,,,,,
2023/4/2,3,0,,2.698970004,,-5.645950332,3,0,,2.698970004,,-5.645717063,8.344920337
2023/4/3,0,0,,,,,0,0,,,,,
2023/4/4,3,1,3.590223432,2.99605448,-4.422613793,-5.180429491,3,1,3.891258369,3.096399459,-4.11944189,-5.079177415,8.176483972
2023/4/5,0,0,,,,,0,0,,,,,
2023/4/6,3,1,3.820349364,3.072763124,-4.44916358,-5.100534845,3,0,,2.698970004,,-5.474081513,8.173297969
2023/4/7,0,0,,,,,0,0,,,,,
2023/4/8,0,0,,,,,0,0,,,,,
2023/4/9,3,1,3.639974809,3.012638273,-4.786536452,-5.261212042,3,1,3.639974809,3.012638273,-4.787148321,-5.26153918,8.273850314
2023/4/10,0,0,,,,,0,0,,,,,
2023/4/11,3,0,,2.698970004,,-5.738016113,3,0,,2.698970004,,-5.737343721,8.436986118
2023/4/12,0,0,,,,,0,0,,,,,
2023/4/13,3,0,,2.698970004,,-5.608660484,3,0,,2.698970004,,-5.608841015,8.307630488
2023/4/14,0,0,,,,,0,0,,,,,
2023/4/15,0,0,,,,,0,0,,,,,
2023/4/16,3,0,,2.698970004,,-5.806304337,3,0,,2.698970004,,-5.806651926,8.505274341
2023/4/17,0,0,,,,,0,0,,,,,
2023/4/18,2,0,,2.698970004,,-5.747561163,2,0,,2.698970004,,-5.747615925,8.446531167
2023/4/19,1,0,,2.698970004,,-5.322219295,1,0,,2.698970004,,-5.323712868,8.021189299
2023/4/20,0,0,,,,,0,0,,,,,
2023/4/21,0,0,,,,,0,0,,,,,
2023/4/22,0,0,,,,,0,0,,,,,
2023/4/23,0,0,,,,,0,0,,,,,
2023/4/24,0,0,,,,,0,0,,,,,
2023/4/25,3,0,,2.698970004,,-5.728744223,3,0,,2.698970004,,-5.728957468,8.427714227
2023/4/26,0,0,,,,,0,0,,,,,
2023/4/27,3,1,3.678871925,3.025603978,-4.227463117,-5.059664969,3,0,,2.698970004,,-5.386007278,8.085268947
2023/4/28,0,0,,,,,0,0,,,,,
2023/4/29,0,0,,,,,0,0,,,,,
2023/4/30,3,0,,2.698970004,,-5.577763673,3,0,,2.698970004,,-5.577303688,8.276733677
2023/5/1,0,0,,,,,0,0,,,,,
2023/5/2,3,0,,2.698970004,,-5.588206619,3,0,,2.698970004,,-5.588250542,8.287176624
2023/5/3,0,0,,,,,0,0,,,,,
2023/5/4,3,0,,2.698970004,,-5.631429972,3,0,,2.698970004,,-5.631147666,8.330399976
2023/5/5,0,0,,,,,0,0,,,,,
2023/5/6,0,0,,,,,0,0,,,,,
2023/5/7,3,0,,2.698970004,,-5.586615191,3,0,,2.698970004,,-5.585604178,8.285585196
2023/5/8,0,0,,,,,0,0,,,,,
2023/5/9,3,0,,2.698970004,,-5.538016575,3,0,,2.698970004,,-5.538333618,8.23698658
2023/5/10,0,0,,,,,0,0,,,,,
2023/5/11,3,0,,2.698970004,,-5.717614197,3,0,,2.698970004,,-5.717320857,8.416584201
2023/5/12,0,0,,,,,0,0,,,,,
2023/5/13,0,0,,,,,0,0,,,,,
2023/5/14,0,0,,,,,0,0,,,,,
2023/5/15,0,0,,,,,0,0,,,,,
2023/5/16,3,0,,2.698970004,,-5.399671116,3,0,,2.698970004,,-5.399348673,8.09864112
2023/5/17,0,0,,,,,0,0,,,,,
2023/5/18,2,0,,2.698970004,,-5.593195608,2,0,,2.698970004,,-5.59279799,8.292165612
2023/5/19,0,0,,,,,0,0,,,,,
2023/5/20,0,0,,,,,0,0,,,,,
2023/5/21,3,0,,2.698970004,,-5.575289596,3,0,,2.698970004,,-5.575402778,8.274259601
2023/5/22,0,0,,,,,0,0,,,,,
2023/5/23,3,0,,2.698970004,,-5.616113889,3,1,3.608186907,3.002042305,-4.893567757,-5.312484001,8.315083893
2023/5/24,0,0,,,,,0,0,,,,,
2023/5/25,3,0,,2.698970004,,-5.461612124,3,0,,2.698970004,,-5.460602183,8.160582128
2023/5/26,0,0,,,,,0,0,,,,,
2023/5/27,0,0,,,,,0,0,,,,,
2023/5/28,2,0,,2.698970004,,-5.715623968,2,0,,2.698970004,,-5.71552565,8.414593973
2023/5/29,1,0,,2.698970004,,-5.414973348,1,0,,2.698970004,,-5.416043741,8.113943352
2023/5/30,2,0,,2.698970004,,-5.653790802,2,0,,2.698970004,,-5.654288496,8.352760807
2023/5/31,1,0,,2.698970004,,-5.211120541,1,0,,2.698970004,,-5.211073049,7.910090546
,,,,,,,,,,,,,
