date,T_low,T_med,T_upper,R_low,R_med,R_upper
2022/1/15,0.503309857,0.606949027,0.723306779,0.480622662,0.60186162,0.74365409
2022/1/16,0.506963993,0.604962975,0.713630631,0.484821295,0.599700523,0.731411489
2022/1/17,0.510105354,0.603279983,0.705097541,0.48839993,0.597655828,0.720472011
2022/1/18,0.512927693,0.602028662,0.698202605,0.491550353,0.595971484,0.71146813
2022/1/19,0.515456755,0.601703505,0.693460794,0.494228316,0.595134406,0.704911257
2022/1/20,0.518376131,0.602544289,0.690833915,0.497170419,0.595238763,0.700237266
2022/1/21,0.521964965,0.604828047,0.690379987,0.500660186,0.596541748,0.697591401
2022/1/22,0.526987932,0.608993871,0.692184338,0.505121084,0.599628486,0.697996571
2022/1/23,0.534072114,0.615297505,0.696548976,0.511010794,0.604530699,0.700548053
2022/1/24,0.543562915,0.623930854,0.703677688,0.518508117,0.611429704,0.705875556
2022/1/25,0.555474019,0.634771037,0.713586944,0.528149359,0.620351867,0.713556805
2022/1/26,0.569282808,0.647735261,0.725351853,0.539490033,0.631136295,0.723595096
2022/1/27,0.584942728,0.66248216,0.739635373,0.552752877,0.64332371,0.735881552
2022/1/28,0.602297847,0.67850543,0.756244194,0.567018615,0.656894718,0.750164877
2022/1/29,0.620292103,0.69570854,0.774712164,0.581956548,0.671543088,0.766176845
2022/1/30,0.638283098,0.713628933,0.794776063,0.597038137,0.686703832,0.783168712
2022/1/31,0.656161165,0.731810964,0.815481139,0.611937794,0.702374685,0.801013595
2022/2/1,0.673920012,0.750235326,0.837418234,0.627341234,0.718256424,0.819546146
2022/2/2,0.691374775,0.768749894,0.858885814,0.642776366,0.734360244,0.838610267
2022/2/3,0.708606496,0.78714987,0.880286565,0.657919481,0.750363316,0.857875719
2022/2/4,0.72528984,0.805040887,0.90165035,0.672613863,0.766397321,0.87690986
2022/2/5,0.741058877,0.822128726,0.921362536,0.686755758,0.782053767,0.895269422
2022/2/6,0.756013088,0.838201371,0.939907796,0.700520375,0.797151854,0.913309604
2022/2/7,0.769961415,0.853191926,0.956159621,0.713540463,0.811394717,0.929789288
2022/2/8,0.782569895,0.866939224,0.97068285,0.726012702,0.824914472,0.945166269
2022/2/9,0.79414306,0.879476795,0.983182867,0.737748442,0.837828072,0.959485162
2022/2/10,0.804646987,0.890951157,0.995213851,0.748255178,0.849913428,0.972567123
2022/2/11,0.814469691,0.901503914,1.005394286,0.758390172,0.861679445,0.985075772
2022/2/12,0.823608219,0.911458496,1.015078219,0.768602673,0.873128646,0.997075449
2022/2/13,0.83248468,0.921188807,1.025017961,0.778536182,0.884683811,1.009246506
2022/2/14,0.841232672,0.930827716,1.034396567,0.788926443,0.896076605,1.021655528
2022/2/15,0.849559103,0.939980718,1.04342001,0.798777906,0.907000167,1.033875658
2022/2/16,0.856686927,0.948001879,1.05143129,0.807580343,0.917046257,1.045032252
2022/2/17,0.86235675,0.954647545,1.0577512,0.815346216,0.926063196,1.05503749
2022/2/18,0.867273401,0.960163272,1.062562301,0.821910912,0.934081089,1.063497629
2022/2/19,0.87084035,0.964875608,1.066770176,0.827669326,0.941457383,1.071379262
2022/2/20,0.87374795,0.969171324,1.070472552,0.83347981,0.948312394,1.078664537
2022/2/21,0.876639122,0.973387348,1.074351484,0.83863654,0.955282116,1.085748977
2022/2/22,0.880233981,0.978096901,1.079233812,0.845142838,0.962870412,1.094207554
2022/2/23,0.885625937,0.983924161,1.085391365,0.853071023,0.971322476,1.104225836
2022/2/24,0.892930579,0.991006338,1.093186228,0.862431425,0.980718067,1.115763048
2022/2/25,0.901930651,0.999282659,1.102926805,0.872786,0.990942427,1.128917774
2022/2/26,0.912037678,1.008621437,1.114607436,0.883948059,1.002094106,1.143970052
2022/2/27,0.922129055,1.0183846,1.127366199,0.894149289,1.012768199,1.160134835
2022/2/28,0.93148986,1.027525648,1.139830746,0.902783511,1.022271756,1.175171704
2022/3/1,0.938842237,1.034954736,1.150630117,0.909340725,1.029470389,1.187301571
2022/3/2,0.943403993,1.039865882,1.158841017,0.912499363,1.033583444,1.195700755
2022/3/3,0.945609594,1.04199013,1.16223136,0.913123115,1.034326233,1.198209648
2022/3/4,0.94473563,1.041268457,1.161593768,0.910858688,1.031654208,1.195344329
2022/3/5,0.941675657,1.037780158,1.15688459,0.906041403,1.025839345,1.186746434
2022/3/6,0.936423638,1.03181854,1.148463681,0.89924855,1.017178733,1.174194709
2022/3/7,0.929241617,1.023896515,1.137829041,0.889491604,1.006230607,1.158039923
2022/3/8,0.920198036,1.014347648,1.124965192,0.878001231,0.993418913,1.139823989
2022/3/9,0.909883879,1.003694151,1.11106116,0.864942567,0.979250383,1.119679655
2022/3/10,0.899171997,0.992727135,1.097501986,0.850847217,0.964430913,1.099698293
2022/3/11,0.888190166,0.981863765,1.084004704,0.836321649,0.949605275,1.080601027
2022/3/12,0.877753243,0.971395914,1.071655412,0.822316938,0.934986148,1.062056519
2022/3/13,0.867972864,0.961598865,1.060260506,0.808574924,0.921112599,1.045371853
2022/3/14,0.859024737,0.952599115,1.049968803,0.795422574,0.907864469,1.029471344
2022/3/15,0.85081462,0.944523201,1.040905082,0.782957556,0.895443592,1.014626078
2022/3/16,0.843726421,0.937327707,1.033046514,0.771638143,0.883982163,1.001244226
2022/3/17,0.837660797,0.930931149,1.025961501,0.761389892,0.873280795,0.988734961
2022/3/18,0.832467213,0.925208901,1.019603916,0.752200042,0.863371614,0.977785728
2022/3/19,0.827183518,0.919792105,1.013564874,0.744139336,0.854177284,0.96738066
2022/3/20,0.822527788,0.914795544,1.008600985,0.736654728,0.845858425,0.958418876
2022/3/21,0.818667904,0.910434273,1.003793391,0.72998158,0.838451266,0.949815821
2022/3/22,0.815070174,0.906796659,0.999307279,0.724451863,0.832141089,0.942794115
2022/3/23,0.812572941,0.903903718,0.996130805,0.720429557,0.827030826,0.936942102
2022/3/24,0.811168946,0.901602963,0.994052187,0.717057256,0.823143781,0.932694489
2022/3/25,0.810348073,0.900529708,0.993193785,0.714647409,0.819980601,0.929491103
2022/3/26,0.810483126,0.900324518,0.993212141,0.713697897,0.817796972,0.927455094
2022/3/27,0.811644697,0.900950834,0.994140371,0.712959327,0.816200399,0.926176223
2022/3/28,0.813549645,0.902342651,0.996194878,0.712852549,0.815451768,0.925563991
2022/3/29,0.815818817,0.904313794,0.998587384,0.713452391,0.814988772,0.925723788
2022/3/30,0.818376892,0.906530838,1.001501514,0.71318509,0.814540079,0.926061571
2022/3/31,0.821115303,0.908806771,1.004300174,0.713085908,0.814165001,0.925883501
2022/4/1,0.823506364,0.910898941,1.007273108,0.713097809,0.813874282,0.925601365
2022/4/2,0.825604714,0.912603792,1.009412506,0.713083762,0.813457616,0.925094547
2022/4/3,0.826516791,0.913715728,1.010838529,0.712706161,0.812675909,0.924365322
2022/4/4,0.826820755,0.91407359,1.011098139,0.711655663,0.812066785,0.922912156
2022/4/5,0.826395176,0.914195568,1.011046512,0.711138935,0.811715581,0.922273456
2022/4/6,0.82586827,0.914019801,1.01051731,0.710738097,0.811900899,0.922221072
2022/4/7,0.825582847,0.913903818,1.009908861,0.710846085,0.812596447,0.922594497
2022/4/8,0.825111402,0.913803815,1.009653506,0.711890387,0.814281633,0.924042273
2022/4/9,0.82523869,0.913875645,1.009642439,0.713704283,0.816770848,0.92680631
2022/4/10,0.825302436,0.914355783,1.01014183,0.716455482,0.820032205,0.93055905
2022/4/11,0.826311295,0.915490726,1.011216168,0.720468713,0.824277532,0.935515351
2022/4/12,0.82766215,0.916914522,1.012757042,0.72509336,0.829454998,0.941229019
2022/4/13,0.829785977,0.919067182,1.015251356,0.731262005,0.835752219,0.948619673
2022/4/14,0.832422061,0.922046907,1.018628546,0.738539032,0.843073677,0.957757603
2022/4/15,0.835913404,0.925810825,1.022897419,0.747125445,0.851767419,0.968400214
2022/4/16,0.839843466,0.930048661,1.028292262,0.756529685,0.861496732,0.980494204
2022/4/17,0.843872636,0.934298522,1.034234464,0.766452936,0.871739131,0.994179636
2022/4/18,0.846968596,0.937721655,1.039450018,0.776653371,0.882001204,1.00683387
2022/4/19,0.848565348,0.939805254,1.04224337,0.785987203,0.891415918,1.019076533
2022/4/20,0.848308213,0.940008795,1.042732815,0.79393144,0.899907419,1.030164516
2022/4/21,0.84613313,0.938681301,1.041026763,0.80039444,0.907239143,1.038638041
2022/4/22,0.842884195,0.936059536,1.037343212,0.805782019,0.913223753,1.045626072
2022/4/23,0.838616781,0.932408429,1.032380824,0.809823721,0.917886829,1.050071691
2022/4/24,0.833735135,0.92824973,1.026730393,0.812766219,0.9219436,1.053408377
2022/4/25,0.828359775,0.924284227,1.021306757,0.815386616,0.925402602,1.056125237
2022/4/26,0.82362315,0.921040357,1.017016734,0.817762329,0.928821647,1.058397333
2022/4/27,0.82047246,0.919206695,1.01466702,0.820413139,0.932492031,1.061477795
2022/4/28,0.819767814,0.919008866,1.014148749,0.823768199,0.936430565,1.065073112
2022/4/29,0.821215481,0.920739033,1.01573135,0.827172866,0.940784508,1.06922372
2022/4/30,0.824649927,0.924319288,1.019512845,0.831277289,0.945520545,1.074083222
2022/5/1,0.830056111,0.929349042,1.025358811,0.835299728,0.950763535,1.079849028
2022/5/2,0.837119579,0.935739225,1.032284303,0.839498042,0.956108212,1.085773846
2022/5/3,0.845081658,0.943249743,1.040724787,0.843891576,0.961467778,1.091448837
2022/5/4,0.853961845,0.951628419,1.050386422,0.848487758,0.966765355,1.097839772
2022/5/5,0.863123031,0.96046673,1.060505592,0.85270944,0.972429577,1.103462728
2022/5/6,0.872307227,0.96942401,1.070825365,0.857966289,0.978022408,1.109576445
2022/5/7,0.881226483,0.978357235,1.081185821,0.862987489,0.984035659,1.116292981
2022/5/8,0.890240021,0.987377687,1.092241548,0.868339127,0.990261471,1.123052527
2022/5/9,0.898754806,0.996030801,1.102452205,0.874436754,0.996817894,1.130663646
2022/5/10,0.906797932,1.004280127,1.112307069,0.880263914,1.00345508,1.138104945
2022/5/11,0.914212306,1.012035759,1.121221754,0.886098412,1.010244625,1.145541142
2022/5/12,0.920821343,1.0189975,1.12904987,0.892128931,1.017032471,1.15225547
2022/5/13,0.92662338,1.02548163,1.136358592,0.897778654,1.023499061,1.159398267
2022/5/14,0.931828496,1.0312792,1.142275579,0.903138139,1.029838296,1.16619305
2022/5/15,0.936342025,1.036455098,1.147562336,0.90803292,1.036114263,1.172933031
2022/5/16,0.940594541,1.041365579,1.152777537,0.912685988,1.042239884,1.180241008
2022/5/17,0.944883415,1.046051292,1.157962105,0.917909091,1.048616239,1.18807563
2022/5/18,0.949649613,1.05094615,1.163062638,0.92387829,1.055585865,1.195901187
2022/5/19,0.954258563,1.056365235,1.169023769,0.930709218,1.063512085,1.2047441
2022/5/20,0.959548946,1.062249358,1.175646216,0.939099746,1.072080243,1.214959742
2022/5/21,0.965272891,1.068841611,1.183262351,0.948425867,1.081358191,1.225873691
2022/5/22,0.972242716,1.076097176,1.19162187,0.958871617,1.09144342,1.237805966
2022/5/23,0.980035599,1.083882741,1.200944721,0.969805073,1.102283814,1.251085156
2022/5/24,0.988351218,1.092033451,1.211065615,0.981080364,1.113716013,1.265127956
2022/5/25,0.996947212,1.100476717,1.221120527,0.992422972,1.12510012,1.279683621
2022/5/26,1.005516072,1.108652513,1.232103114,1.003305668,1.135818256,1.294195101
2022/5/27,1.013677667,1.116661236,1.242432988,1.013028162,1.145757764,1.308542654
2022/5/28,1.021047907,1.124024861,1.252386608,1.020904625,1.154563668,1.321719328
2022/5/29,1.027355433,1.130230852,1.261349224,1.027908932,1.161843203,1.33289397
2022/5/30,1.031428038,1.134942341,1.267609546,1.032412043,1.167343047,1.340808894
2022/5/31,1.033671067,1.137300824,1.271010997,1.035374005,1.170327195,1.345279541
2022/6/1,1.033927964,1.13729097,1.271842811,1.035571687,1.170928173,1.346650854
2022/6/2,1.031929262,1.134731073,1.268153092,1.034385016,1.169077206,1.344592211
2022/6/3,1.027569358,1.12966015,1.261483359,1.03094342,1.165241769,1.339783428
2022/6/4,1.020844819,1.122247161,1.250897621,1.026213103,1.159439035,1.330977315
2022/6/5,1.01300741,1.113031283,1.237937277,1.019780369,1.152032317,1.320299867
2022/6/6,1.003585047,1.102628812,1.222667429,1.012264994,1.143503631,1.308388381
2022/6/7,0.992390334,1.09093497,1.206571927,1.002979305,1.133929919,1.295543947
2022/6/8,0.980077147,1.078389972,1.19018247,0.992869053,1.122859331,1.28055123
2022/6/9,0.967112468,1.065200947,1.17351785,0.981776218,1.110589653,1.264395734
2022/6/10,0.953749084,1.052235211,1.157649411,0.968771726,1.097690625,1.247759692
2022/6/11,0.940673744,1.039958922,1.143109914,0.955289947,1.084313005,1.230708828
2022/6/12,0.927993804,1.028682852,1.130076685,0.941852304,1.071196666,1.213907715
2022/6/13,0.917227013,1.018885172,1.119510099,0.928649018,1.05876098,1.199052201
2022/6/14,0.909248751,1.011419691,1.111198978,0.91796326,1.047836927,1.185733228
2022/6/15,0.904167548,1.006168454,1.105463888,0.908764349,1.038470641,1.174656327
2022/6/16,0.902053488,1.003203786,1.101778786,0.901907273,1.030922344,1.166296714
2022/6/17,0.902015681,1.002142371,1.100255219,0.896416427,1.024929756,1.159682226
2022/6/18,0.904194101,1.002776648,1.100950556,0.892611335,1.019770019,1.153970396
2022/6/19,0.907985758,1.005191505,1.10342808,0.889876628,1.015959621,1.150302916
2022/6/20,0.912696428,1.008899009,1.107945311,0.887639726,1.012706457,1.147635492
2022/6/21,0.918629728,1.013364161,1.113769955,0.885631117,1.009479949,1.144286803
2022/6/22,0.924494017,1.018203974,1.120004425,0.883351011,1.005832893,1.140367005
2022/6/23,0.93008429,1.022985104,1.126537875,0.879630764,1.001793645,1.135240016
2022/6/24,0.93468946,1.027271469,1.132904335,0.875273166,0.997312504,1.129780709
2022/6/25,0.937470008,1.030355444,1.137723398,0.869859257,0.992025028,1.123015751
2022/6/26,0.938783656,1.03206084,1.140126972,0.863863689,0.986358701,1.115893121
2022/6/27,0.938646209,1.032127463,1.140253944,0.857681913,0.980477859,1.108998429
2022/6/28,0.937679826,1.031360977,1.138978769,0.851322195,0.975317439,1.102370786
2022/6/29,0.93594774,1.02977419,1.136779618,0.846344415,0.970995822,1.097714578
2022/6/30,0.934269984,1.028101451,1.134055452,0.842601735,0.968506516,1.094796591
2022/7/1,0.933004581,1.026640997,1.131686323,0.841227942,0.967861428,1.093804225
2022/7/2,0.931376212,1.025246889,1.129184506,0.841879923,0.968994287,1.095501519
2022/7/3,0.930554693,1.02456536,1.127633653,0.844857957,0.972419175,1.099406046
2022/7/4,0.929958218,1.024207315,1.126699981,0.849926282,0.977797929,1.10535503
2022/7/5,0.929845843,1.024136293,1.127028105,0.857619592,0.985134516,1.113519102
2022/7/6,0.930248848,1.02462257,1.127373732,0.8667524,0.993858175,1.123838082
2022/7/7,0.930904892,1.025572362,1.12849028,0.877341165,1.003386956,1.135741226
2022/7/8,0.932039613,1.026987296,1.129679784,0.887849418,1.013905947,1.148595893
2022/7/9,0.933381403,1.028704419,1.131999392,0.898875752,1.024588068,1.16141522
2022/7/10,0.935160087,1.030603771,1.134516296,0.909979812,1.035528434,1.175616716
2022/7/11,0.936838585,1.032900099,1.137653947,0.920644694,1.046332566,1.188987815
2022/7/12,0.939161884,1.035534551,1.1410836,0.930864164,1.057118761,1.202354709
2022/7/13,0.942128426,1.038666114,1.144803498,0.940694205,1.067775069,1.215126028
2022/7/14,0.945652936,1.04241226,1.149494984,0.950694084,1.078130331,1.227858522
2022/7/15,0.949902242,1.046609633,1.15431109,0.960380873,1.08826007,1.240866211
2022/7/16,0.954559996,1.05104233,1.159398456,0.969308155,1.09806013,1.252453852
2022/7/17,0.95847661,1.055100545,1.163373332,0.978054602,1.107158926,1.263827203
2022/7/18,0.961582414,1.058366355,1.167376273,0.985707981,1.115416369,1.273691619
2022/7/19,0.964011677,1.060627127,1.169710768,0.992237075,1.122671479,1.280945198
2022/7/20,0.965064056,1.062137838,1.171181936,0.997815833,1.128734189,1.287843811
2022/7/21,0.966342982,1.063561716,1.172277735,1.002913037,1.134599981,1.2939013
2022/7/22,0.96778661,1.064958497,1.17346667,1.008128685,1.14026146,1.300180718
2022/7/23,0.969419401,1.066754956,1.175336705,1.013203752,1.145821005,1.30584761
2022/7/24,0.971820663,1.069220339,1.177493056,1.018350529,1.151331239,1.312284949
2022/7/25,0.974679174,1.072032291,1.180731962,1.023251908,1.156843309,1.31896533
2022/7/26,0.977849473,1.075182371,1.184493941,1.027254004,1.161758534,1.32603915
2022/7/27,0.980757114,1.078241564,1.188501471,1.030995997,1.166039567,1.331338672
2022/7/28,0.983527502,1.081067066,1.191925689,1.03408512,1.169299441,1.335342577
2022/7/29,0.985777167,1.083378466,1.194773255,1.035917536,1.171669481,1.337735664
2022/7/30,0.986985419,1.084909635,1.19664963,1.036685183,1.172888705,1.338275342
2022/7/31,0.987310167,1.085691245,1.197810302,1.036652445,1.17292445,1.33735794
2022/8/1,0.987218047,1.085679422,1.197789785,1.036142342,1.171976682,1.335370371
2022/8/2,0.986551073,1.084818246,1.19707538,1.034068176,1.169994071,1.332422099
2022/8/3,0.984881264,1.083650469,1.196453143,1.031521863,1.16764225,1.329126933
2022/8/4,0.983273741,1.081969253,1.194662377,1.028380743,1.164758849,1.324603933
2022/8/5,0.981288336,1.080136916,1.192088316,1.02497922,1.161389496,1.320665556
2022/8/6,0.979368313,1.078184138,1.189685914,1.02105718,1.157763307,1.316152826
2022/8/7,0.977842511,1.07657315,1.187440339,1.017922298,1.154341026,1.311034155
2022/8/8,0.976334013,1.07539683,1.185584914,1.015026405,1.150956692,1.306639988
2022/8/9,0.975513374,1.074311778,1.184268841,1.011914406,1.147827255,1.302779219
2022/8/10,0.974673838,1.073142703,1.182749861,1.008997687,1.144484498,1.298631916
2022/8/11,0.973093315,1.071621614,1.180508119,1.0054478,1.140705659,1.293379456
2022/8/12,0.971512843,1.069981978,1.178526686,1.001361,1.136761352,1.287928788
2022/8/13,0.969369969,1.068096564,1.176260961,0.997276607,1.13276176,1.283168424
2022/8/14,0.967099532,1.06597032,1.174403517,0.992913213,1.12878154,1.277717318
2022/8/15,0.964068526,1.063773125,1.171694773,0.988315902,1.124512164,1.272640488
2022/8/16,0.960858178,1.061300501,1.168792735,0.983042813,1.120027468,1.266801968
2022/8/17,0.957505025,1.058620227,1.165666834,0.977548591,1.115730667,1.261163559
2022/8/18,0.95418872,1.056173731,1.161979694,0.972240633,1.111545028,1.256000016
2022/8/19,0.951485758,1.054661113,1.159884968,0.967184435,1.107898156,1.251347849
2022/8/20,0.950619731,1.054473553,1.159283046,0.963525815,1.105600391,1.24868734
2022/8/21,0.951987839,1.056098574,1.160816722,0.961736035,1.105118585,1.248214289
2022/8/22,0.95559174,1.059694222,1.164895202,0.962918113,1.106686521,1.249777012
2022/8/23,0.961714995,1.065465286,1.171184829,0.966208593,1.110444867,1.254214079
2022/8/24,0.969840163,1.073615302,1.180575573,0.972791497,1.116967398,1.262029771
2022/8/25,0.9802439,1.083653874,1.1921667,0.982637457,1.126210874,1.272450377
2022/8/26,0.992951071,1.09579369,1.206718206,0.994674041,1.137568856,1.28610859
2022/8/27,1.006426744,1.109141327,1.223147436,1.009649183,1.151074735,1.302592916
2022/8/28,1.01963638,1.123003514,1.240848176,1.024908976,1.165587544,1.320518332
2022/8/29,1.032017531,1.136322971,1.258291342,1.039591771,1.179916974,1.339135571
2022/8/30,1.042835641,1.148141271,1.273299834,1.052721347,1.193468617,1.357314298
2022/8/31,1.051608485,1.157733411,1.284586621,1.064301624,1.205341319,1.372197339
2022/9/1,1.058116968,1.16491657,1.293131223,1.07315069,1.215376293,1.384002427
2022/9/2,1.062573632,1.170101995,1.297669458,1.080714538,1.223629357,1.393116442
2022/9/3,1.065117415,1.173776203,1.29950951,1.086337759,1.230540939,1.399004671
2022/9/4,1.067400444,1.176471812,1.300435765,1.090916803,1.236355032,1.403665948
2022/9/5,1.068547806,1.179134978,1.301462619,1.095575986,1.242063217,1.408615118
2022/9/6,1.070352432,1.182382996,1.304456821,1.10005672,1.248073605,1.414302501
2022/9/7,1.072789221,1.18650048,1.308701227,1.105177812,1.254570529,1.42093566
2022/9/8,1.076289987,1.191764371,1.31448072,1.111405719,1.262101465,1.428980933
2022/9/9,1.081720568,1.198663832,1.322022306,1.118803191,1.270522243,1.438500119
2022/9/10,1.088777335,1.207260055,1.331319018,1.127226601,1.280331117,1.449829847
2022/9/11,1.097937163,1.217159105,1.341917737,1.136128589,1.29094917,1.461521234
2022/9/12,1.107857666,1.227660178,1.35331173,1.14605023,1.301498109,1.474704301
2022/9/13,1.117730419,1.238673194,1.36575861,1.155438755,1.312304923,1.486891714
2022/9/14,1.127831173,1.24989585,1.37870743,1.165081283,1.322760543,1.498071458
2022/9/15,1.137653204,1.261036216,1.391591837,1.174413749,1.3327231,1.508921653
2022/9/16,1.146651871,1.27177499,1.403896722,1.18250457,1.341816975,1.518369475
2022/9/17,1.155199219,1.281855485,1.415007384,1.189144425,1.349988977,1.52696335
2022/9/18,1.163013284,1.291539537,1.426116354,1.195268501,1.357485076,1.534706306
2022/9/19,1.171231955,1.301164367,1.436370593,1.200634697,1.364599422,1.54267317
2022/9/20,1.179184187,1.311150711,1.447430528,1.205922164,1.371989017,1.550551958
2022/9/21,1.188883007,1.322110262,1.459573601,1.212467812,1.379901359,1.55977808
2022/9/22,1.200666568,1.334322501,1.473467714,1.22034839,1.388763726,1.569590394
2022/9/23,1.213927354,1.348093142,1.48960036,1.230053938,1.398940057,1.581288687
2022/9/24,1.228641219,1.363193545,1.50718379,1.241022548,1.410064831,1.595405717
2022/9/25,1.244354066,1.379084013,1.525868611,1.254131328,1.422836529,1.610570865
2022/9/26,1.260440855,1.395694974,1.546763137,1.2678133,1.436171524,1.626695885
2022/9/27,1.276011444,1.412329607,1.56831015,1.281596101,1.449663011,1.644766394
2022/9/28,1.291529623,1.428657003,1.590048198,1.295186869,1.463090477,1.662388753
2022/9/29,1.306206665,1.44405056,1.610713834,1.307456872,1.475767049,1.68063148
2022/9/30,1.318952354,1.45775072,1.629924767,1.318289411,1.487199246,1.698077037
2022/10/1,1.328927743,1.469026329,1.646490521,1.32716612,1.496200857,1.71165428
2022/10/2,1.335897375,1.477221842,1.658593922,1.332779664,1.502524076,1.723395313
2022/10/3,1.339734742,1.4818389,1.665100297,1.335653522,1.505186609,1.727880817
2022/10/4,1.340007643,1.482230899,1.665292577,1.33473621,1.504099004,1.7267871
2022/10/5,1.336473333,1.478759639,1.659469948,1.330967013,1.499654339,1.71974205
2022/10/6,1.330406239,1.471521712,1.647889368,1.323309809,1.491515196,1.706975864
2022/10/7,1.320916943,1.461258403,1.632846681,1.312663482,1.480367965,1.689669157
2022/10/8,1.309501132,1.448777765,1.61477931,1.300303657,1.466762192,1.670371349
2022/10/9,1.295565094,1.434828526,1.595139167,1.28611608,1.451995608,1.649733377
2022/10/10,1.281419886,1.419916204,1.576460773,1.270308398,1.436408456,1.628166494
2022/10/11,1.265980805,1.404855915,1.557844961,1.25437985,1.420286658,1.606855283
2022/10/12,1.250505598,1.390003642,1.540576716,1.238722005,1.404552622,1.587821231
2022/10/13,1.235820436,1.375855228,1.524435674,1.223341877,1.389497014,1.569314661
2022/10/14,1.221818264,1.362494467,1.509564708,1.208827605,1.375034531,1.552223219
2022/10/15,1.209545525,1.35041306,1.495865322,1.195725399,1.36155338,1.537124829
2022/10/16,1.198961459,1.339412576,1.483695698,1.183925057,1.349479302,1.523129524
2022/10/17,1.190101024,1.32971574,1.473014108,1.174182205,1.338871045,1.510054981
2022/10/18,1.183093053,1.321384508,1.463477768,1.165968389,1.329050273,1.499059994
2022/10/19,1.177324423,1.314220912,1.455281949,1.159063836,1.320451027,1.489639429
2022/10/20,1.173108603,1.308030611,1.448613998,1.153913342,1.31299564,1.481990416
2022/10/21,1.169281827,1.30222299,1.442854631,1.149126577,1.306248406,1.475182528
2022/10/22,1.165655654,1.296786949,1.437672311,1.143805676,1.29985951,1.469045771
2022/10/23,1.161360029,1.291575389,1.433107565,1.139231642,1.293787242,1.463276189
2022/10/24,1.157301618,1.286060141,1.428284387,1.134216761,1.287420968,1.457299327
2022/10/25,1.152278433,1.28020285,1.422966928,1.129014034,1.280704231,1.450672238
2022/10/26,1.146664597,1.273478752,1.416653053,1.122753211,1.27353687,1.443610457
2022/10/27,1.140077649,1.266270904,1.409105096,1.116678378,1.266043952,1.435744327
2022/10/28,1.132849729,1.258414866,1.400602273,1.109598275,1.257966724,1.427476974
2022/10/29,1.125762865,1.250143588,1.391445757,1.102107651,1.249609698,1.418451382
2022/10/30,1.117835682,1.241485301,1.382017081,1.09437453,1.240835959,1.40824258
2022/10/31,1.10963181,1.232332679,1.371610681,1.086497141,1.231526336,1.397335117
2022/11/1,1.100227259,1.222477034,1.359974945,1.077073362,1.221670403,1.385955024
2022/11/2,1.09078363,1.212122318,1.347350552,1.067961249,1.211682538,1.373667758
2022/11/3,1.080665454,1.201309512,1.334484278,1.05796836,1.200953685,1.360555871
2022/11/4,1.070092684,1.190349686,1.321669351,1.047524539,1.190177201,1.347605703
2022/11/5,1.058929904,1.179208114,1.308315705,1.037178075,1.179320633,1.334710415
2022/11/6,1.048200507,1.168261285,1.295652719,1.027600165,1.168852582,1.32187578
2022/11/7,1.037661148,1.157605757,1.283454917,1.017986803,1.158739629,1.309861023
2022/11/8,1.027720792,1.14768408,1.272251642,1.008292913,1.149009438,1.29887267
2022/11/9,1.018462116,1.138403726,1.262107049,0.999373681,1.140245062,1.288665923
2022/11/10,1.010571002,1.13059169,1.252884551,0.992061489,1.13257428,1.280364798
2022/11/11,1.00346171,1.123765136,1.245712769,0.98529466,1.126081429,1.273032123
2022/11/12,0.998182899,1.118200969,1.239524861,0.98055796,1.120555356,1.266560333
2022/11/13,0.994667559,1.113914025,1.234441533,0.976576488,1.116136689,1.261744638
2022/11/14,0.991944976,1.110597882,1.231340171,0.973441692,1.11298792,1.258437374
2022/11/15,0.990717781,1.108628115,1.229246586,0.971622546,1.110874254,1.256506182
2022/11/16,0.990610214,1.107618009,1.228479082,0.971168012,1.109611541,1.255154356
2022/11/17,0.99134818,1.107542801,1.228789102,0.972046523,1.109178273,1.255455087
2022/11/18,0.99336334,1.108152469,1.229830532,0.973200303,1.109529001,1.256453101
2022/11/19,0.995490088,1.10942139,1.232070294,0.975195405,1.110101074,1.258464123
2022/11/20,0.99799319,1.110969997,1.235066003,0.977156677,1.111069636,1.260037628
2022/11/21,1.000521912,1.112691993,1.23781497,0.979309175,1.112218359,1.26263407
2022/11/22,1.002646603,1.114262852,1.241102829,0.981287408,1.11330853,1.264935576
2022/11/23,1.004261703,1.115661591,1.244052222,0.982752798,1.113946053,1.267644068
2022/11/24,1.005167295,1.116523326,1.246146624,0.98388964,1.114141226,1.269578648
2022/11/25,1.005364074,1.116198313,1.246786389,0.983576062,1.113677676,1.270394237
2022/11/26,1.004635401,1.114936593,1.24661714,0.982801461,1.11207822,1.270189608
2022/11/27,1.002603386,1.112689334,1.245023215,0.9806993,1.109539491,1.267923654
2022/11/28,0.999336421,1.109085493,1.241301536,0.977218444,1.105567232,1.264268838
2022/11/29,0.99480181,1.104063676,1.235860791,0.973199726,1.100344739,1.259075317
2022/11/30,0.989414254,1.097910212,1.228799386,0.96760522,1.093966951,1.251606077
2022/12/1,0.982618862,1.090487604,1.219900667,0.961616476,1.086772667,1.242385331
2022/12/2,0.97487922,1.082147242,1.209968084,0.954241522,1.078685777,1.232055039
2022/12/3,0.967104143,1.072995907,1.199284159,0.946052528,1.069646299,1.221329958
2022/12/4,0.957853472,1.063140582,1.187486709,0.9372833,1.060148534,1.209619712
2022/12/5,0.948236146,1.052725977,1.175146567,0.927695506,1.050139587,1.196717545
2022/12/6,0.938323277,1.04171478,1.162043171,0.917888747,1.039452698,1.18374235
2022/12/7,0.927662444,1.030339222,1.148399548,0.907473596,1.028416128,1.170214674
2022/12/8,0.916442972,1.018804404,1.134741285,0.896817325,1.017161013,1.15632582
2022/12/9,0.905329127,1.007231393,1.121147965,0.886170391,1.005762558,1.142325354
2022/12/10,0.894220444,0.99585615,1.108097652,0.875528908,0.994750617,1.12939553
2022/12/11,0.883795153,0.984702164,1.095370615,0.865535901,0.983995466,1.116833627
2022/12/12,0.874696867,0.97428371,1.083886746,0.856005162,0.974023366,1.10556006
2022/12/13,0.865853653,0.964782024,1.073491861,0.847600387,0.964544752,1.094915891
2022/12/14,0.857634572,0.955696555,1.064050767,0.840302035,0.955736425,1.085199542
2022/12/15,0.849861108,0.947215193,1.054569005,0.833141137,0.94734787,1.075740912
2022/12/16,0.84239736,0.939054104,1.045727954,0.825672811,0.939015795,1.066627689
2022/12/17,0.834800616,0.930805692,1.036605172,0.818325235,0.930882171,1.057108301
2022/12/18,0.82741633,0.922519578,1.027342603,0.810796053,0.922509227,1.047823117
2022/12/19,0.819715115,0.913819496,1.018031644,0.80321842,0.914103517,1.038531471
2022/12/20,0.811744006,0.904962527,1.007700346,0.79548882,0.905481698,1.028292477
2022/12/21,0.803331718,0.895960617,0.99755104,0.787498823,0.896539814,1.018137879
2022/12/22,0.79468873,0.886754213,0.986936532,0.779125978,0.887764815,1.007324868
2022/12/23,0.785882127,0.877733081,0.976322133,0.770814865,0.878996907,0.996821049
2022/12/24,0.777508305,0.86908275,0.966609628,0.762978486,0.870533283,0.986944904
2022/12/25,0.76975923,0.861306138,0.957414061,0.755444657,0.862742781,0.977623549
2022/12/26,0.762965023,0.854219427,0.949230697,0.748728467,0.855662659,0.969464993
2022/12/27,0.756726696,0.847900511,0.942402668,0.742550108,0.84941169,0.962552156
2022/12/28,0.751908546,0.842719741,0.936776814,0.737568632,0.844038148,0.956562512
2022/12/29,0.748340936,0.83886513,0.932677777,0.733439739,0.839759941,0.9521261
2022/12/30,0.746373095,0.83631051,0.93017132,0.731104909,0.836730746,0.948977782
2022/12/31,0.745986295,0.835155303,0.929171743,0.73004072,0.835083848,0.947526274
2023/1/1,0.746764123,0.835357753,0.929444905,0.730191416,0.834454774,0.947727849
2023/1/2,0.748883692,0.836519793,0.931461311,0.731795106,0.834966803,0.949244993
2023/1/3,0.751410185,0.838566816,0.934372837,0.733437591,0.8360764,0.951110406
2023/1/4,0.753961558,0.840633545,0.937821332,0.735237181,0.837270232,0.952616004
2023/1/5,0.756265342,0.842411307,0.940612904,0.736561548,0.838404321,0.955083075
2023/1/6,0.757812625,0.843793242,0.943046632,0.737550101,0.839217221,0.956755057
2023/1/7,0.758742792,0.844506215,0.944195363,0.738110515,0.839550136,0.957050488
2023/1/8,0.758750581,0.844362344,0.943572678,0.737521027,0.839196888,0.956169101
2023/1/9,0.757547108,0.843408823,0.941998504,0.736099366,0.83818638,0.954896465
2023/1/10,0.755749485,0.841949866,0.939546413,0.734431884,0.836710445,0.952273345
2023/1/11,0.753461739,0.840058964,0.936492144,0.732452195,0.835098385,0.949360656
2023/1/12,0.751058564,0.838246856,0.933259573,0.730444105,0.833533113,0.946737021
2023/1/13,0.748595533,0.836594875,0.930784651,0.728517308,0.83239066,0.94442683
2023/1/14,0.746619147,0.835434505,0.929072036,0.727173848,0.83184225,0.943262394
2023/1/15,0.74549064,0.834968075,0.928484202,0.726285203,0.832090407,0.943258473
2023/1/16,0.745397614,0.835645557,0.9290084,0.727004636,0.833540734,0.944893832
2023/1/17,0.746704234,0.837531928,0.930993919,0.729030309,0.836289414,0.948151024
2023/1/18,0.749272238,0.840549863,0.934259394,0.732471901,0.840219989,0.953036473
2023/1/19,0.753566998,0.84464213,0.939212667,0.737561374,0.845076995,0.958724596
2023/1/20,0.758835755,0.849691957,0.944952392,0.743802135,0.850963596,0.965837345
2023/1/21,0.76455426,0.855597957,0.951579682,0.750598539,0.857669399,0.973632307
2023/1/22,0.77110962,0.862297804,0.959175328,0.757715149,0.864859277,0.982123444
2023/1/23,0.778018777,0.869313459,0.967694316,0.765140254,0.872293535,0.99130559
2023/1/24,0.785398179,0.876699466,0.976626037,0.772854191,0.879965727,1.00063279
2023/1/25,0.792778047,0.884277915,0.986204302,0.780201882,0.887551257,1.010403787
2023/1/26,0.800050641,0.891807849,0.995477382,0.787365969,0.894894973,1.019869674
2023/1/27,0.806992774,0.898808527,1.00375667,0.793880408,0.901660746,1.028268992
2023/1/28,0.813326764,0.905356775,1.011824977,0.80004023,0.907859605,1.036252763
2023/1/29,0.819121164,0.911477393,1.019213354,0.805435915,0.913301759,1.042881031
2023/1/30,0.824167389,0.916758345,1.02603877,0.809793787,0.918147492,1.049326291
2023/1/31,0.828368097,0.921288411,1.031458892,0.813292145,0.921812074,1.054380214
2023/2/1,0.831902783,0.924844748,1.03548384,0.815968873,0.924539854,1.057630555
2023/2/2,0.834516212,0.927744347,1.038546879,0.817766445,0.926690447,1.059709215
2023/2/3,0.836224858,0.929795404,1.040370871,0.818845341,0.928143439,1.060910996
2023/2/4,0.837710613,0.930921145,1.041757435,0.819226655,0.928575343,1.061048163
2023/2/5,0.837836948,0.930959309,1.041380187,0.818779157,0.927966934,1.059874858
2023/2/6,0.836835182,0.929826259,1.039792769,0.817178106,0.92628402,1.057472167
2023/2/7,0.834717827,0.927780636,1.036474449,0.814362782,0.923704958,1.054047477
2023/2/8,0.83191481,0.924806829,1.032660259,0.811130247,0.920319679,1.049578259
2023/2/9,0.828197419,0.92119644,1.027996154,0.807453741,0.916441904,1.044637036
2023/2/10,0.824187966,0.917223816,1.023184341,0.803274339,0.912186518,1.038773014
2023/2/11,0.819877357,0.913176816,1.018504846,0.798686845,0.907957474,1.0329594
2023/2/12,0.816177322,0.909311198,1.013622068,0.794819842,0.903965179,1.027633905
2023/2/13,0.81263115,0.905550778,1.009298682,0.791402998,0.900091626,1.023658109
2023/2/14,0.809537764,0.902016402,1.005561615,0.788403328,0.896362974,1.019326038
2023/2/15,0.806542283,0.898674881,1.002103761,0.785327318,0.892632316,1.015705167
2023/2/16,0.804199129,0.895557505,0.998813279,0.782195506,0.889121639,1.012737192
2023/2/17,0.801781967,0.892527814,0.995496277,0.779175734,0.885555128,1.009661888
2023/2/18,0.799036032,0.889217014,0.992726919,0.776151122,0.881739969,1.005866892
2023/2/19,0.796394889,0.885672139,0.988729125,0.772523689,0.877373814,1.00199109
2023/2/20,0.792885276,0.88163716,0.985648299,0.768614145,0.872616143,0.997186483
2023/2/21,0.789001888,0.877093254,0.981566815,0.763788493,0.867387309,0.992183629
2023/2/22,0.784959855,0.872194232,0.976648266,0.759162348,0.861577793,0.985808138
2023/2/23,0.780499204,0.86676461,0.971448561,0.753806483,0.855568018,0.979582454
2023/2/24,0.775388133,0.861022244,0.965676293,0.748126515,0.848875812,0.972674785
2023/2/25,0.769964281,0.85487585,0.959366304,0.741978405,0.841975014,0.965287281
2023/2/26,0.764207113,0.848553612,0.952506087,0.735908987,0.834841042,0.957944557
2023/2/27,0.757834548,0.841578632,0.944881242,0.729401302,0.827593322,0.949607154
2023/2/28,0.751181204,0.834135909,0.936764039,0.722698702,0.819465789,0.941159671
2023/3/1,0.743888915,0.825958979,0.92704662,0.714657811,0.810863119,0.93057425
2023/3/2,0.73537433,0.817187677,0.916619192,0.706126874,0.801370901,0.918688622
2023/3/3,0.726222987,0.807348568,0.903816691,0.6964076,0.790937254,0.904497927
2023/3/4,0.715582503,0.79630493,0.888993106,0.684857234,0.779482658,0.88890319
2023/3/5,0.703734089,0.784267547,0.873034863,0.671906402,0.766783982,0.87220495
2023/3/6,0.690632411,0.771400945,0.857097222,0.658209488,0.753505222,0.85502695
2023/3/7,0.676832119,0.758532588,0.8421474,0.643133339,0.739874784,0.838516807
2023/3/8,0.662850574,0.746377587,0.829098665,0.62790398,0.726843048,0.823776594
2023/3/9,0.64929584,0.735592123,0.818658638,0.613164806,0.715043478,0.811900897
2023/3/10,0.637163921,0.726529228,0.810596028,0.599754647,0.704830594,0.802282772
2023/3/11,0.627557655,0.71999889,0.805342235,0.588594472,0.696860325,0.79526691
2023/3/12,0.620720238,0.716206723,0.803098172,0.579985874,0.691555004,0.790483483
2023/3/13,0.617868209,0.715560137,0.803272618,0.575143629,0.68890625,0.788587542
2023/3/14,0.618731112,0.718058769,0.806222903,0.573954637,0.689339522,0.789319892
2023/3/15,0.624176536,0.723842246,0.812097502,0.576956998,0.692709056,0.793100563
2023/3/16,0.634198373,0.733195046,0.82076011,0.584007605,0.699108352,0.799238193
2023/3/17,0.6478277,0.745558403,0.832593236,0.594855205,0.708471273,0.808518403
2023/3/18,0.665525907,0.761021802,0.847331692,0.609063548,0.72053306,0.820214891
2023/3/19,0.686426482,0.779005977,0.864917706,0.626994411,0.735127521,0.835331155
2023/3/20,0.709701614,0.799269853,0.885762894,0.647858296,0.752029707,0.853684106
2023/3/21,0.734742189,0.821611023,0.91015471,0.670521256,0.771078909,0.875458266
2023/3/22,0.760437502,0.845399628,0.938009697,0.693332053,0.791613336,0.901379201
2023/3/23,0.785499004,0.869921915,0.968565719,0.71554365,0.812968835,0.930490706
2023/3/24,0.808223129,0.893970707,1.000252121,0.735086678,0.834269084,0.961574104
2023/3/25,0.82805438,0.916746528,1.031135744,0.752646727,0.854360609,0.992319142
2023/3/26,0.845138345,0.937231968,1.059891186,0.766801326,0.87262834,1.021831183
2023/3/27,0.85931888,0.955033822,1.085164012,0.778574254,0.888295211,1.047691053
2023/3/28,0.871113243,0.969741301,1.105473572,0.787433324,0.901309007,1.068814266
2023/3/29,0.880120083,0.981111467,1.121270862,0.793985178,0.911196163,1.085611856
2023/3/30,0.886757903,0.989642898,1.132351955,0.798553953,0.918355451,1.099117914
2023/3/31,0.891518997,0.995370139,1.139192276,0.801281834,0.922655316,1.107079054
2023/4/1,0.894287558,0.998440473,1.141671826,0.802166993,0.924064417,1.111486679
2023/4/2,0.894516055,0.998422396,1.14021549,0.800792562,0.9222051,1.110287273
2023/4/3,0.892715827,0.995231913,1.135302019,0.797143459,0.916954419,1.103363762
2023/4/4,0.888254869,0.988799895,1.125732805,0.791267257,0.908474981,1.08960385
2023/4/5,0.88118802,0.979141222,1.11218621,0.783062762,0.896500419,1.069919673
2023/4/6,0.871407983,0.966574414,1.092956262,0.772117661,0.881192204,1.044308663
2023/4/7,0.859222368,0.951400841,1.07082059,0.75895601,0.862907342,1.014817396
2023/4/8,0.844515579,0.933971476,1.045681631,0.742675703,0.842349879,0.980706824
2023/4/9,0.827462767,0.914676781,1.018814218,0.72393927,0.820097496,0.945418322
2023/4/10,0.808394053,0.894518101,0.992119607,0.702315839,0.797108867,0.911246864
2023/4/11,0.788097129,0.874197107,0.966164347,0.67911953,0.774430675,0.880068191
2023/4/12,0.766608439,0.854080716,0.942235914,0.654786985,0.752261977,0.852209625
2023/4/13,0.7456398,0.834840021,0.920968788,0.630218327,0.731583816,0.828936788
2023/4/14,0.72487184,0.817238813,0.902542196,0.607371169,0.712888166,0.810093251
2023/4/15,0.70698259,0.801862462,0.887621326,0.587008151,0.696855955,0.795193874
2023/4/16,0.691847127,0.789435453,0.875646882,0.570494311,0.683712904,0.784232836
2023/4/17,0.68076949,0.779842289,0.86696544,0.558025533,0.674168473,0.776733848
2023/4/18,0.673214368,0.773625154,0.861341017,0.550005984,0.668079211,0.772459884
2023/4/19,0.669468412,0.770444324,0.858611475,0.546583794,0.665372495,0.771065366
2023/4/20,0.66926207,0.770133734,0.858391909,0.547068994,0.66588611,0.772382473
2023/4/21,0.671655766,0.772387883,0.860420993,0.55105679,0.669444564,0.775780072
2023/4/22,0.676425608,0.776801123,0.864811353,0.558450748,0.675778995,0.781529978
2023/4/23,0.683802877,0.783748526,0.871816155,0.568990933,0.684916439,0.790211368
2023/4/24,0.693982576,0.793267279,0.881303034,0.582914546,0.69687285,0.801258472
2023/4/25,0.707022913,0.805248163,0.892982236,0.599717474,0.711523117,0.814769205
2023/4/26,0.722207714,0.819232615,0.907199611,0.619149563,0.7288156,0.831228865
2023/4/27,0.739447295,0.834990668,0.92306601,0.640946641,0.748340179,0.850808075
2023/4/28,0.758240092,0.852350338,0.940831939,0.664379773,0.769969028,0.87368834
2023/4/29,0.778314487,0.871042107,0.96084316,0.688947345,0.793150179,0.89994123
2023/4/30,0.799222657,0.890869395,0.983096028,0.714501419,0.81804533,0.929999356
2023/5/1,0.820746806,0.911599728,1.006731213,0.740229211,0.843794661,0.963046293
2023/5/2,0.841949455,0.932879814,1.032323177,0.765471262,0.870114669,0.997702433
2023/5/3,0.862888726,0.954097741,1.058378344,0.789744246,0.896408324,1.03368729
2023/5/4,0.882960896,0.974626221,1.083398796,0.812388573,0.921973528,1.069338403
2023/5/5,0.901019347,0.993962975,1.107371055,0.833168028,0.946115554,1.102441255
2023/5/6,0.917135593,1.011380101,1.129099181,0.852061805,0.968493421,1.131856264
2023/5/7,0.931203127,1.026735494,1.147967436,0.868890822,0.988638157,1.158321803
2023/5/8,0.943649622,1.039848226,1.16357735,0.884366634,1.006477153,1.180869473
2023/5/9,0.953591466,1.050618438,1.175269054,0.897530237,1.021667984,1.199286722
2023/5/10,0.96140918,1.058996081,1.184029837,0.909070575,1.034429985,1.212444082
2023/5/11,0.967662791,1.065166079,1.190507093,0.918588435,1.045010093,1.222110765
2023/5/12,0.971719406,1.069196009,1.194078832,0.926324006,1.053251023,1.229075316
2023/5/13,0.974057347,1.071411655,1.195296828,0.932176954,1.059588055,1.233609057
2023/5/14,0.975256705,1.072119943,1.195006873,0.93643248,1.064131192,1.235504479
2023/5/15,0.974490477,1.071180913,1.192562735,0.938616279,1.066833614,1.236599465
2023/5/16,0.972732365,1.06889087,1.18876792,0.939881524,1.067930889,1.235476928
2023/5/17,0.96885918,1.065088736,1.183000797,0.939200714,1.067308745,1.232234147
2023/5/18,0.963637103,1.059596673,1.175407671,0.936233195,1.064840392,1.226674344
2023/5/19,0.956316499,1.052426995,1.166556485,0.931624411,1.060342558,1.220080598
2023/5/20,0.946656499,1.043790844,1.155519073,0.92383957,1.05410659,1.212335315
2023/5/21,0.934632839,1.03357542,1.144453751,0.913921632,1.046197396,1.2035662
2023/5/22,0.92094701,1.02245562,1.133151868,0.901449894,1.036965335,1.195179163
2023/5/23,0.905129165,1.010256454,1.122448696,0.887036338,1.026764028,1.187468426
2023/5/24,0.887667004,0.997605155,1.112512288,0.870180725,1.015848947,1.181543314
2023/5/25,0.869753666,0.984989014,1.104862626,0.851813413,1.004859871,1.177391708
2023/5/26,0.851268515,0.973074557,1.099709339,0.831941757,0.994503788,1.176316513
2023/5/27,0.832740187,0.962450281,1.097315695,0.811719,0.985187191,1.17808578
2023/5/28,0.814523469,0.953300747,1.098069096,0.791525691,0.97708567,1.182760256
2023/5/29,0.796413878,0.946164744,1.101744593,0.771701316,0.970524929,1.190630321
2023/5/30,0.779193115,0.940594398,1.109781708,0.752969985,0.965222577,1.201988891
2023/5/31,0.76263806,0.936631882,1.119878307,0.734883117,0.961175986,1.216472136
2023/6/1,0.747046072,0.93380415,1.133082881,0.717930753,0.958339242,1.232752887
2023/6/2,0.73224426,0.932169343,1.148001049,0.701096231,0.956446164,1.251335094
