date,count,positive,concentration,substitution,low_7_a,med_7_a,upr_7_a,low_7_s,med_7_s,upr_7_s
2022/4/3,3,0,NA,2.698970004,3.041666221,3.496890344,3.778926584,2.554556083,2.846523883,3.134263652
2022/4/4,0,0,NA,NA,3.054642089,3.500208575,3.776723284,2.570513129,2.851583597,3.128071112
2022/4/5,3,1,3.351891914,2.916610641,3.06633924,3.503487514,3.774668124,2.58606824,2.856504765,3.122914556
2022/4/6,0,0,NA,NA,3.077283874,3.506833125,3.773409552,2.600933896,2.861580521,3.118134788
2022/4/7,3,2,3.763361567,3.408564379,3.086229033,3.510259454,3.771868686,2.615236146,2.866474251,3.113240855
2022/4/8,0,0,NA,NA,3.095575881,3.513629498,3.770691885,2.628357941,2.871432192,3.1094442
2022/4/9,0,0,NA,NA,3.104117079,3.516935475,3.770083394,2.64146675,2.876501226,3.105871626
2022/4/10,3,0,NA,2.698970004,3.112239101,3.520242969,3.769881719,2.653915015,2.881375032,3.10290254
2022/4/11,0,0,NA,NA,3.119697936,3.523637222,3.769735512,2.665734372,2.886469095,3.100996764
2022/4/12,3,0,NA,2.698970004,3.125851769,3.527054358,3.769680299,2.677563524,2.891693953,3.09929851
2022/4/13,0,0,NA,NA,3.133619462,3.530513213,3.770009354,2.688874052,2.896825305,3.09791417
2022/4/14,3,1,3.482372271,2.960104093,3.139862276,3.534036243,3.770467225,2.699401661,2.902102176,3.097718372
2022/4/15,0,0,NA,NA,3.145931109,3.537549558,3.771323082,2.709009876,2.907328651,3.097926479
2022/4/16,0,0,NA,NA,3.15322397,3.541211606,3.772047859,2.718575697,2.912712347,3.09878748
2022/4/17,3,1,3.742245734,3.046728581,3.160005838,3.544808529,3.772912902,2.727543741,2.918044488,3.099975052
2022/4/18,0,0,NA,NA,3.167109859,3.548610327,3.774012581,2.736313956,2.923426137,3.101622788
2022/4/19,3,1,3.113955288,2.837298432,3.173310859,3.552226903,3.775378262,2.74466844,2.928762862,3.103602551
2022/4/20,0,0,NA,NA,3.179379605,3.556126389,3.776761273,2.753178412,2.934288294,3.106046042
2022/4/21,3,0,NA,2.698970004,3.186019622,3.560149357,3.778220874,2.761064802,2.939899284,3.108649967
2022/4/22,0,0,NA,NA,3.193604612,3.564133907,3.77991653,2.76903335,2.945477787,3.111860127
2022/4/23,0,0,NA,NA,3.200830968,3.568175806,3.781657122,2.77659657,2.951252933,3.115165283
2022/4/24,3,0,NA,2.698970004,3.208757298,3.572338352,3.783616499,2.784492765,2.95704839,3.119073711
2022/4/25,0,0,NA,NA,3.217627876,3.576631099,3.785675679,2.791795327,2.96297295,3.123147508
2022/4/26,3,1,4.278285838,3.225408616,3.226861062,3.58098611,3.787793135,2.799151411,2.968912408,3.127730154
2022/4/27,0,0,NA,NA,3.235170347,3.585383382,3.790106417,2.806383796,2.974900613,3.132401237
2022/4/28,3,0,NA,2.698970004,3.243100615,3.589867742,3.792266268,2.813734972,2.980956851,3.137264798
2022/4/29,0,0,NA,NA,3.251202104,3.594504558,3.794548034,2.821133792,2.987087508,3.142477222
2022/4/30,0,0,NA,NA,3.259888036,3.59913239,3.797297437,2.828509919,2.993273674,3.147675791
2022/5/1,3,1,3.78975813,3.062566046,3.268641246,3.603846778,3.800078642,2.835583304,2.999566162,3.153447877
2022/5/2,0,0,NA,NA,3.277196776,3.608490743,3.802794963,2.842807867,3.00580834,3.159180457
2022/5/3,3,1,3.54340542,2.980448476,3.285636957,3.613340359,3.805499424,2.849853359,3.012177309,3.165177126
2022/5/4,0,0,NA,NA,3.293707085,3.618182273,3.808429879,2.856852248,3.018545855,3.171447197
2022/5/5,3,1,3.397766537,2.931902182,3.302378137,3.622976508,3.811252448,2.863799569,3.024930356,3.177604823
2022/5/6,0,0,NA,NA,3.31139553,3.62777875,3.814499893,2.870762376,3.031242484,3.183962312
2022/5/7,0,0,NA,NA,3.319937024,3.632580183,3.81734585,2.87801577,3.037683917,3.190432209
2022/5/8,3,1,3.9324853,3.11014177,3.329733058,3.637414601,3.820513751,2.885190443,3.044068285,3.19698897
2022/5/9,0,0,NA,NA,3.338688159,3.642185474,3.823581684,2.892479202,3.05056421,3.203769305
2022/5/10,3,2,3.555525522,3.270007016,3.347382392,3.64702184,3.826699185,2.899589819,3.057021764,3.210584567
2022/5/11,0,0,NA,NA,3.356072088,3.651859052,3.829896544,2.906536025,3.063489604,3.216994625
2022/5/12,3,0,NA,2.698970004,3.365502641,3.656732779,3.833161063,2.914245073,3.069982234,3.2236204
2022/5/13,0,0,NA,NA,3.374686764,3.661611474,3.836253681,2.921571733,3.076482857,3.230496493
2022/5/14,0,0,NA,NA,3.384112754,3.666493139,3.839676915,2.928595323,3.083117088,3.237537853
2022/5/15,3,1,3.798009141,3.065316383,3.393358167,3.671438042,3.843119425,2.935798151,3.089635017,3.244612606
2022/5/16,0,0,NA,NA,3.402708769,3.676299226,3.846515059,2.942663415,3.09606795,3.25161396
2022/5/17,3,2,4.018069792,3.578369862,3.41204363,3.681208343,3.850075574,2.949674632,3.102533934,3.25849832
2022/5/18,0,0,NA,NA,3.421833129,3.686113779,3.853578203,2.956233528,3.109024648,3.265216895
2022/5/19,3,0,NA,2.698970004,3.43193817,3.691105479,3.857212349,2.962845418,3.115440647,3.272339435
2022/5/20,0,0,NA,NA,3.441983421,3.696024267,3.861081003,2.969650255,3.121840648,3.279383521
2022/5/21,0,0,NA,NA,3.452489008,3.700966393,3.865238008,2.976174212,3.128155636,3.286425346
2022/5/22,3,1,3.766909749,3.054949919,3.462798916,3.705860484,3.869412192,2.982462974,3.134382937,3.293474516
2022/5/23,0,0,NA,NA,3.472656684,3.710855743,3.873538317,2.988750337,3.14047125,3.300175885
2022/5/24,3,0,NA,2.698970004,3.483214137,3.715877192,3.877830717,2.994767211,3.146586868,3.307124813
2022/5/25,0,0,NA,NA,3.494800776,3.721084939,3.881987501,3.001033463,3.152520938,3.314095007
2022/5/26,3,0,NA,2.698970004,3.505805847,3.726219612,3.886195534,3.00670537,3.158344994,3.321167296
2022/5/27,0,0,NA,NA,3.51646968,3.731331871,3.890380577,3.012607927,3.164143403,3.327975678
2022/5/28,0,0,NA,NA,3.526637278,3.736333209,3.894467329,3.018276726,3.1696665,3.334664919
2022/5/29,3,2,4.018522214,3.578671477,3.537298157,3.741060469,3.898610144,3.02366216,3.175064005,3.340972827
2022/5/30,0,0,NA,NA,3.546336592,3.745538109,3.902840303,3.028879281,3.180292821,3.347157706
2022/5/31,3,2,3.777396453,3.41792097,3.553583289,3.749955441,3.906899457,3.03372737,3.185273049,3.352847675
2022/6/1,0,0,NA,NA,3.560238485,3.75401101,3.910751415,3.03851547,3.189978125,3.358310969
2022/6/2,3,3,3.768315553,3.768315553,3.565582444,3.75797309,3.914381327,3.043245904,3.194344229,3.363182562
2022/6/3,0,0,NA,NA,3.570368442,3.76136437,3.917576183,3.047310559,3.198464539,3.367274914
2022/6/4,0,0,NA,NA,3.574243421,3.764323462,3.920153088,3.051244072,3.202365049,3.371342603
2022/6/5,3,2,4.10593743,3.636948288,3.577868935,3.766860347,3.921998913,3.055102221,3.205940275,3.374445652
2022/6/6,0,0,NA,NA,3.581246776,3.768951643,3.923326977,3.058343905,3.209092295,3.376780897
2022/6/7,3,3,4.385740352,4.385740352,3.583822958,3.770451414,3.924015198,3.06136473,3.211977784,3.378895658
2022/6/8,0,0,NA,NA,3.58583814,3.771511422,3.923819854,3.064073519,3.214487651,3.380070834
2022/6/9,3,2,3.613378615,3.308575745,3.587429016,3.772134419,3.923425893,3.066361115,3.21669016,3.381194542
2022/6/10,0,0,NA,NA,3.587344875,3.77219617,3.923083143,3.068686298,3.218575197,3.382056892
2022/6/11,0,0,NA,NA,3.585672187,3.772036573,3.922795142,3.070808861,3.22028216,3.382387941
2022/6/12,3,3,4.433914593,4.433914593,3.582006608,3.77184303,3.922420787,3.072158221,3.221775479,3.38259265
2022/6/13,0,0,NA,NA,3.575914443,3.771516052,3.921779298,3.073342158,3.223011529,3.382710489
2022/6/14,3,0,NA,2.698970004,3.569371423,3.771137134,3.921775651,3.074116818,3.224187443,3.383096889
2022/6/15,0,0,NA,NA,3.562361969,3.770750377,3.921833592,3.074641362,3.225273046,3.383464328
2022/6/16,3,0,NA,2.698970004,3.556141888,3.770522076,3.922175648,3.075030865,3.22644031,3.384117941
2022/6/17,0,0,NA,NA,3.548726445,3.770477088,3.922698441,3.075566134,3.227558786,3.384768137
2022/6/18,0,0,NA,NA,3.540320899,3.770431848,3.923344412,3.076149402,3.228711177,3.385790673
2022/6/19,3,0,NA,2.698970004,3.533327507,3.770629549,3.923979822,3.076520769,3.230053018,3.386794213
2022/6/20,0,0,NA,NA,3.526465107,3.770950043,3.924826499,3.076805569,3.231545617,3.388124259
2022/6/21,3,1,3.72050199,3.039480666,3.520851476,3.771552144,3.925709779,3.077650159,3.233162898,3.389821729
2022/6/22,0,0,NA,NA,3.516231503,3.772368491,3.926683368,3.078232139,3.234940561,3.391838767
2022/6/23,3,1,3.462980185,2.953640064,3.511577082,3.773345488,3.9277133,3.079126413,3.23706677,3.393862975
2022/6/24,0,0,NA,NA,3.508186624,3.774404968,3.928978634,3.080273848,3.239404937,3.396000287
2022/6/25,0,0,NA,NA,3.50614154,3.775761429,3.930110775,3.082119274,3.241840974,3.398481649
2022/6/26,3,0,NA,2.698970004,3.505220945,3.777234192,3.931438521,3.08417108,3.244588713,3.401268957
2022/6/27,0,0,NA,NA,3.506825891,3.778947375,3.933148005,3.087154322,3.247583863,3.404063852
2022/6/28,3,1,3.994354222,3.130764743,3.510421308,3.781046787,3.934979149,3.090113114,3.250823461,3.407634914
2022/6/29,0,0,NA,NA,3.514722688,3.783461697,3.936558146,3.093985181,3.254296841,3.41080914
2022/6/30,3,0,NA,2.698970004,3.520905333,3.786038848,3.938548284,3.098282547,3.258077794,3.414303074
2022/7/1,0,0,NA,NA,3.528753893,3.788778848,3.940896022,3.103029925,3.261998076,3.417973445
2022/7/2,0,0,NA,NA,3.537906059,3.791851562,3.943431357,3.107993401,3.26622661,3.422264125
2022/7/3,3,0,NA,2.698970004,3.549447231,3.795067446,3.945969966,3.113479791,3.270555284,3.426644434
2022/7/4,0,0,NA,NA,3.56232768,3.798512051,3.948791426,3.119153941,3.275074639,3.431340401
2022/7/5,3,1,4.194874089,3.197604699,3.575033712,3.80213729,3.951653616,3.125006935,3.279708031,3.435731101
2022/7/6,0,0,NA,NA,3.588593796,3.805953381,3.95483592,3.131039789,3.284502807,3.440779009
2022/7/7,3,1,4.105140908,3.167693639,3.602426357,3.809992639,3.958228317,3.136818364,3.289568631,3.445880745
2022/7/8,0,0,NA,NA,3.617023543,3.81423476,3.961476072,3.142616043,3.294633435,3.451461573
2022/7/9,0,0,NA,NA,3.631157285,3.818557186,3.964809958,3.148567497,3.299774326,3.45691027
2022/7/10,3,2,3.635062199,3.323031468,3.643491242,3.823033378,3.968361792,3.15403486,3.304757694,3.462527
2022/7/11,0,0,NA,NA,3.652149034,3.827727267,3.971791134,3.159605625,3.30984634,3.468081937
2022/7/12,3,3,4.354627107,4.354627107,3.659181582,3.832420823,3.975166906,3.164791051,3.314802531,3.473577462
2022/7/13,0,0,NA,NA,3.665631128,3.83689655,3.979482821,3.169750389,3.319560733,3.478932894
2022/7/14,3,2,3.902195958,3.50112064,3.671099213,3.84105513,3.983834051,3.174457206,3.324269032,3.484006926
2022/7/15,0,0,NA,NA,3.676106842,3.844742466,3.988474807,3.178980855,3.328731323,3.488932207
2022/7/16,0,0,NA,NA,3.680528635,3.84816129,3.992479669,3.183178886,3.333087195,3.494110527
2022/7/17,3,3,3.859207747,3.859207747,3.684561176,3.851233455,3.996300632,3.187063947,3.337232557,3.498683308
2022/7/18,0,0,NA,NA,3.687913046,3.854159483,3.999486361,3.191047278,3.341242527,3.503030885
2022/7/19,3,3,3.753388713,3.753388713,3.690773674,3.856753374,4.002070411,3.194483435,3.344977309,3.507284721
2022/7/20,0,0,NA,NA,3.693552829,3.859073047,4.003765825,3.197944662,3.348640313,3.510560418
2022/7/21,3,2,3.728632583,3.385411724,3.695936502,3.861228553,4.004872129,3.201734213,3.352272126,3.513771453
2022/7/22,0,0,NA,NA,3.698201823,3.863148393,4.005720275,3.204512006,3.355685036,3.516727768
2022/7/23,0,0,NA,NA,3.699833454,3.865050247,4.005910505,3.207754408,3.359108043,3.519144524
2022/7/24,3,1,4.258411675,3.218783895,3.701478328,3.86663831,4.006129144,3.211025149,3.362336525,3.521438146
2022/7/25,0,0,NA,NA,3.70243307,3.868122178,4.00624103,3.213715241,3.365523947,3.523914452
2022/7/26,3,2,3.641352956,3.327225305,3.703158868,3.869398403,4.00653039,3.216513546,3.368437781,3.525912574
2022/7/27,0,0,NA,NA,3.703635977,3.870514114,4.006513997,3.219120675,3.37139944,3.527765523
2022/7/28,3,3,3.805553731,3.805553731,3.703698883,3.871535381,4.006693426,3.22169839,3.37423969,3.529774687
2022/7/29,0,0,NA,NA,3.702577974,3.872568373,4.007002847,3.224225594,3.3770401,3.5313849
2022/7/30,0,0,NA,NA,3.701346928,3.873555648,4.007163477,3.226466876,3.379702639,3.533256257
2022/7/31,3,3,4.042759325,4.042759325,3.699084354,3.874337787,4.007756234,3.228829916,3.382389076,3.534986398
2022/8/1,0,0,NA,NA,3.696704393,3.875102273,4.00830648,3.230944617,3.384994367,3.53683789
2022/8/2,3,1,3.924888162,3.10760939,3.694607233,3.875884905,4.008714352,3.232986462,3.387716294,3.538725205
2022/8/3,0,0,NA,NA,3.693218952,3.876734869,4.009658137,3.23516852,3.390521693,3.540887482
2022/8/4,3,1,3.815486402,3.071142137,3.692057838,3.877646174,4.010361632,3.237140425,3.393298559,3.542841553
2022/8/5,0,0,NA,NA,3.690336288,3.878671947,4.011309311,3.239484428,3.396236628,3.545374293
2022/8/6,0,0,NA,NA,3.688888133,3.879764237,4.012218178,3.241942011,3.399291499,3.547855882
2022/8/7,3,0,NA,2.698970004,3.68950366,3.881097122,4.013415376,3.244447303,3.402342334,3.550644084
2022/8/8,0,0,NA,NA,3.690717335,3.882549895,4.014542241,3.247252291,3.405628727,3.553834772
2022/8/9,3,1,4.27242221,3.223454073,3.692326231,3.884076993,4.01605669,3.25025591,3.408929053,3.556745056
2022/8/10,0,0,NA,NA,3.695080719,3.885658688,4.017891474,3.253012032,3.412456486,3.56018378
2022/8/11,3,2,3.824842081,3.449551389,3.699026715,3.887327016,4.019461948,3.256334873,3.416101649,3.563774367
2022/8/12,0,0,NA,NA,3.702969731,3.889137924,4.021100709,3.259906677,3.419765816,3.567704957
2022/8/13,0,0,NA,NA,3.706495007,3.891101492,4.02309262,3.263281996,3.423646836,3.571708171
2022/8/14,3,3,3.823899053,3.823899053,3.709555259,3.893109279,4.024916283,3.266961939,3.42765814,3.575643486
2022/8/15,0,0,NA,NA,3.712906455,3.895122209,4.02672103,3.270554029,3.431740938,3.580104228
2022/8/16,3,1,4.129801785,3.175913931,3.715835025,3.897302939,4.028777987,3.274553765,3.435892675,3.584657973
2022/8/17,0,0,NA,NA,3.718726001,3.899508086,4.030881873,3.278623381,3.440188341,3.589128668
2022/8/18,3,3,3.722948583,3.722948583,3.721276532,3.9017763,4.033029433,3.282589696,3.444762128,3.59376337
2022/8/19,0,0,NA,NA,3.723899573,3.904106548,4.035316624,3.287168873,3.449475266,3.598499736
2022/8/20,0,0,NA,NA,3.726685762,3.906595506,4.037406475,3.291721859,3.454230377,3.603616071
2022/8/21,3,2,3.754687894,3.402781931,3.729152467,3.909151654,4.03972636,3.296517391,3.45917934,3.608797182
2022/8/22,0,0,NA,NA,3.731411122,3.911739887,4.04202633,3.301398097,3.464308435,3.613914289
2022/8/23,3,2,3.806014076,3.436999385,3.734488956,3.914516665,4.044472457,3.30635791,3.469512111,3.618875586
2022/8/24,0,0,NA,NA,3.7381703,3.917309343,4.046959805,3.311450098,3.475094251,3.624474787
2022/8/25,3,1,3.652954506,3.016964838,3.74227975,3.920298907,4.049696387,3.316930207,3.480703371,3.63015923
2022/8/26,0,0,NA,NA,3.747060616,3.923368034,4.052439083,3.322422445,3.486496699,3.63584535
2022/8/27,0,0,NA,NA,3.752759193,3.926623211,4.055452985,3.328420719,3.492396924,3.641829135
2022/8/28,3,0,NA,2.698970004,3.758753223,3.930010435,4.058514579,3.334480693,3.498358375,3.647890546
2022/8/29,0,0,NA,NA,3.765175434,3.933517494,4.061600891,3.340700555,3.504468806,3.654083967
2022/8/30,3,3,3.739886632,3.739886632,3.771625171,3.937074724,4.064845272,3.346818586,3.510826397,3.660233021
2022/8/31,0,0,NA,NA,3.779536894,3.940711094,4.068153104,3.353032585,3.517104051,3.666949913
2022/9/1,3,3,3.721630135,3.721630135,3.787968876,3.944284792,4.071655869,3.359596336,3.523486013,3.673797939
2022/9/2,0,0,NA,NA,3.794397246,3.947852702,4.075024794,3.365984255,3.529944339,3.68035006
2022/9/3,0,0,NA,NA,3.799885962,3.951396613,4.078493932,3.37270015,3.536325439,3.686947587
2022/9/4,3,3,3.846167808,3.846167808,3.804908147,3.954935172,4.081894114,3.379117034,3.542779834,3.693479367
2022/9/5,0,0,NA,NA,3.809396754,3.958511685,4.085160075,3.385397218,3.5492852,3.700629483
2022/9/6,3,3,3.96361672,3.96361672,3.813103179,3.962009185,4.08867182,3.391950609,3.555694902,3.707840963
2022/9/7,0,0,NA,NA,3.817170618,3.965257075,4.092291801,3.398161145,3.56214743,3.714353602
2022/9/8,3,3,3.770985963,3.770985963,3.820661138,3.968422788,4.095675164,3.404450941,3.568682099,3.721088969
2022/9/9,0,0,NA,NA,3.823921829,3.971532922,4.099013399,3.410821172,3.575079809,3.728249593
2022/9/10,0,0,NA,NA,3.826629778,3.974633497,4.102720604,3.417104983,3.581503467,3.735109916
2022/9/11,3,3,3.942160341,3.942160341,3.829004927,3.977615984,4.106036672,3.423355423,3.587988459,3.742145244
2022/9/12,0,0,NA,NA,3.831032921,3.980553617,4.109317021,3.429848145,3.594550265,3.749226124
2022/9/13,3,3,3.8847318,3.8847318,3.832333636,3.98398813,4.112696574,3.435920506,3.601058532,3.75613694
2022/9/14,0,0,NA,NA,3.833492352,3.987683455,4.116125785,3.442091947,3.60754083,3.762855313
2022/9/15,3,1,3.776019036,3.057986348,3.834675267,3.990703811,4.119571258,3.448198691,3.614162158,3.769499972
2022/9/16,0,0,NA,NA,3.836473177,3.993864223,4.122964458,3.454473218,3.620786717,3.776645208
2022/9/17,0,0,NA,NA,3.838311713,3.997114694,4.126621203,3.460825033,3.627408823,3.783734659
2022/9/18,3,1,3.922410524,3.106783511,3.840179091,4.000546748,4.130105722,3.467354773,3.634131888,3.790852494
2022/9/19,0,0,NA,NA,3.842260292,4.003956876,4.133939537,3.474040501,3.641040381,3.79788048
2022/9/20,3,2,4.296655342,3.764093563,3.845152858,4.007449638,4.137684975,3.480951713,3.647971018,3.805004257
2022/9/21,0,0,NA,NA,3.848275333,4.01094122,4.141678162,3.487783606,3.654935698,3.812496717
2022/9/22,3,2,3.770969853,3.41363657,3.852151937,4.014532356,4.14550679,3.494554206,3.661967004,3.819926357
2022/9/23,0,0,NA,NA,3.856802285,4.018087242,4.149877709,3.501797647,3.669234712,3.827443267
2022/9/24,0,0,NA,NA,3.862094433,4.02178402,4.154057508,3.508976574,3.676306579,3.834583013
2022/9/25,3,2,4.062482539,3.607978361,3.867110851,4.02558154,4.15804709,3.516428984,3.683462115,3.841988077
2022/9/26,0,0,NA,NA,3.872162906,4.029402865,4.162059895,3.523871945,3.690678683,3.849499305
2022/9/27,0,0,NA,NA,3.877998342,4.033236413,4.165948959,3.531515214,3.697856773,3.856860781
2022/9/28,0,0,NA,NA,3.883847214,4.036960552,4.169796991,3.538906704,3.705065505,3.864449937
2022/9/29,0,0,NA,NA,3.889745848,4.040674767,4.173647551,3.546457324,3.712203516,3.871798055
2022/9/30,0,0,NA,NA,3.895091193,4.044549344,4.177297441,3.554222556,3.719273662,3.879184027
2022/10/1,0,0,NA,NA,3.899892716,4.048401793,4.180524705,3.561779539,3.726381702,3.886605537
2022/10/2,3,3,4.063201656,4.063201656,3.904511886,4.052222028,4.183812497,3.569209163,3.73358351,3.893659755
2022/10/3,0,0,NA,NA,3.909347541,4.056068707,4.186693091,3.576897225,3.740587558,3.900838061
2022/10/4,3,3,4.227807875,4.227807875,3.914050821,4.059741831,4.190106487,3.584308035,3.747433317,3.90781262
2022/10/5,0,0,NA,NA,3.918037312,4.063360345,4.193622527,3.591520896,3.754227525,3.914587481
2022/10/6,0,0,NA,NA,3.922204371,4.066883195,4.197334053,3.598750234,3.760919508,3.921490957
2022/10/7,3,3,3.975158144,3.975158144,3.926763789,4.070390403,4.200912538,3.605530188,3.767546214,3.92810099
2022/10/8,0,0,NA,NA,3.931447878,4.073867449,4.204081107,3.612513592,3.774163051,3.934383446
2022/10/9,3,2,4.324131249,3.782410834,3.936143387,4.077334275,4.207330771,3.619411962,3.78072044,3.940755157
2022/10/10,0,0,NA,NA,3.94054552,4.080778028,4.210855191,3.625940932,3.787212535,3.947332802
2022/10/11,3,1,3.913459206,3.103799738,3.944474087,4.08430571,4.214200604,3.632449897,3.793587425,3.953691151
2022/10/12,0,0,NA,NA,3.948397469,4.087709691,4.217496786,3.639212977,3.799914488,3.959818542
2022/10/13,3,3,3.924622916,3.924622916,3.952164218,4.091157169,4.220529985,3.64560793,3.806190978,3.966218051
2022/10/14,0,0,NA,NA,3.956347691,4.094586048,4.223272773,3.652255445,3.812462699,3.972370842
2022/10/15,0,0,NA,NA,3.960286673,4.097994867,4.225757813,3.658791501,3.818603682,3.978714203
2022/10/16,3,3,3.99343755,3.99343755,3.9639215,4.101358271,4.228551703,3.665255377,3.824638956,3.985059137
2022/10/17,0,0,NA,NA,3.967652678,4.104680857,4.231343129,3.671229677,3.83063011,3.991455308
2022/10/18,3,3,4.081046563,4.081046563,3.971355689,4.108060579,4.234221632,3.677290168,3.836446396,3.997363808
2022/10/19,0,0,NA,NA,3.975642357,4.111492261,4.237342618,3.68301042,3.842164025,4.003121256
2022/10/20,3,2,4.301427204,3.767274804,3.97952417,4.114818879,4.240052397,3.688684499,3.847909925,4.009065119
2022/10/21,0,0,NA,NA,3.983556131,4.118122342,4.242916524,3.694187506,3.853561499,4.015119586
2022/10/22,0,0,NA,NA,3.988009343,4.121318927,4.245831698,3.699763233,3.859091978,4.020864164
2022/10/23,3,2,3.908885406,3.505580272,3.992194153,4.124443273,4.248840068,3.705008492,3.864468749,4.026315764
2022/10/24,0,0,NA,NA,3.995888687,4.127643369,4.251726255,3.71047207,3.86974589,4.032010556
2022/10/25,3,3,4.015001755,4.015001755,3.999393545,4.130735969,4.254410962,3.715757102,3.874962756,4.037688357
2022/10/26,0,0,NA,NA,4.002391207,4.133796324,4.257407025,3.72088109,3.880032556,4.043181176
2022/10/27,3,3,4.122001069,4.122001069,4.005344367,4.136806638,4.260386335,3.725604246,3.884976557,4.048426771
2022/10/28,0,0,NA,NA,4.00785659,4.1396954,4.263221044,3.729919597,3.88974949,4.053848843
2022/10/29,0,0,NA,NA,4.01054167,4.142404622,4.266312877,3.734096253,3.894309213,4.058714441
2022/10/30,3,3,3.925510725,3.925510725,4.012764068,4.145009891,4.26929964,3.738507104,3.898737886,4.063711083
2022/10/31,0,0,NA,NA,4.015050477,4.147513482,4.272478282,3.742367906,3.903058717,4.068315736
2022/11/1,3,3,4.195259758,4.195259758,4.017291155,4.149901225,4.275247183,3.746312275,3.907117282,4.072931985
2022/11/2,0,0,NA,NA,4.018943601,4.152215331,4.278388568,3.749941625,3.911150796,4.077326647
2022/11/3,3,3,3.796962892,3.796962892,4.020480142,4.154459911,4.28130858,3.753478293,3.914926708,4.081766398
2022/11/4,0,0,NA,NA,4.021927669,4.156585755,4.284294075,3.756727912,3.918658752,4.085866457
2022/11/5,0,0,NA,NA,4.023256113,4.158719634,4.287418401,3.759848279,3.922096681,4.090090366
2022/11/6,3,3,3.992252837,3.992252837,4.02476669,4.160711706,4.290486387,3.762804774,3.92535861,4.094055743
2022/11/7,0,0,NA,NA,4.026343202,4.162644093,4.293531752,3.765638287,3.928630435,4.098266166
2022/11/8,0,0,NA,NA,4.027533461,4.164542303,4.296479521,3.768222343,3.931708984,4.101739129
2022/11/9,0,0,NA,NA,4.028816271,4.166352763,4.299235714,3.770364516,3.934667312,4.105450757
2022/11/10,3,3,4.045811711,4.045811711,4.029638428,4.168076811,4.302023861,3.772564652,3.937465001,4.108913628
2022/11/11,0,0,NA,NA,4.030565529,4.169651682,4.304661388,3.774735687,3.940207656,4.112346113
2022/11/12,0,0,NA,NA,4.031573935,4.171174264,4.307466046,3.776687082,3.942738456,4.115329783
2022/11/13,3,2,4.259699461,3.739456309,4.032355697,4.172592147,4.310422125,3.778440383,3.945038952,4.118431781
2022/11/14,0,0,NA,NA,4.033164902,4.173882044,4.312961184,3.780293717,3.947248604,4.121246996
2022/11/15,3,3,4.17666257,4.17666257,4.033614235,4.175231602,4.31579881,3.78173755,3.949268449,4.123973365
2022/11/16,0,0,NA,NA,4.034032587,4.17639006,4.318541314,3.783088683,3.951158816,4.126387117
2022/11/17,3,2,4.050362315,3.599898212,4.034663106,4.177417018,4.321261913,3.784315474,3.952945179,4.128206713
2022/11/18,0,0,NA,NA,4.035405734,4.178361019,4.323593253,3.785455996,3.954548823,4.130253987
2022/11/19,0,0,NA,NA,4.036399753,4.179144963,4.325924891,3.785889035,3.955990657,4.132107997
2022/11/20,3,3,4.24233209,4.24233209,4.037331704,4.179867502,4.328102928,3.786552327,3.957163402,4.133640555
2022/11/21,0,0,NA,NA,4.038244939,4.180237034,4.330120805,3.787141445,3.958094574,4.135071773
2022/11/22,0,0,NA,NA,4.03905173,4.179631851,4.332074678,3.787554864,3.958908036,4.136310451
2022/11/23,0,0,NA,NA,4.039455346,4.17992918,4.33343658,3.787469763,3.959495751,4.137258132
2022/11/24,0,0,NA,NA,4.03971861,4.180146795,4.334829576,3.787245743,3.959809842,4.138064017
2022/11/25,0,0,NA,NA,4.039797642,4.180219423,4.335864306,3.786792804,3.959707532,4.138893657
2022/11/26,0,0,NA,NA,4.039693355,4.180251583,4.337211173,3.786282073,3.959419925,4.139697991
2022/11/27,3,3,3.996379055,3.996379055,4.039796928,4.180066099,4.33820443,3.785489272,3.958984495,4.13982694
2022/11/28,0,0,NA,NA,4.039945168,4.179832666,4.339413138,3.784654203,3.958287237,4.139835102
2022/11/29,3,3,4.371600361,4.371600361,4.039887013,4.17935858,4.340247947,3.783265026,3.957288538,4.139493037
2022/11/30,0,0,NA,NA,4.03999473,4.178766633,4.340395017,3.781687182,3.956038853,4.13919941
2022/12/1,3,2,4.331130622,3.787077083,4.039453476,4.178078476,4.340907673,3.780181098,3.954554551,4.138378592
2022/12/2,0,0,NA,NA,4.038850433,4.17727618,4.341280076,3.778164951,3.952823285,4.137595482
2022/12/3,0,0,NA,NA,4.038173909,4.176405786,4.341385245,3.77578004,3.950585163,4.136335815
2022/12/4,3,3,4.186945958,4.186945958,4.037156785,4.175346969,4.341588366,3.773279154,3.948172586,4.134939293
2022/12/5,0,0,NA,NA,4.035968182,4.174210348,4.341233713,3.770040512,3.945556429,4.132820251
2022/12/6,3,3,3.936210162,3.936210162,4.034525652,4.172908264,4.341129552,3.76669943,3.942599251,4.130856149
2022/12/7,0,0,NA,NA,4.032682083,4.171460156,4.341087903,3.763015867,3.93945052,4.12868314
2022/12/8,3,2,4.21004169,3.706351128,4.030711839,4.169685862,4.341310682,3.759005413,3.935861802,4.126272644
2022/12/9,0,0,NA,NA,4.028344578,4.167880183,4.341821841,3.754933812,3.93197341,4.12363185
2022/12/10,0,0,NA,NA,4.025789267,4.165870957,4.342254716,3.750847135,3.927743148,4.120773252
2022/12/11,3,3,4.432818335,4.432818335,4.023220624,4.163559728,4.342426018,3.746037038,3.923423471,4.11731776
2022/12/12,0,0,NA,NA,4.020287328,4.160963796,4.342150113,3.741027934,3.918620499,4.11385043
2022/12/13,3,3,4.10841679,4.10841679,4.017112296,4.158197187,4.341540345,3.735875082,3.913594942,4.11006247
2022/12/14,0,0,NA,NA,4.013700698,4.155340212,4.340757201,3.730509447,3.908334597,4.105679162
2022/12/15,3,2,3.829318931,3.452535955,4.009874852,4.152210071,4.339534143,3.724776825,3.902777598,4.100815366
2022/12/16,0,0,NA,NA,4.006086782,4.148803487,4.337990643,3.718630744,3.896914235,4.095671876
2022/12/17,0,0,NA,NA,4.002061691,4.145338034,4.336377094,3.712241447,3.890758012,4.090356886
2022/12/18,3,3,4.097721709,4.097721709,3.997998126,4.141640551,4.334519702,3.705651105,3.884067773,4.084711195
2022/12/19,0,0,NA,NA,3.993624995,4.13766722,4.331936813,3.698825337,3.877208705,4.078662815
2022/12/20,0,0,NA,NA,3.988989445,4.133474737,4.329275763,3.691857639,3.86993485,4.072422757
2022/12/21,0,0,NA,NA,3.984193912,4.129222629,4.326261519,3.684798371,3.862394165,4.065553522
2022/12/22,0,0,NA,NA,3.979266089,4.124649751,4.323627451,3.677319386,3.854540094,4.057712417
2022/12/23,0,0,NA,NA,3.974330352,4.119860558,4.320160427,3.669775688,3.846296312,4.050207862
2022/12/24,0,0,NA,NA,3.969103098,4.114836827,4.316731495,3.661909723,3.837693485,4.042034635
2022/12/25,0,0,NA,NA,3.963748684,4.109577249,4.312957014,3.65356413,3.82866606,4.033135365
2022/12/26,3,2,4.045991208,3.59698414,3.957907308,4.104065402,4.308803954,3.645151505,3.819244668,4.023627939
2022/12/27,0,0,NA,NA,3.952005463,4.098390376,4.304480818,3.636592634,3.809635216,4.0144779
2022/12/28,0,0,NA,NA,3.9459031,4.092396494,4.299103356,3.627550001,3.799602092,4.004024823
2022/12/29,0,0,NA,NA,3.939557735,4.086178512,4.292885682,3.618701181,3.789240722,3.992903567
2022/12/30,0,0,NA,NA,3.932824485,4.079706842,4.28574639,3.609080012,3.778328595,3.98093728
2022/12/31,0,0,NA,NA,3.925820979,4.072895091,4.278143644,3.599219728,3.767091755,3.968603866
2023/1/1,0,0,NA,NA,3.918428563,4.06585036,4.269852311,3.588949182,3.755540495,3.955326377
2023/1/2,3,3,4.421684188,4.421684188,3.910621454,4.058398082,4.260498098,3.578169052,3.743400846,3.941466578
2023/1/3,3,1,4.203336046,3.200425351,3.902593147,4.050718764,4.249496518,3.567013713,3.730716427,3.926240882
2023/1/4,1,1,5.077760088,5.077760088,3.894170877,4.042561042,4.236588587,3.555530263,3.717852296,3.910230847
2023/1/5,3,3,3.729141861,3.729141861,3.885221665,4.034130707,4.222490468,3.543995259,3.704386539,3.893756028
2023/1/6,0,0,NA,NA,3.875908979,4.025383457,4.207400973,3.531784711,3.690510337,3.876171321
2023/1/7,0,0,NA,NA,3.866180068,4.016149166,4.19153644,3.518933312,3.676068526,3.857932209
2023/1/8,3,3,4.112167268,4.112167268,3.855655833,4.006640997,4.174996744,3.505648576,3.661340789,3.83951595
2023/1/9,1,1,4.792349362,4.792349362,3.844614991,3.996836802,4.15793637,3.492027605,3.646170159,3.820598208
2023/1/10,3,2,3.821759692,3.447496462,3.833140874,3.986651612,4.140819937,3.477955845,3.630484685,3.801511034
2023/1/11,0,0,NA,NA,3.820969435,3.976010211,4.125265345,3.463286239,3.614564145,3.782096677
2023/1/12,3,2,4.030523608,3.586672407,3.8077724,3.964908759,4.110237068,3.447754679,3.598229384,3.76258005
2023/1/13,0,0,NA,NA,3.793593431,3.95344627,4.095295772,3.432073871,3.581583154,3.743118227
2023/1/14,0,0,NA,NA,3.778170866,3.941668947,4.080728531,3.415695184,3.564828272,3.723940008
2023/1/15,3,2,4.325548172,3.783355449,3.760511861,3.929908679,4.066888231,3.398266944,3.547806727,3.704368686
2023/1/16,0,0,NA,NA,3.741466999,3.918065286,4.053478976,3.380965554,3.530728022,3.6851315
2023/1/17,3,2,4.106699723,3.637456483,3.720610605,3.906265921,4.041676223,3.362577845,3.513690392,3.666250327
2023/1/18,0,0,NA,NA,3.697613483,3.894522287,4.03077495,3.344078057,3.496445713,3.647891433
2023/1/19,3,1,3.850772202,3.08290407,3.672833851,3.883140667,4.020226872,3.324812131,3.479314476,3.629982125
2023/1/20,0,0,NA,NA,3.647137582,3.871891308,4.01035125,3.305117646,3.462179724,3.612432103
2023/1/21,0,0,NA,NA,3.620451192,3.860833665,4.000859368,3.285365639,3.445289738,3.595329381
2023/1/22,3,1,3.609818441,3.00258615,3.594530934,3.849925886,3.991677225,3.264966839,3.428396669,3.578769911
2023/1/23,0,0,NA,NA,3.569246905,3.839193783,3.982779582,3.24509742,3.411816758,3.562508928
2023/1/24,3,1,3.780726218,3.059555409,3.545195356,3.828731566,3.974025959,3.224928265,3.395542475,3.546769406
2023/1/25,0,0,NA,NA,3.524164763,3.818429776,3.965612938,3.205124306,3.379367672,3.531637645
2023/1/26,0,0,NA,NA,3.504001238,3.808344228,3.957703879,3.185954647,3.363642154,3.516607506
2023/1/27,3,1,3.906091581,3.101343863,3.48548075,3.799139592,3.949697085,3.166915763,3.348101752,3.502168129
2023/1/28,0,0,NA,NA,3.467884602,3.790566424,3.942078186,3.148465276,3.33290555,3.48812938
2023/1/29,3,1,3.667708006,3.021882672,3.451768351,3.781193737,3.934746727,3.130675556,3.317978127,3.474387899
2023/1/30,0,0,NA,NA,3.435879382,3.77197647,3.927660659,3.113512632,3.303412456,3.460745586
2023/1/31,3,0,NA,2.698970004,3.421782939,3.76299984,3.920975077,3.096995053,3.28917592,3.447533319
2023/2/1,0,0,NA,NA,3.407860137,3.754247229,3.914261947,3.081527157,3.27528637,3.434634708
2023/2/2,3,0,NA,2.698970004,3.394849244,3.745734763,3.9077897,3.06687046,3.261715774,3.422240052
2023/2/3,0,0,NA,NA,3.384729706,3.737485867,3.901380318,3.052708847,3.248595976,3.409887763
2023/2/4,0,0,NA,NA,3.374977889,3.729743355,3.895297659,3.039302018,3.235947067,3.398053797
2023/2/5,3,2,4.2828756,3.754907068,3.366040194,3.722002574,3.88946027,3.026388171,3.223429691,3.386367706
2023/2/6,0,0,NA,NA,3.356276984,3.714354468,3.883579499,3.01431565,3.211320332,3.374750238
2023/2/7,3,0,NA,2.698970004,3.347798015,3.706886625,3.878010895,3.002493879,3.199392705,3.363559578
2023/2/8,0,0,NA,NA,3.339202898,3.699583957,3.872519242,2.991549454,3.187896148,3.352466969
2023/2/9,3,2,3.751476473,3.400640984,3.330772538,3.692560647,3.867080071,2.980224169,3.176736739,3.341918262
2023/2/10,0,0,NA,NA,3.32165036,3.685700272,3.861860249,2.970157706,3.165988175,3.331284262
2023/2/11,3,2,3.976373005,3.550572005,3.311632714,3.678887972,3.856760722,2.960228222,3.155363555,3.321109455
2023/2/12,0,0,NA,NA,3.303408065,3.672229682,3.851571835,2.950608883,3.145287358,3.311078192
2023/2/13,0,0,NA,NA,3.295200751,3.665728786,3.846746448,2.941633155,3.135512414,3.301136926
2023/2/14,3,0,NA,2.698970004,3.287817546,3.659566097,3.841765286,2.933132793,3.125999504,3.291501047
2023/2/15,0,0,NA,NA,3.280102673,3.653371981,3.837081635,2.925125666,3.116984146,3.282216169
2023/2/16,3,1,3.661113678,3.019684562,3.272180699,3.647449145,3.832740443,2.917267363,3.108071435,3.273237183
2023/2/17,0,0,NA,NA,3.263292433,3.641687688,3.82839486,2.909741638,3.099513366,3.264599071
2023/2/18,0,0,NA,NA,3.254291753,3.636167633,3.824358631,2.903169163,3.091345039,3.256109801
2023/2/19,3,0,NA,2.698970004,3.247687379,3.630655624,3.820280674,2.896849391,3.083379518,3.247945481
2023/2/20,0,0,NA,NA,3.242478299,3.625353278,3.816434799,2.89089207,3.075960578,3.239613247
2023/2/21,3,1,3.746481009,3.048140339,3.237246378,3.620220801,3.812672395,2.885635035,3.06858735,3.231699745
2023/2/22,0,0,NA,NA,3.232892792,3.615222108,3.80900542,2.880598798,3.061737713,3.224439092
2023/2/23,3,0,NA,2.698970004,3.227118482,3.6103751,3.805545144,2.875613525,3.055095313,3.217534567
2023/2/24,0,0,NA,NA,3.222070058,3.605589791,3.802170152,2.870901755,3.048779529,3.210763047
2023/2/25,0,0,NA,NA,3.216676328,3.600939093,3.799525029,2.866022745,3.042664323,3.204047589
2023/2/26,3,1,4.025345539,3.141095182,3.211984545,3.596352489,3.796543904,2.862034224,3.036722086,3.198038
2023/2/27,0,0,NA,NA,3.207754558,3.591961522,3.793631477,2.857735861,3.03109927,3.19222548
2023/2/28,0,0,NA,NA,3.204746312,3.587659978,3.79070561,2.853684882,3.025454087,3.186349367
2023/3/1,0,0,NA,NA,3.202421882,3.583494046,3.787866846,2.849423283,3.020156113,3.18075798
2023/3/2,3,1,3.767504708,3.055148239,3.200636225,3.579203623,3.785437479,2.845819923,3.015036545,3.175279081
2023/3/3,0,0,NA,NA,3.198735995,3.574947663,3.78303626,2.841946664,3.00998033,3.170218036
2023/3/4,0,0,NA,NA,3.197010676,3.569444922,3.780812023,2.837873737,3.005170061,3.165218164
2023/3/5,3,0,NA,2.698970004,3.19434463,3.564052363,3.778505792,2.833654097,3.000430413,3.160875548
2023/3/6,0,0,NA,NA,3.191472515,3.559697136,3.77623318,2.829764911,2.995801269,3.156200409
2023/3/7,3,2,3.970190723,3.546450484,3.188733765,3.555336953,3.773876424,2.825698568,2.991257524,3.151508144
2023/3/8,0,0,NA,NA,3.185043497,3.550889415,3.771240203,2.821798856,2.986645248,3.147167017
2023/3/9,3,1,3.665800109,3.021246706,3.180853266,3.546427392,3.768497571,2.81813936,2.982087525,3.142689575
2023/3/10,0,0,NA,NA,3.177417597,3.541716093,3.765510849,2.814135315,2.977439617,3.13836497
2023/3/11,0,0,NA,NA,3.172421867,3.537128503,3.762393394,2.810264582,2.97285326,3.13481875
2023/3/12,3,0,NA,2.698970004,3.166566349,3.532298672,3.758982429,2.806551665,2.96842459,3.130508631
2023/3/13,0,0,NA,NA,3.160291505,3.527312331,3.755872725,2.802475252,2.96399733,3.125989832
2023/3/14,3,2,3.77293558,3.414947055,3.153868863,3.522232128,3.752525009,2.798194007,2.959499247,3.121734127
2023/3/15,0,0,NA,NA,3.147512521,3.516846898,3.749116614,2.793742591,2.954984735,3.11734206
2023/3/16,3,1,3.480405884,2.959448631,3.139301236,3.511314399,3.745468005,2.789176736,2.950364807,3.113209754
2023/3/17,0,0,NA,NA,3.131213279,3.50547738,3.742102186,2.784666678,2.945833768,3.108929847
2023/3/18,0,0,NA,NA,3.121946976,3.499580346,3.738355474,2.780314267,2.941173645,3.104310105
2023/3/19,3,1,4.733176429,3.377038812,3.112504236,3.493410998,3.734459287,2.775596652,2.936544374,3.09959126
2023/3/20,0,0,NA,NA,3.102478551,3.487074855,3.730522912,2.770697794,2.931785731,3.094804586
2023/3/21,0,0,NA,NA,3.091361696,3.480561703,3.726818186,2.765841215,2.926963707,3.090135359
2023/3/22,0,0,NA,NA,3.080081762,3.473825254,3.722529739,2.761231144,2.922129538,3.085008108
2023/3/23,3,0,NA,2.698970004,3.068463683,3.466854559,3.718074083,2.756515485,2.917190427,3.080155834
2023/3/24,0,0,NA,NA,3.056475261,3.459635243,3.713537063,2.751722862,2.912326572,3.074910574
2023/3/25,0,0,NA,NA,3.044334235,3.452263747,3.708552867,2.747087762,2.907245729,3.069649537
2023/3/26,3,1,4.458539062,3.285493023,3.031231002,3.444651634,3.703617941,2.742283553,2.902107558,3.064471895
2023/3/27,0,0,NA,NA,3.01838503,3.436825262,3.698483299,2.737303787,2.896848079,3.059117234
2023/3/28,3,0,NA,2.698970004,3.005373684,3.429024932,3.693565738,2.732303083,2.89172328,3.053498593
2023/3/29,0,0,NA,NA,2.991089418,3.421122115,3.688340326,2.727453828,2.886731206,3.04765037
2023/3/30,3,1,3.754719197,3.050886402,2.975704012,3.413136568,3.683175045,2.722434447,2.881704414,3.04208233
2023/3/31,0,0,NA,NA,2.960221765,3.405021392,3.678101048,2.717416065,2.876628347,3.036474743
2023/4/1,0,0,NA,NA,2.94529152,3.396913562,3.672640439,2.712307785,2.871500593,3.03080108
2023/4/2,3,0,NA,2.698970004,2.930312745,3.388572691,3.667444794,2.707565942,2.866337676,3.025124472
2023/4/3,0,0,NA,NA,2.914617757,3.380146094,3.662137748,2.702631759,2.861231362,3.019467021
2023/4/4,3,1,3.891258369,3.096399459,2.898625522,3.371589027,3.656897477,2.69782536,2.856106237,3.014140026
2023/4/5,0,0,NA,NA,2.881475357,3.362924437,3.651966453,2.692479196,2.851056261,3.008844272
2023/4/6,3,0,NA,2.698970004,2.865424614,3.354311706,3.646687776,2.687501394,2.846116974,3.003334077
2023/4/7,0,0,NA,NA,2.849745101,3.345554665,3.641555597,2.682625071,2.84111479,2.998218308
2023/4/8,0,0,NA,NA,2.832594944,3.336771626,3.636504611,2.677580506,2.836173443,2.99298518
2023/4/9,3,1,3.639974809,3.012638273,2.815262261,3.328133015,3.631301496,2.672507391,2.83121238,2.987517164
2023/4/10,0,0,NA,NA,2.797171499,3.319399725,3.626044341,2.667426722,2.826334463,2.982808954
2023/4/11,3,0,NA,2.698970004,2.777774814,3.310548994,3.620976659,2.662226889,2.821508483,2.978018855
2023/4/12,0,0,NA,NA,2.759891917,3.301822159,3.616054769,2.65743794,2.816766168,2.973377255
2023/4/13,3,0,NA,2.698970004,2.743251083,3.293140399,3.61114664,2.652769691,2.812170379,2.968799931
2023/4/14,0,0,NA,NA,2.726856997,3.284493432,3.606132089,2.648071855,2.80766648,2.96443311
2023/4/15,0,0,NA,NA,2.711429452,3.275880325,3.601252981,2.64360103,2.803157653,2.960059428
2023/4/16,3,0,NA,2.698970004,2.695736985,3.267214585,3.596192545,2.639249303,2.798986976,2.955835147
2023/4/17,0,0,NA,NA,2.679025538,3.258574412,3.591557373,2.635075438,2.794728947,2.951676574
2023/4/18,2,0,NA,2.698970004,2.662030448,3.25008409,3.586414826,2.630799587,2.790499304,2.947751954
2023/4/19,1,0,NA,2.698970004,2.647266554,3.241646662,3.581297838,2.626807755,2.786643794,2.944250661
2023/4/20,0,0,NA,NA,2.631989339,3.233200524,3.576302452,2.622865442,2.782824482,2.940411255
2023/4/21,0,0,NA,NA,2.617002962,3.224823028,3.57158291,2.618886029,2.779033631,2.936984742
2023/4/22,0,0,NA,NA,2.602467373,3.216532197,3.567245778,2.615097453,2.775317217,2.933476808
2023/4/23,0,0,NA,NA,2.589091983,3.208429611,3.562607907,2.611260343,2.771746625,2.930083287
2023/4/24,0,0,NA,NA,2.576544073,3.200265246,3.558110411,2.607936481,2.768206064,2.926761855
2023/4/25,3,0,NA,2.698970004,2.562172369,3.192005498,3.553738022,2.604496169,2.764848408,2.92374629
2023/4/26,0,0,NA,NA,2.548499512,3.183836307,3.549487098,2.60118918,2.761568134,2.920718059
2023/4/27,3,0,NA,2.698970004,2.534795687,3.175530283,3.545123656,2.59842774,2.758380993,2.918029929
2023/4/28,0,0,NA,NA,2.520236819,3.167343723,3.54087901,2.595606148,2.755291107,2.91553169
2023/4/29,0,0,NA,NA,2.505443304,3.159446012,3.53674384,2.592885518,2.752305225,2.91287623
2023/4/30,3,0,NA,2.698970004,2.490701741,3.151633952,3.532612107,2.590211351,2.749578394,2.910081897
2023/5/1,0,0,NA,NA,2.477309636,3.14370321,3.528435777,2.587513519,2.747056937,2.907755098
2023/5/2,3,0,NA,2.698970004,2.463454187,3.135954283,3.5244356,2.585151369,2.744522521,2.905463845
2023/5/3,0,0,NA,NA,2.449626593,3.128529712,3.520616892,2.582735458,2.742099279,2.903136011
2023/5/4,3,0,NA,2.698970004,2.437184744,3.121190613,3.516940436,2.580430391,2.739823949,2.900935726
2023/5/5,0,0,NA,NA,2.42561343,3.113742549,3.51338569,2.578145977,2.737598242,2.89883534
2023/5/6,0,0,NA,NA,2.41237954,3.106471665,3.509992551,2.575942739,2.735444038,2.896915862
2023/5/7,3,0,NA,2.698970004,2.400328259,3.099162239,3.506314383,2.573676737,2.733407757,2.895579592
2023/5/8,0,0,NA,NA,2.388919889,3.091984437,3.502659106,2.571597063,2.731444255,2.894602572
2023/5/9,3,0,NA,2.698970004,2.378286942,3.084962605,3.499139766,2.569221638,2.729624947,2.893424598
2023/5/10,0,0,NA,NA,2.369405103,3.078104975,3.495879446,2.566704834,2.727842008,2.892038917
2023/5/11,3,0,NA,2.698970004,2.359577963,3.071056036,3.49293346,2.564061919,2.726145774,2.891108635
2023/5/12,0,0,NA,NA,2.349075505,3.063919884,3.489660809,2.561053128,2.724524787,2.890424799
2023/5/13,0,0,NA,NA,2.337807998,3.056680304,3.48714673,2.558068932,2.723013371,2.890132098
2023/5/14,0,0,NA,NA,2.3283782,3.049890192,3.484417598,2.554690161,2.72151321,2.889604416
2023/5/15,0,0,NA,NA,2.317562739,3.043232831,3.482022241,2.551650531,2.720131753,2.889508443
2023/5/16,3,0,NA,2.698970004,2.307106849,3.036505889,3.479473182,2.548288989,2.718762894,2.889718798
2023/5/17,0,0,NA,NA,2.296186867,3.02988509,3.477313916,2.544717552,2.717427301,2.890764091
2023/5/18,2,0,NA,2.698970004,2.284171366,3.023190398,3.475275899,2.540809968,2.716119288,2.891937574
2023/5/19,0,0,NA,NA,2.272590947,3.016724292,3.473050196,2.536551325,2.714792609,2.893370204
2023/5/20,0,0,NA,NA,2.260450446,3.010194728,3.47114134,2.532073671,2.713457092,2.89535739
2023/5/21,3,0,NA,2.698970004,2.247189684,3.003608465,3.469592864,2.527272731,2.712091144,2.897595145
2023/5/22,0,0,NA,NA,2.231691906,2.997138774,3.467966511,2.521339416,2.710703565,2.900737981
2023/5/23,3,1,3.608186907,3.002042305,2.216034167,2.990818316,3.466647669,2.515251431,2.709355447,2.904034495
2023/5/24,0,0,NA,NA,2.200820804,2.984480919,3.465149363,2.508804663,2.707954237,2.907977667
2023/5/25,3,0,NA,2.698970004,2.184341381,2.977839157,3.464058119,2.50137416,2.706520766,2.912458532
2023/5/26,0,0,NA,NA,2.167183113,2.971549284,3.462952692,2.493712354,2.705296106,2.917718168
2023/5/27,0,0,NA,NA,2.149572426,2.96537317,3.462420701,2.48561958,2.703800954,2.92324299
2023/5/28,2,0,NA,2.698970004,2.131865456,2.95913147,3.462382133,2.477331499,2.702355232,2.929787357
2023/5/29,1,0,NA,2.698970004,2.113373988,2.953027244,3.462286242,2.46814155,2.70105786,2.937482586
2023/5/30,2,0,NA,2.698970004,2.094593195,2.947317451,3.462845708,2.458680094,2.699636605,2.945349796
2023/5/31,1,0,NA,2.698970004,2.075359998,2.942135559,3.463650359,2.44830464,2.698033809,2.953952654
2023/6/1,3,0,NA,2.698970004,2.05539309,2.937001779,3.464699909,2.437451875,2.696579771,2.962877838
