date,count,positive,concentration,substitution,low_7_a,med_7_a,upr_7_a,low_7_s,med_7_s,upr_7_s,low_7_i,med_7_i,upr_7_i
2022/5/16,2,1,3.761651312,3.230310658,3.124898224,3.636123658,3.983534569,2.672135836,3.035838596,3.410055391,3.288752626,3.615916922,3.904446043
2022/5/17,2,1,3.995170758,3.347070381,3.118533863,3.616059934,3.949414414,2.677108027,3.016785954,3.361675007,3.284235197,3.597283016,3.868196154
2022/5/18,2,0,NA,2.698970004,3.110564705,3.595449442,3.918686963,2.678981766,2.997708039,3.317689259,3.278305858,3.578970443,3.834850392
2022/5/19,0,0,NA,NA,3.100021374,3.574894243,3.891283705,2.679828226,2.978234708,3.277320301,3.269792414,3.559854647,3.805417562
2022/5/20,0,0,NA,NA,3.087779365,3.554504078,3.866400327,2.678702912,2.959347053,3.240534881,3.259035061,3.5412808,3.778770692
2022/5/21,0,0,NA,NA,3.072713169,3.534306509,3.844185609,2.674621631,2.940415525,3.207094652,3.247698381,3.523083546,3.753059805
2022/5/22,0,0,NA,NA,3.05755069,3.514332337,3.824436669,2.667839502,2.922158469,3.177720265,3.233845964,3.505333161,3.729933894
2022/5/23,2,1,3.712721876,3.20584594,3.040742413,3.494736396,3.805806614,2.659196913,2.904264966,3.150400602,3.220673386,3.48705736,3.711010009
2022/5/24,2,0,NA,2.698970004,3.021569055,3.475898693,3.788392676,2.648554047,2.886861881,3.126234115,3.202943315,3.470083179,3.691908777
2022/5/25,2,0,NA,2.698970004,3.000524716,3.457758433,3.77250886,2.635573324,2.870212348,3.104516867,3.186440872,3.453308127,3.674813942
2022/5/26,0,0,NA,NA,2.978444798,3.44027862,3.757791448,2.622072799,2.854481464,3.085130941,3.16879972,3.436966554,3.659123915
2022/5/27,0,0,NA,NA,2.956567551,3.423314412,3.744641825,2.60863536,2.839708847,3.066940745,3.149295841,3.42128751,3.644303851
2022/5/28,0,0,NA,NA,2.932374767,3.40707169,3.732139324,2.595780254,2.825600095,3.050438021,3.130610664,3.406752753,3.6309593
2022/5/29,0,0,NA,NA,2.908565468,3.392002062,3.720933112,2.583366074,2.812688524,3.035614775,3.114926016,3.392468401,3.617386567
2022/5/30,0,0,NA,NA,2.886542745,3.377471543,3.711086711,2.570795743,2.800640811,3.021698678,3.097320514,3.379510102,3.606815589
2022/5/31,2,0,NA,2.698970004,2.86475751,3.363941383,3.701468074,2.559744771,2.789394386,3.009214809,3.083658074,3.367170879,3.596557379
2022/6/1,2,0,NA,2.698970004,2.843458937,3.351160459,3.692252978,2.550302983,2.779255032,2.99792433,3.070071381,3.356100316,3.586663246
2022/6/2,2,0,NA,2.698970004,2.824472525,3.3395523,3.683750491,2.541278632,2.770086646,2.988215407,3.058494783,3.345410414,3.5767496
2022/6/3,0,0,NA,NA,2.806668592,3.329245126,3.676242728,2.532830839,2.762208692,2.979161664,3.046300038,3.335936272,3.567644618
2022/6/4,0,0,NA,NA,2.790789456,3.319056404,3.669557918,2.526461351,2.755148011,2.971643232,3.037587957,3.327163547,3.559569294
2022/6/5,0,0,NA,NA,2.778078458,3.310494755,3.663154351,2.521223633,2.748993334,2.96558148,3.028510351,3.320357269,3.552665853
2022/6/6,2,0,NA,2.698970004,2.764605525,3.302555342,3.657817929,2.516610965,2.743699647,2.960360435,3.01899015,3.314002083,3.547480605
2022/6/7,2,0,NA,2.698970004,2.753595957,3.295609785,3.652970505,2.513285364,2.739505127,2.955686646,3.012534345,3.308470931,3.54190823
2022/6/8,2,0,NA,2.698970004,2.744578451,3.289882136,3.648674172,2.510779692,2.736315057,2.952045234,3.00693129,3.304027461,3.538192014
2022/6/9,0,0,NA,NA,2.737047304,3.285151249,3.645361106,2.508848356,2.733895564,2.949806809,3.001786706,3.300098313,3.53515019
2022/6/10,0,0,NA,NA,2.732694401,3.280970868,3.642434825,2.507281993,2.73242031,2.947371935,2.998494458,3.297480262,3.532251918
2022/6/11,0,0,NA,NA,2.729521111,3.277966284,3.640204797,2.507288501,2.73152272,2.946315136,2.997697724,3.29596159,3.529897854
2022/6/12,0,0,NA,NA,2.7268123,3.275712078,3.638450487,2.508112199,2.731575644,2.945547181,2.999733054,3.295190901,3.528951163
2022/6/13,2,0,NA,2.698970004,2.72615605,3.274356646,3.637228778,2.509848971,2.732290243,2.945932562,2.999274851,3.295545209,3.527516247
2022/6/14,2,0,NA,2.698970004,2.727625235,3.274112336,3.636778996,2.512277538,2.733899722,2.947489572,3.002729279,3.296716324,3.528781008
2022/6/15,2,0,NA,2.698970004,2.729565725,3.274550625,3.636546693,2.515566409,2.736040093,2.949471452,3.007039067,3.298523452,3.528495556
2022/6/16,0,0,NA,NA,2.733743961,3.275938015,3.636996996,2.519508015,2.738758647,2.952119109,3.010315332,3.30126944,3.530280143
2022/6/17,0,0,NA,NA,2.738679055,3.277882552,3.638231891,2.523168315,2.742010324,2.955673896,3.016110576,3.304386396,3.532439233
2022/6/18,0,0,NA,NA,2.743120257,3.280752411,3.639916547,2.528099556,2.745675299,2.959220683,3.02325765,3.308284943,3.533439203
2022/6/19,0,0,NA,NA,2.750314563,3.28418821,3.641995071,2.533184134,2.749868602,2.964202099,3.029918573,3.312876686,3.535720338
2022/6/20,2,0,NA,2.698970004,2.757443183,3.288070949,3.644911393,2.53897813,2.75455739,2.969447451,3.036606697,3.317541651,3.539625233
2022/6/21,2,0,NA,2.698970004,2.764401331,3.292473851,3.647712276,2.544772236,2.759756965,2.975570904,3.044501541,3.322879293,3.543262424
2022/6/22,2,0,NA,2.698970004,2.772181634,3.297367891,3.651552336,2.550683411,2.765331279,2.981664208,3.051810156,3.329368924,3.547682505
2022/6/23,0,0,NA,NA,2.78018263,3.302636643,3.655104981,2.55724852,2.770886302,2.987856862,3.058935688,3.335467027,3.5525957
2022/6/24,0,0,NA,NA,2.787843876,3.308153555,3.659096285,2.563530845,2.776693387,2.994440592,3.068118661,3.342367795,3.558322101
2022/6/25,0,0,NA,NA,2.795711224,3.313454788,3.664095491,2.569585144,2.782720107,3.001228136,3.075244152,3.348808734,3.563716453
2022/6/26,0,0,NA,NA,2.803126827,3.319075054,3.668159496,2.575560339,2.78821395,3.007751108,3.083433037,3.354099743,3.569495103
2022/6/27,2,1,3.534809513,3.116889758,2.810622962,3.324691574,3.672955834,2.581514949,2.79381997,3.014338263,3.089843281,3.360337832,3.574869795
2022/6/28,2,0,NA,2.698970004,2.817572766,3.329945411,3.677524256,2.586776475,2.79890386,3.020631441,3.096453178,3.366377716,3.579526199
2022/6/29,2,0,NA,2.698970004,2.824436898,3.335411245,3.681379795,2.591767438,2.80365283,3.027015195,3.10426923,3.37151071,3.583861068
2022/6/30,0,0,NA,NA,2.831472971,3.340563403,3.685831619,2.596056282,2.808257268,3.032552572,3.109349571,3.376507379,3.588176033
2022/7/1,0,0,NA,NA,2.838271514,3.345539912,3.689726123,2.599937057,2.812461271,3.037639876,3.11463671,3.381070876,3.593510977
2022/7/2,0,0,NA,NA,2.845382896,3.350098118,3.69340272,2.603623899,2.816268459,3.041458281,3.119123896,3.384979798,3.59753985
2022/7/3,0,0,NA,NA,2.851179263,3.354429014,3.696874387,2.607121687,2.819678352,3.04453389,3.124694967,3.38890323,3.600392501
2022/7/4,0,0,NA,NA,2.856963796,3.358525267,3.700652612,2.610234217,2.822383308,3.046607513,3.128984646,3.392019571,3.604227704
2022/7/5,2,0,NA,2.698970004,2.862656124,3.362590179,3.703637111,2.612126507,2.82439877,3.047648594,3.133214994,3.394806087,3.606007891
2022/7/6,2,1,4.356862881,3.527916443,2.867328382,3.366144772,3.705499795,2.614087022,2.825673018,3.048501385,3.137147053,3.397108921,3.607737657
2022/7/7,2,0,NA,2.698970004,2.871887397,3.369354896,3.70744891,2.615222777,2.826082456,3.047845445,3.139908981,3.398504852,3.609355341
2022/7/8,0,0,NA,NA,2.875926614,3.372363321,3.709138241,2.615215286,2.825807812,3.046517084,3.141283984,3.40016048,3.609958625
2022/7/9,0,0,NA,NA,2.879491316,3.374414899,3.710700552,2.614756976,2.824863929,3.044351204,3.142783532,3.400647127,3.610053159
2022/7/10,0,0,NA,NA,2.881645392,3.376579507,3.71215942,2.613431538,2.823392902,3.040666712,3.143798734,3.401386742,3.610700904
2022/7/11,2,0,NA,2.698970004,2.884837461,3.378209613,3.71222047,2.612197256,2.821470166,3.037776917,3.14466841,3.401229541,3.610493658
2022/7/12,2,1,3.502724198,3.100847101,2.887079273,3.379190319,3.712379502,2.609912115,2.819243889,3.034284936,3.142321776,3.400640522,3.609756226
2022/7/13,2,0,NA,2.698970004,2.889509844,3.380071792,3.713056091,2.60751458,2.816536988,3.030365613,3.141119261,3.399701767,3.609011355
2022/7/14,0,0,NA,NA,2.891331575,3.380496808,3.712926162,2.604261883,2.813646712,3.027339246,3.139230146,3.398277935,3.607411044
2022/7/15,0,0,NA,NA,2.891737456,3.380514731,3.71293219,2.600925399,2.810439119,3.023886428,3.137790725,3.396505368,3.605440298
2022/7/16,0,0,NA,NA,2.893081484,3.380778563,3.712347723,2.597328507,2.807451454,3.019810331,3.136810012,3.394735867,3.603568311
2022/7/17,0,0,NA,NA,2.894857008,3.381205557,3.712075338,2.593638962,2.804264584,3.01685608,3.135220903,3.39277413,3.600025944
2022/7/18,2,0,NA,2.698970004,2.895940001,3.381216478,3.71138608,2.590300591,2.801296586,3.013433319,3.134345944,3.390672985,3.597669068
2022/7/19,2,0,NA,2.698970004,2.897557616,3.381383481,3.711461471,2.586833825,2.79849497,3.010125875,3.13375763,3.388287836,3.595405514
2022/7/20,2,0,NA,2.698970004,2.89851218,3.381888,3.711497323,2.583543698,2.79588657,3.007885615,3.132034627,3.386171497,3.593405352
2022/7/21,0,0,NA,NA,2.90004434,3.382282251,3.711415921,2.580521924,2.793608727,3.006386154,3.131249601,3.384481385,3.591382416
2022/7/22,0,0,NA,NA,2.902415105,3.38274032,3.711696054,2.577728464,2.79177829,3.004787823,3.128930733,3.382888381,3.589089247
2022/7/23,0,0,NA,NA,2.90466936,3.383381573,3.712358193,2.575063647,2.790227926,3.002538141,3.126989299,3.380968397,3.58770122
2022/7/24,0,0,NA,NA,2.907450689,3.384281854,3.712948994,2.573142203,2.788577508,3.00034564,3.124781645,3.379354586,3.587097456
2022/7/25,2,1,3.597908342,3.148439173,2.909480542,3.385162016,3.712999163,2.571224568,2.78731905,2.998914514,3.122802447,3.377696979,3.585352675
2022/7/26,1,0,NA,2.698970004,2.911685803,3.385983822,3.713825527,2.569379627,2.786244958,2.997591398,3.121293458,3.376383904,3.584810428
2022/7/27,2,0,NA,2.698970004,2.91363742,3.387051372,3.714394149,2.567573601,2.785464117,2.996704054,3.119948318,3.374961623,3.58456522
2022/7/28,0,0,NA,NA,2.915289103,3.388159401,3.715085616,2.565993655,2.785294655,2.997109136,3.117789405,3.374180218,3.583827476
2022/7/29,0,0,NA,NA,2.918361812,3.389411109,3.71637054,2.56518006,2.786038195,2.99721213,3.116873136,3.373687196,3.582880049
2022/7/30,0,0,NA,NA,2.920990284,3.391461915,3.717175091,2.565581656,2.786784087,2.997794655,3.114516176,3.373055847,3.583402328
2022/7/31,0,0,NA,NA,2.924869981,3.393584179,3.718795904,2.566490585,2.788358302,2.999553276,3.115916252,3.372870469,3.582003353
2022/8/1,2,0,NA,2.698970004,2.929978952,3.39633091,3.720419549,2.568134471,2.790629139,3.00239826,3.116412518,3.373391443,3.584163131
2022/8/2,2,0,NA,2.698970004,2.936282146,3.399652494,3.722774385,2.570995237,2.793683478,3.005549053,3.119842863,3.37444383,3.585080092
2022/8/3,1,0,NA,2.698970004,2.943207989,3.403335211,3.725203615,2.574871978,2.797550474,3.00990283,3.121408234,3.376031241,3.587193269
2022/8/4,0,0,NA,NA,2.951019865,3.407623687,3.72796928,2.58029565,2.802161177,3.014949741,3.12543472,3.378341226,3.590267289
2022/8/5,0,0,NA,NA,2.960098381,3.412648389,3.731513978,2.586998761,2.807843278,3.020885543,3.129357238,3.381299845,3.593374123
2022/8/6,0,0,NA,NA,2.968414449,3.418108386,3.735037566,2.59424543,2.814318204,3.027781747,3.134197082,3.384783261,3.596163906
2022/8/7,0,0,NA,NA,2.977816176,3.424074927,3.738789675,2.602496087,2.821708018,3.035455889,3.141715791,3.388969628,3.600684727
2022/8/8,2,0,NA,2.698970004,2.987818487,3.430479241,3.743027747,2.612838346,2.830109511,3.043611855,3.149420267,3.393773461,3.605633346
2022/8/9,2,0,NA,2.698970004,2.998541277,3.437560068,3.74793584,2.623806313,2.839435946,3.05331608,3.158411922,3.39908625,3.611316446
2022/8/10,2,0,NA,2.698970004,3.011194166,3.444932359,3.752844241,2.63532726,2.849465377,3.063797683,3.166942098,3.40577087,3.61724133
2022/8/11,0,0,NA,NA,3.023395352,3.453023023,3.758889223,2.647448017,2.860339983,3.075651903,3.175686252,3.412971627,3.623977349
2022/8/12,0,0,NA,NA,3.036268701,3.461545605,3.764918438,2.65939792,2.871819498,3.088231081,3.185150784,3.420880587,3.63165826
2022/8/13,0,0,NA,NA,3.049479936,3.470237965,3.771192039,2.671459362,2.883804191,3.101297363,3.19383882,3.428528873,3.639030392
2022/8/14,0,0,NA,NA,3.062622546,3.479037279,3.777933656,2.683803375,2.896196782,3.115555129,3.204326547,3.436488829,3.646427413
2022/8/15,2,0,NA,2.698970004,3.075530942,3.487967632,3.784854666,2.696058282,2.908765977,3.129952866,3.215728012,3.4449271,3.653228641
2022/8/16,2,0,NA,2.698970004,3.088215838,3.496950221,3.792016876,2.707713848,2.921357815,3.14580022,3.226411201,3.453301775,3.661188796
2022/8/17,2,1,3.445390515,3.07218026,3.1018526,3.505893972,3.798852623,2.718837481,2.933873201,3.162925978,3.236766597,3.462118387,3.668691735
2022/8/18,0,0,NA,NA,3.114955506,3.514825806,3.805578174,2.7296092,2.945884993,3.179609046,3.247243272,3.470866503,3.675730104
2022/8/19,0,0,NA,NA,3.126991809,3.523486847,3.81290314,2.739063394,2.957200287,3.195496246,3.256471963,3.479228927,3.68279553
2022/8/20,0,0,NA,NA,3.139144087,3.53179251,3.819454639,2.747377211,2.967578104,3.211304843,3.265647863,3.487049371,3.690702867
2022/8/21,0,0,NA,NA,3.151147038,3.539483606,3.825936543,2.755249775,2.977004992,3.224609507,3.27348072,3.493798697,3.696995699
2022/8/22,2,1,4.826483649,3.762726827,3.160883375,3.546671744,3.831718731,2.761734853,2.984892635,3.235751265,3.281232255,3.499950686,3.703187194
2022/8/23,2,0,NA,2.698970004,3.171672863,3.553584746,3.837083925,2.767086085,2.990983421,3.243646156,3.287486025,3.505005834,3.708508994
2022/8/24,2,1,5.039507868,3.869238936,3.181186817,3.559957072,3.84177353,2.770920582,2.99533651,3.248835105,3.292851196,3.509455696,3.713713419
2022/8/25,0,0,NA,NA,3.190079747,3.565590001,3.846068036,2.773833786,2.997935613,3.251294876,3.29681288,3.512984773,3.717794094
2022/8/26,0,0,NA,NA,3.199127319,3.570432721,3.849528208,2.775556211,2.99902987,3.250247728,3.301636391,3.516198094,3.720024252
2022/8/27,0,0,NA,NA,3.207069172,3.574581676,3.852237685,2.776113728,2.999010092,3.247045506,3.304919625,3.518520345,3.720854387
2022/8/28,0,0,NA,NA,3.21418049,3.578220629,3.854595124,2.775039134,2.997777488,3.241145761,3.308020451,3.51972884,3.720230165
2022/8/29,2,1,3.572865303,3.135917653,3.220712299,3.581157111,3.855421178,2.773244003,2.995490994,3.233853854,3.30904618,3.519960202,3.719387459
2022/8/30,2,1,3.684756765,3.191863385,3.226944351,3.583628987,3.856010307,2.770689224,2.992056592,3.225486177,3.308403327,3.519805382,3.718313152
2022/8/31,2,1,3.750751188,3.224860596,3.232076635,3.585624111,3.855950671,2.766053897,2.987768407,3.216432077,3.306831634,3.518338366,3.716685179
2022/9/1,0,0,NA,NA,3.236823172,3.587187575,3.855449862,2.76024393,2.98285788,3.208160036,3.30466118,3.51641312,3.714050688
2022/9/2,0,0,NA,NA,3.241368936,3.588883887,3.855404018,2.753354146,2.978034317,3.201476492,3.30161973,3.513976591,3.71097074
2022/9/3,0,0,NA,NA,3.244757653,3.590545173,3.855531079,2.746186082,2.973578603,3.195440045,3.298095622,3.51154665,3.707932793
2022/9/4,0,0,NA,NA,3.249190551,3.592566534,3.856186169,2.737703755,2.969791452,3.1919712,3.295054887,3.509357356,3.705179879
2022/9/5,0,0,NA,NA,3.252973008,3.594992241,3.857820308,2.729497093,2.966777187,3.191230166,3.2925194,3.507459301,3.702089752
2022/9/6,2,0,NA,2.698970004,3.256580734,3.59808258,3.860787574,2.722537327,2.96517692,3.192722702,3.289586003,3.505792356,3.70099623
2022/9/7,2,0,NA,2.698970004,3.261809137,3.602274223,3.864361228,2.715724574,2.965234658,3.196740961,3.288883448,3.505123145,3.699336392
2022/9/8,0,0,NA,NA,3.268165114,3.607377775,3.86855104,2.711271648,2.967331596,3.20332251,3.288173592,3.505432175,3.699679022
2022/9/9,0,0,NA,NA,3.275932711,3.613907432,3.873829286,2.709451751,2.971500844,3.212234438,3.288112764,3.507169948,3.700689759
2022/9/10,0,0,NA,NA,3.285775022,3.621545983,3.880484894,2.710488593,2.978201117,3.223356971,3.291407238,3.510335467,3.702403243
2022/9/11,0,0,NA,NA,3.296905527,3.630585128,3.888191596,2.714788969,2.987563945,3.237403694,3.295300715,3.514334413,3.706159085
2022/9/12,2,0,NA,2.698970004,3.31063568,3.640781402,3.896948348,2.722889287,2.999445505,3.25304571,3.301065349,3.520045398,3.711192243
2022/9/13,2,0,NA,2.698970004,3.327173679,3.652622132,3.907192861,2.734345776,3.01451746,3.271270071,3.30868893,3.527247685,3.717355751
2022/9/14,2,0,NA,2.698970004,3.3458826,3.666035716,3.918636622,2.750483134,3.032607576,3.29080211,3.31911569,3.536095376,3.725523157
2022/9/15,0,0,NA,NA,3.366678097,3.681091463,3.930846267,2.771335465,3.053875477,3.313333341,3.331920425,3.546412685,3.733903398
2022/9/16,0,0,NA,NA,3.389565144,3.697631639,3.943958208,2.796350413,3.078326724,3.337853612,3.346726612,3.558440635,3.7448047
2022/9/17,0,0,NA,NA,3.415011506,3.715707415,3.958274113,2.825739999,3.105727824,3.363970629,3.362492497,3.572099462,3.756610629
2022/9/18,0,0,NA,NA,3.44157875,3.735383633,3.973676479,2.858688235,3.136189437,3.392705587,3.381523912,3.587566324,3.770203286
2022/9/19,2,0,NA,2.698970004,3.470417858,3.755973693,3.989808871,2.895532315,3.169288317,3.422610576,3.401540433,3.604167755,3.785172663
2022/9/20,2,0,NA,2.698970004,3.500956045,3.778118847,4.007440159,2.936664028,3.205225654,3.454577867,3.422459754,3.62182269,3.80153043
2022/9/21,2,2,4.034925845,4.034925845,3.532667767,3.801414222,4.025884524,2.979172123,3.243737879,3.488633493,3.444998469,3.640307953,3.819195008
2022/9/22,0,0,NA,NA,3.56454975,3.825430212,4.044977141,3.024513112,3.284300149,3.524712251,3.467195219,3.660037682,3.837911402
2022/9/23,0,0,NA,NA,3.597256814,3.85040551,4.065171013,3.072018756,3.326885196,3.561998261,3.491077896,3.68012897,3.857248181
2022/9/24,0,0,NA,NA,3.631190626,3.876446972,4.086037771,3.121835732,3.371506149,3.601602016,3.514016717,3.701447497,3.87860373
2022/9/25,0,0,NA,NA,3.66475089,3.903497522,4.108224916,3.173192314,3.41756465,3.642206983,3.538584507,3.723580185,3.900864175
2022/9/26,2,1,3.62594636,3.162458182,3.699837116,3.931232514,4.131303908,3.226359039,3.46550699,3.68529118,3.563893478,3.746817637,3.923320124
2022/9/27,2,1,4.621382012,3.660176008,3.735259394,3.959615665,4.155633013,3.281509382,3.514982018,3.730920558,3.588660999,3.770529073,3.947036462
2022/9/28,2,1,3.308354072,3.003662038,3.770520011,3.988631353,4.180844753,3.337672859,3.565573015,3.778697107,3.614299656,3.794286511,3.972196759
2022/9/29,0,0,NA,NA,3.806530951,4.018120666,4.20624,3.393985332,3.617681064,3.829152632,3.640529067,3.818974279,3.997109821
2022/9/30,0,0,NA,NA,3.842496776,4.048014473,4.233749868,3.450484852,3.670480851,3.880580501,3.667023568,3.844046189,4.022707789
2022/10/1,0,0,NA,NA,3.87836501,4.078405545,4.261878656,3.506442531,3.723905295,3.934709628,3.694821571,3.870140552,4.0497089
2022/10/2,0,0,NA,NA,3.914187262,4.108733504,4.290982392,3.562499744,3.777451721,3.990422154,3.721122562,3.896082147,4.077225972
2022/10/3,2,2,3.824760991,3.824760991,3.949463345,4.13943399,4.320617419,3.616677833,3.830688754,4.04801802,3.747921969,3.922141066,4.105106025
2022/10/4,2,1,4.757734524,3.728352264,3.983648221,4.169861955,4.351469075,3.670306945,3.883328023,4.10563373,3.774728013,3.948118763,4.132338704
2022/10/5,2,2,4.827254254,4.827254254,4.017018107,4.200210553,4.381991275,3.721154729,3.935524388,4.163237606,3.800135402,3.974291515,4.158675351
2022/10/6,0,0,NA,NA,4.049274178,4.230000818,4.413077685,3.770007648,3.986284078,4.219567087,3.825991979,4.000457953,4.183927677
2022/10/7,0,0,NA,NA,4.080428125,4.259506803,4.444571604,3.816843214,4.035572609,4.274314692,3.851421146,4.026007191,4.210445432
2022/10/8,0,0,NA,NA,4.110844179,4.288388356,4.475133629,3.862225182,4.083603346,4.327457255,3.875794185,4.051257134,4.236763863
2022/10/9,0,0,NA,NA,4.14027642,4.316606477,4.505110689,3.905839593,4.130353084,4.378201992,3.899189298,4.075929295,4.26262291
2022/10/10,2,2,3.851171691,3.851171691,4.168689814,4.344162877,4.534875379,3.94846666,4.174972019,4.426688943,3.922118716,4.099788778,4.287233442
2022/10/11,2,2,4.797817143,4.797817143,4.195887008,4.370928292,4.563864669,3.988864237,4.218092466,4.472365468,3.944051132,4.122906673,4.311831222
2022/10/12,2,2,4.700934574,4.700934574,4.221720872,4.396708895,4.591871444,4.02736919,4.258981383,4.514776506,3.96526085,4.145062918,4.334559562
2022/10/13,0,0,NA,NA,4.246654767,4.421546594,4.618426878,4.064379441,4.297725064,4.554532572,3.985813336,4.166164419,4.356472325
2022/10/14,0,0,NA,NA,4.270460839,4.445276416,4.643625913,4.099288794,4.334216402,4.591139146,4.005516926,4.186095275,4.376668992
2022/10/15,0,0,NA,NA,4.293088358,4.468117408,4.666900968,4.132446057,4.368396544,4.62413736,4.023933282,4.205255506,4.395153342
2022/10/16,0,0,NA,NA,4.314132592,4.490070764,4.688401647,4.164169124,4.40028577,4.654419491,4.042547117,4.223883992,4.413568183
2022/10/17,2,2,4.542829243,4.542829243,4.334675832,4.510785407,4.709013383,4.194735801,4.430124819,4.682453451,4.059201889,4.241390897,4.431179045
2022/10/18,2,2,4.841805949,4.841805949,4.354079789,4.530411719,4.727394506,4.223100264,4.457709426,4.708006974,4.075909467,4.257547229,4.447789157
2022/10/19,2,2,4.586780609,4.586780609,4.372726282,4.548977354,4.745398666,4.249643026,4.483038551,4.730118919,4.090177943,4.272819253,4.462347272
2022/10/20,0,0,NA,NA,4.390455557,4.566648566,4.761615841,4.275062866,4.506318855,4.749984243,4.104050235,4.287298581,4.476937093
2022/10/21,0,0,NA,NA,4.407024174,4.583193871,4.777243378,4.298360896,4.527785029,4.76858243,4.1171738,4.300677827,4.489451349
2022/10/22,0,0,NA,NA,4.42269623,4.598826608,4.791584151,4.320283809,4.547393013,4.785041203,4.129438076,4.313450251,4.501191887
2022/10/23,0,0,NA,NA,4.437559046,4.61370596,4.804962232,4.340432412,4.565654802,4.799762958,4.141306515,4.325214614,4.512692254
2022/10/24,2,2,4.321304711,4.321304711,4.451570982,4.62765181,4.816880487,4.359647487,4.58232277,4.813352812,4.151743666,4.336197602,4.523634662
2022/10/25,2,2,4.825967678,4.825967678,4.465212933,4.640755888,4.828856139,4.376508779,4.597660183,4.826012932,4.162334825,4.346210184,4.533975389
2022/10/26,2,2,4.873175122,4.873175122,4.477514486,4.653310797,4.839853981,4.391790434,4.611664874,4.837351794,4.171447965,4.355703559,4.543753734
2022/10/27,0,0,NA,NA,4.489399034,4.66509662,4.850129184,4.406054826,4.624370023,4.847519457,4.180170816,4.365056088,4.553288968
2022/10/28,0,0,NA,NA,4.500255271,4.675947814,4.859842333,4.418346266,4.636051832,4.857272776,4.188064425,4.373090712,4.561248105
2022/10/29,0,0,NA,NA,4.510422754,4.686337533,4.868903651,4.429621336,4.646334934,4.865954808,4.195757434,4.381231542,4.568175291
2022/10/30,0,0,NA,NA,4.519712563,4.69608554,4.877527211,4.439687998,4.656209889,4.874213147,4.201870984,4.388605602,4.575075589
2022/10/31,2,2,4.437503839,4.437503839,4.528590788,4.705297367,4.886276161,4.44921539,4.665559363,4.882135997,4.207820254,4.396056482,4.581569334
2022/11/1,2,2,4.668005984,4.668005984,4.537130142,4.714125067,4.894453833,4.458255026,4.673835503,4.889596946,4.213373998,4.402503345,4.587737116
2022/11/2,2,2,4.895597433,4.895597433,4.545533566,4.722519288,4.902782935,4.466096389,4.68166848,4.897027642,4.218849562,4.409152894,4.595489973
2022/11/3,0,0,NA,NA,4.55317862,4.730317544,4.910468132,4.472767996,4.68908564,4.903696316,4.224877509,4.415007398,4.600630251
2022/11/4,0,0,NA,NA,4.560739578,4.737875255,4.917463227,4.478864974,4.696324106,4.910545754,4.23017373,4.42081502,4.606225825
2022/11/5,0,0,NA,NA,4.567507297,4.74492761,4.924299496,4.484111744,4.702922729,4.917038262,4.236479469,4.426576281,4.612253592
2022/11/6,0,0,NA,NA,4.57386126,4.751700256,4.930989847,4.490057684,4.709107455,4.923069662,4.241435779,4.431952815,4.617597746
2022/11/7,2,2,4.687268978,4.687268978,4.580390455,4.758190562,4.937481677,4.495607647,4.714998082,4.928621212,4.24779857,4.437470307,4.623204999
2022/11/8,2,2,4.555146281,4.555146281,4.586385677,4.764239698,4.943507945,4.500519491,4.720753749,4.933404573,4.253116922,4.442113008,4.627833609
2022/11/9,2,2,4.991464471,4.991464471,4.592111586,4.770152819,4.949311677,4.506198903,4.726252967,4.93862325,4.257161163,4.447078597,4.634136485
2022/11/10,0,0,NA,NA,4.597241545,4.775746927,4.955123069,4.511405825,4.731616565,4.944192311,4.261737019,4.451427322,4.639203462
2022/11/11,0,0,NA,NA,4.602837094,4.78101793,4.960691174,4.51629534,4.736685275,4.949014681,4.265335163,4.455898532,4.643944503
2022/11/12,0,0,NA,NA,4.60777457,4.785867756,4.96593434,4.521311804,4.74165492,4.953445566,4.269257139,4.459787607,4.649140755
2022/11/13,0,0,NA,NA,4.612680941,4.790532805,4.970451274,4.527046171,4.746737611,4.958366708,4.27257178,4.463797438,4.653358335
2022/11/14,1,1,4.530230774,4.530230774,4.61777486,4.794880346,4.975362819,4.532923914,4.751622078,4.963220841,4.276180348,4.467685838,4.657969872
2022/11/15,2,2,4.785923242,4.785923242,4.622158233,4.799093295,4.979843361,4.538152995,4.756389239,4.967725667,4.279058234,4.470873852,4.661743483
2022/11/16,1,1,4.752974361,4.752974361,4.626562547,4.803133224,4.983803342,4.543896938,4.760925252,4.972635003,4.283224934,4.474098435,4.66580938
2022/11/17,0,0,NA,NA,4.630408757,4.806755769,4.987783304,4.548975726,4.765305879,4.977220781,4.286981914,4.477394622,4.669072392
2022/11/18,0,0,NA,NA,4.633866462,4.809940873,4.99156843,4.553836336,4.769374425,4.982030004,4.289348764,4.480364498,4.672350978
2022/11/19,0,0,NA,NA,4.636889789,4.812721291,4.9952466,4.558695499,4.773164524,4.986072545,4.291810543,4.482549506,4.677006757
2022/11/20,0,0,NA,NA,4.63969472,4.815085116,4.99828075,4.562842285,4.776457693,4.990204814,4.294264819,4.484858997,4.678933119
2022/11/21,2,2,4.716352783,4.716352783,4.641636312,4.816702694,5.000961769,4.566586057,4.779517018,4.993922617,4.296840319,4.486412299,4.681451655
2022/11/22,2,2,5.083657793,5.083657793,4.64294133,4.817829216,5.004064299,4.568957801,4.781707443,4.996829413,4.297634466,4.48775158,4.682599406
2022/11/23,2,2,4.8448878,4.8448878,4.643682296,4.818220276,5.005549799,4.570143531,4.782981909,4.999017528,4.298465746,4.48835176,4.682610826
2022/11/24,0,0,NA,NA,4.643215412,4.818081049,5.006241199,4.569919815,4.783691437,5.000590869,4.29878607,4.4880853,4.682098979
2022/11/25,0,0,NA,NA,4.642526369,4.817260328,5.006234467,4.569809189,4.783299407,5.000749706,4.297039848,4.48693623,4.681703972
2022/11/26,0,0,NA,NA,4.64109377,4.815475934,5.005734275,4.568606163,4.782017623,5.001128797,4.296063001,4.484950136,4.680766144
2022/11/27,0,0,NA,NA,4.638639918,4.812956065,5.003847375,4.566418362,4.779640073,5.000116722,4.292148153,4.482849266,4.678860423
2022/11/28,2,2,4.817503619,4.817503619,4.635683131,4.809600826,5.00104744,4.562973445,4.776289424,4.998476594,4.287970947,4.479651569,4.67667627
2022/11/29,2,2,5.025670992,5.025670992,4.631245046,4.805509425,4.997101432,4.558230697,4.771666411,4.994333732,4.283231904,4.475507803,4.671502355
2022/11/30,2,2,5.053693302,5.053693302,4.62664479,4.80039246,4.991761047,4.552641355,4.766001032,4.989380579,4.278431907,4.469987399,4.665781352
2022/12/1,0,0,NA,NA,4.6206294,4.79453187,4.98511344,4.545590971,4.759280362,4.982586133,4.271776404,4.463736046,4.658746756
2022/12/2,0,0,NA,NA,4.614156415,4.787897385,4.977724008,4.537419597,4.751072992,4.973980014,4.263815775,4.45655982,4.651082876
2022/12/3,0,0,NA,NA,4.606882366,4.78041043,4.968825902,4.528542874,4.741897688,4.964433948,4.255938834,4.448627834,4.641450036
2022/12/4,0,0,NA,NA,4.598696266,4.772223508,4.959194393,4.519062239,4.731921105,4.953573641,4.248063874,4.439932779,4.631689055
2022/12/5,2,2,4.342599098,4.342599098,4.590055141,4.763311984,4.948633302,4.507912919,4.721052434,4.941683142,4.239895472,4.430450439,4.621295263
2022/12/6,2,2,4.81275944,4.81275944,4.580295603,4.753795679,4.937435431,4.496045781,4.709104358,4.928822368,4.229417098,4.420441165,4.611822198
2022/12/7,2,2,5.367340058,5.367340058,4.569899381,4.743576026,4.925640929,4.48348491,4.696348058,4.914707441,4.219242616,4.410000781,4.600000374
2022/12/8,0,0,NA,NA,4.558502661,4.732650118,4.913717145,4.469422002,4.682427362,4.899231221,4.207732882,4.397698314,4.587983709
2022/12/9,0,0,NA,NA,4.546460571,4.721071979,4.900727901,4.453593863,4.667643251,4.882722035,4.195313204,4.385027078,4.57585578
2022/12/10,0,0,NA,NA,4.533669156,4.70879059,4.887355086,4.436259227,4.651782291,4.865730944,4.182624963,4.371896386,4.563622867
2022/12/11,0,0,NA,NA,4.520094266,4.696096073,4.8742339,4.418652137,4.635526587,4.847971932,4.168212123,4.35884534,4.549973372
2022/12/12,2,2,4.764546395,4.764546395,4.504956271,4.683117657,4.8611131,4.399720804,4.618658003,4.831198228,4.154510682,4.345356383,4.536718961
2022/12/13,2,2,5.164847468,5.164847468,4.489293404,4.669707496,4.848042848,4.379581669,4.601021588,4.813944326,4.141025056,4.33148539,4.522789815
2022/12/14,2,2,4.338739226,4.338739226,4.472581989,4.656317853,4.835464999,4.358590324,4.583361373,4.797404638,4.127821758,4.317795845,4.509424129
2022/12/15,0,0,NA,NA,4.455699584,4.642896342,4.823166603,4.337202661,4.565962148,4.781238987,4.11330853,4.303529424,4.4962673
2022/12/16,0,0,NA,NA,4.438470206,4.629961737,4.811308181,4.315495979,4.548673271,4.766057415,4.098922532,4.290184981,4.483900513
2022/12/17,0,0,NA,NA,4.421314619,4.617228524,4.800357543,4.293849992,4.531982767,4.751584478,4.083751381,4.277222246,4.472087685
2022/12/18,0,0,NA,NA,4.404543919,4.604991918,4.789866823,4.272427834,4.516588094,4.738357924,4.069188977,4.265016279,4.460584564
2022/12/19,2,2,4.450883569,4.450883569,4.388292314,4.593497465,4.779298554,4.25295557,4.501736421,4.726086314,4.056200946,4.253893965,4.449853072
2022/12/20,2,2,4.54658724,4.54658724,4.37340919,4.582704206,4.769425787,4.235430662,4.488290731,4.715280577,4.044055275,4.243434341,4.441200128
2022/12/21,1,1,3.595359872,3.595359872,4.359527327,4.57290391,4.760244328,4.218772746,4.476593204,4.70498633,4.033468299,4.23397967,4.432714248
2022/12/22,0,0,NA,NA,4.34826256,4.563988419,4.751688956,4.205527846,4.466589305,4.695583812,4.024435556,4.225824522,4.426414203
2022/12/23,0,0,NA,NA,4.339515517,4.556265032,4.743470741,4.196298183,4.45831889,4.687404894,4.017222642,4.218801897,4.419378163
2022/12/24,0,0,NA,NA,4.333892289,4.549152048,4.736321259,4.189551768,4.451462561,4.680875724,4.010447666,4.213056918,4.413861649
2022/12/25,0,0,NA,NA,4.329371403,4.542862868,4.729553826,4.185399114,4.445999374,4.675380788,4.005476976,4.208484759,4.409265615
2022/12/26,0,0,NA,NA,4.326807161,4.537491945,4.723181475,4.18402766,4.441784385,4.670806766,4.002349016,4.204938645,4.404042047
2022/12/27,2,2,4.300678734,4.300678734,4.326142583,4.532592267,4.717277549,4.1850772,4.43899149,4.667479448,4.000451495,4.202223812,4.39987817
2022/12/28,2,2,3.908436903,3.908436903,4.326760867,4.528438327,4.712111588,4.187973431,4.437389201,4.665450744,4.000756348,4.200653467,4.39767102
2022/12/29,0,0,NA,NA,4.327859135,4.524950539,4.708337021,4.191877455,4.436867269,4.664753066,4.001329271,4.199718267,4.395368218
2022/12/30,0,0,NA,NA,4.329247576,4.521936863,4.705181656,4.197075399,4.437051098,4.664956545,4.002026812,4.19941351,4.393874683
2022/12/31,0,0,NA,NA,4.330865998,4.519184632,4.70193944,4.202033657,4.437462498,4.666309388,4.003502442,4.199727172,4.39269541
2023/1/1,0,0,NA,NA,4.331978965,4.516394391,4.699260624,4.206244795,4.438020176,4.66837897,4.005506515,4.200083458,4.393184126
2023/1/2,0,0,NA,NA,4.332072569,4.513525509,4.697025898,4.209203017,4.438747884,4.670237269,4.006795849,4.200437117,4.393783166
2023/1/3,2,2,4.503193669,4.503193669,4.331840497,4.510267994,4.695111131,4.211293174,4.438404993,4.67222747,4.007377557,4.200290962,4.393986474
2023/1/4,2,2,5.277374188,5.277374188,4.329980495,4.50622449,4.69266443,4.21126991,4.437207647,4.673216812,4.006322865,4.200112015,4.392466001
2023/1/5,0,0,NA,NA,4.327120954,4.501609604,4.689715313,4.209089105,4.434681992,4.67366983,4.004844116,4.198685378,4.390583416
2023/1/6,0,0,NA,NA,4.322774156,4.496127648,4.686257693,4.20499356,4.430716236,4.672516854,4.002169802,4.196415069,4.388000868
2023/1/7,0,0,NA,NA,4.31760272,4.489872705,4.681689203,4.199443899,4.425142346,4.668840557,4.000107603,4.192571214,4.384091136
2023/1/8,0,0,NA,NA,4.311252877,4.482767592,4.675485339,4.192021529,4.418063923,4.663527481,3.996338167,4.188175033,4.378460684
2023/1/9,2,2,4.777529467,4.777529467,4.304040464,4.474565405,4.667713581,4.182891419,4.409309718,4.655614092,3.992191236,4.182942667,4.372851608
2023/1/10,2,2,4.537879389,4.537879389,4.296290538,4.465544447,4.658610133,4.171863877,4.398639094,4.645139235,3.987506289,4.176609933,4.364730983
2023/1/11,2,2,4.643076232,4.643076232,4.287359029,4.455423291,4.648093687,4.159952807,4.385890792,4.633248802,3.981607805,4.169492829,4.35529179
2023/1/12,0,0,NA,NA,4.277321782,4.444393178,4.635787797,4.146047911,4.371578991,4.617790806,3.974060638,4.160843357,4.343785129
2023/1/13,0,0,NA,NA,4.265853945,4.432529819,4.621957096,4.130735384,4.355312431,4.599741421,3.965043334,4.151155245,4.331921788
2023/1/14,0,0,NA,NA,4.254295199,4.419616418,4.60673231,4.114372104,4.337535222,4.579195462,3.955424988,4.140978537,4.319204723
2023/1/15,0,0,NA,NA,4.241905026,4.40610839,4.589981264,4.096727511,4.318343641,4.557427173,3.946098544,4.12971265,4.305941017
2023/1/16,0,0,NA,NA,4.228761571,4.391843188,4.572342473,4.077947369,4.297861256,4.533280452,3.93607906,4.117874867,4.292270781
2023/1/17,2,2,4.524099265,4.524099265,4.215279689,4.37696851,4.554015692,4.057925777,4.275983944,4.507356509,3.9257439,4.105291368,4.276904039
2023/1/18,2,2,4.04399381,4.04399381,4.200590715,4.361293499,4.535823272,4.03687303,4.252520828,4.480687138,3.913678185,4.091916366,4.260923965
2023/1/19,2,2,4.154204009,4.154204009,4.185130833,4.345177648,4.517421803,4.014341134,4.227920332,4.452796589,3.900382211,4.077623439,4.245474446
2023/1/20,2,2,4.457776751,4.457776751,4.168971511,4.328521531,4.499388944,3.990894199,4.202252834,4.423612264,3.887233835,4.063194422,4.229730887
2023/1/21,0,0,NA,NA,4.151810343,4.311480254,4.480959436,3.965575667,4.175401724,4.393553959,3.873234038,4.047772955,4.213065409
2023/1/22,0,0,NA,NA,4.133608395,4.293906062,4.462932702,3.939020235,4.147740372,4.363371796,3.858940221,4.031623234,4.197826261
2023/1/23,2,2,4.582184639,4.582184639,4.11433981,4.275888086,4.444630453,3.911650285,4.118655751,4.332418603,3.84365228,4.01560452,4.182242455
2023/1/24,2,2,4.044413959,4.044413959,4.094501941,4.257598774,4.426788664,3.883040794,4.088805684,4.300594308,3.826633184,3.999342923,4.16560177
2023/1/25,2,2,4.109828592,4.109828592,4.07353931,4.23924245,4.40852541,3.852766239,4.058201882,4.268339814,3.810134296,3.982571884,4.149300606
2023/1/26,0,0,NA,NA,4.052046195,4.220693904,4.390581953,3.821999919,4.027487551,4.236606984,3.792887564,3.965816193,4.132523099
2023/1/27,0,0,NA,NA,4.030595456,4.202349007,4.373185514,3.78976828,3.99622938,4.204350968,3.775204241,3.948824566,4.116524234
2023/1/28,0,0,NA,NA,4.008905536,4.184000878,4.355990917,3.757727639,3.964957239,4.17239221,3.758383577,3.932345465,4.100569078
2023/1/29,0,0,NA,NA,3.987580847,4.165966308,4.339403436,3.725039421,3.933761351,4.140739338,3.74110398,3.916064921,4.083379957
2023/1/30,2,1,4.279191129,3.489080567,3.966420974,4.148213376,4.32357155,3.69283213,3.902740526,4.109502135,3.723664376,3.900585607,4.067928001
2023/1/31,2,1,4.311677448,3.505323726,3.946319131,4.130742278,4.307563389,3.661119731,3.872207143,4.079419301,3.707814951,3.88523624,4.052752861
2023/2/1,2,2,4.208583018,4.208583018,3.926368103,4.113722617,4.292488222,3.629428173,3.842297435,4.050079684,3.692107154,3.870744906,4.038786958
2023/2/2,0,0,NA,NA,3.906718654,4.09729345,4.277695696,3.597782055,3.812912445,4.021451918,3.676611066,3.856436833,4.024406558
2023/2/3,0,0,NA,NA,3.887492122,4.081171646,4.263117944,3.566740719,3.783719216,3.993230498,3.66339946,3.843025738,4.011009697
2023/2/4,0,0,NA,NA,3.869489174,4.065350889,4.24895354,3.536426161,3.755033325,3.965477042,3.650610751,3.830016579,3.998801591
2023/2/5,0,0,NA,NA,3.851932666,4.050135665,4.235351368,3.506351493,3.726732507,3.938079918,3.637267932,3.817134438,3.986931907
2023/2/6,2,1,4.613817357,3.656393681,3.834921238,4.035308987,4.222007096,3.476281645,3.698916769,3.911245621,3.624097975,3.805579805,3.976411615
2023/2/7,2,2,3.823639264,3.823639264,3.818624823,4.021176961,4.209204167,3.447593524,3.671519835,3.884907458,3.611829574,3.793730549,3.965307463
2023/2/8,2,2,3.914748625,3.914748625,3.802024651,4.007339632,4.197126193,3.418178702,3.644687317,3.859224283,3.600511581,3.78253888,3.953788418
2023/2/9,0,0,NA,NA,3.78602912,3.99409237,4.1855864,3.38957687,3.618360276,3.833666738,3.588781812,3.771807094,3.943701215
2023/2/10,0,0,NA,NA,3.770276197,3.981289496,4.174634266,3.36208786,3.592529631,3.809188433,3.578002466,3.761203241,3.933643659
2023/2/11,0,0,NA,NA,3.755435966,3.969347122,4.164046457,3.335550545,3.567855062,3.785530194,3.568866815,3.75167161,3.924863
2023/2/12,0,0,NA,NA,3.742423627,3.958132814,4.154308915,3.31003331,3.54373023,3.762856541,3.559817134,3.74212972,3.916518816
2023/2/13,2,0,NA,2.698970004,3.729332818,3.947659234,4.144822452,3.285143663,3.52085502,3.740925759,3.551850415,3.733917394,3.907849287
2023/2/14,2,1,4.662217099,3.680593551,3.717487373,3.937871817,4.136260003,3.262164519,3.499254438,3.720356085,3.543061092,3.72656427,3.900911318
2023/2/15,2,2,3.959709371,3.959709371,3.706470462,3.92895434,4.128600687,3.2397104,3.478802862,3.700724942,3.534696665,3.720387402,3.894804287
2023/2/16,0,0,NA,NA,3.69632806,3.920822646,4.121307324,3.217850737,3.459092,3.682406317,3.528330694,3.714439295,3.889368434
2023/2/17,0,0,NA,NA,3.687098876,3.913592104,4.114598199,3.197408909,3.440712586,3.664668727,3.521019097,3.708624019,3.884061338
2023/2/18,0,0,NA,NA,3.679179605,3.907054713,4.108703362,3.179057011,3.423604986,3.648697281,3.514578366,3.703813909,3.879071056
2023/2/19,0,0,NA,NA,3.672022809,3.901163529,4.102872263,3.162880879,3.407626633,3.632677868,3.508494122,3.699773486,3.873615403
2023/2/20,0,0,NA,NA,3.665665047,3.895916508,4.097726093,3.147985528,3.393189064,3.617883323,3.502997076,3.696253682,3.869792651
2023/2/21,2,2,3.814743966,3.814743966,3.659765345,3.891212236,4.093341721,3.135357066,3.380258367,3.60424337,3.500212546,3.693218345,3.866672313
2023/2/22,2,1,3.625565784,3.162267894,3.655245611,3.887446278,4.089199448,3.124432793,3.36869602,3.592085029,3.49529827,3.691215124,3.86407837
2023/2/23,2,0,NA,2.698970004,3.652698471,3.884727451,4.085368618,3.115699842,3.359130503,3.581618784,3.493835331,3.689362004,3.862920924
2023/2/24,0,0,NA,NA,3.651647964,3.882782628,4.082343799,3.109468674,3.351697772,3.57278117,3.492985926,3.68912236,3.863816101
2023/2/25,0,0,NA,NA,3.651725298,3.881917967,4.079938571,3.106318508,3.346381627,3.565183305,3.493400764,3.689618015,3.864343436
2023/2/26,0,0,NA,NA,3.653944671,3.881662023,4.078536418,3.105997262,3.342916927,3.559518178,3.495390554,3.691181502,3.866162405
2023/2/27,2,1,3.986869979,3.342919992,3.657424656,3.882580457,4.077734478,3.108798353,3.34147006,3.555805763,3.497743747,3.693514179,3.869237209
2023/2/28,2,0,NA,2.698970004,3.662031256,3.884383767,4.078054034,3.114001873,3.341999089,3.554320046,3.502640697,3.697026382,3.872820366
2023/3/1,2,0,NA,2.698970004,3.668658732,3.887071576,4.078566649,3.12099984,3.344489979,3.554948048,3.506617125,3.701654581,3.877675401
2023/3/2,0,0,NA,NA,3.67569663,3.890323507,4.080787837,3.129735147,3.348387403,3.557959902,3.51300209,3.70760741,3.883898088
2023/3/3,0,0,NA,NA,3.683980434,3.89426162,4.0828567,3.13801624,3.353453578,3.563128634,3.522688195,3.713805282,3.889836522
2023/3/4,0,0,NA,NA,3.691980863,3.898523545,4.085922111,3.146505532,3.359245849,3.570393165,3.530844537,3.72044717,3.895422235
2023/3/5,0,0,NA,NA,3.699605961,3.902694763,4.088645015,3.153688104,3.365254372,3.579205298,3.539382789,3.727568684,3.902980492
2023/3/6,2,2,4.651558152,4.651558152,3.706106235,3.906811135,4.092751833,3.15973362,3.371015339,3.589210506,3.547546317,3.734435751,3.910142667
2023/3/7,2,1,3.836473534,3.267721769,3.711239811,3.910333092,4.096095392,3.16435781,3.376116224,3.598895262,3.554283893,3.740737523,3.915502721
2023/3/8,2,0,NA,2.698970004,3.715875042,3.913595764,4.099561953,3.166833352,3.380519902,3.609729813,3.561252911,3.746274649,3.922140839
2023/3/9,0,0,NA,NA,3.71884896,3.916086525,4.10242608,3.167753733,3.384447504,3.620380397,3.566776473,3.751616636,3.928279449
2023/3/10,0,0,NA,NA,3.720893795,3.917897024,4.104748529,3.167343245,3.387132965,3.629989061,3.572132864,3.756222769,3.933469511
2023/3/11,0,0,NA,NA,3.721193717,3.918959409,4.106237317,3.165390428,3.387991876,3.637721236,3.575989439,3.76014625,3.937900798
2023/3/12,0,0,NA,NA,3.720650817,3.918881828,4.107194645,3.161995613,3.387606573,3.64301211,3.579372372,3.762842652,3.940028149
2023/3/13,2,2,3.678863079,3.678863079,3.718496716,3.917493286,4.106478743,3.156870651,3.384987796,3.644606007,3.580163197,3.764399687,3.941501012
2023/3/14,2,2,4.396253653,4.396253653,3.71395268,3.914529341,4.104462905,3.14988862,3.380081362,3.642436922,3.578991598,3.764204406,3.941711428
2023/3/15,2,2,3.963322875,3.963322875,3.708258412,3.910143135,4.10092227,3.141511599,3.372668609,3.636075057,3.576963458,3.762404215,3.940015848
2023/3/16,0,0,NA,NA,3.700409618,3.904093592,4.095197025,3.131421343,3.362568973,3.624938356,3.573023361,3.758938251,3.935931223
2023/3/17,0,0,NA,NA,3.690551601,3.896562129,4.088550758,3.120160031,3.350210453,3.610124599,3.568704425,3.753910048,3.929323634
2023/3/18,0,0,NA,NA,3.679750789,3.887831825,4.080796519,3.107261664,3.335772343,3.592415932,3.561554005,3.747397643,3.921773778
2023/3/19,0,0,NA,NA,3.667360321,3.877800222,4.071765769,3.092905585,3.319711073,3.572275093,3.554642363,3.739773724,3.914344571
2023/3/20,2,2,3.789410937,3.789410937,3.653343699,3.866655425,4.061466882,3.077500003,3.30220237,3.549826251,3.545411098,3.73094397,3.905013514
2023/3/21,2,0,NA,2.698970004,3.638286775,3.854818248,4.051094625,3.060994129,3.283361836,3.526204034,3.535290653,3.721819659,3.894422238
2023/3/22,2,0,NA,2.698970004,3.622206373,3.842342765,4.039745306,3.043847094,3.263876262,3.50291068,3.524364846,3.711915818,3.883823614
2023/3/23,0,0,NA,NA,3.604413164,3.829296311,4.028329671,3.025893621,3.243891412,3.4793706,3.513697065,3.701336316,3.874347615
2023/3/24,0,0,NA,NA,3.586282458,3.815300536,4.016835427,3.006443897,3.223388484,3.454860605,3.501786144,3.690093077,3.863493498
2023/3/25,0,0,NA,NA,3.566050756,3.800806082,4.004736487,2.987333237,3.202187772,3.430448651,3.488222036,3.677934125,3.852133676
2023/3/26,0,0,NA,NA,3.545467305,3.785600091,3.991876004,2.966674578,3.180436186,3.405490134,3.474605545,3.665411163,3.841224272
2023/3/27,2,2,3.725648446,3.725648446,3.523394639,3.769633638,3.978824639,2.945498651,3.15808999,3.379831027,3.459842971,3.651909559,3.827539643
2023/3/28,2,1,3.398724109,3.048847057,3.499693109,3.752908318,3.965527406,2.92356836,3.135089901,3.353881944,3.444236151,3.637421352,3.81444954
2023/3/29,2,1,3.651748514,3.175359259,3.473886656,3.735446305,3.951829213,2.900458508,3.111786649,3.32833351,3.427528498,3.622587458,3.80035296
2023/3/30,0,0,NA,NA,3.447045573,3.717329179,3.937635185,2.876413699,3.088418051,3.303002464,3.408527163,3.606500037,3.785511442
2023/3/31,0,0,NA,NA,3.418946093,3.698786953,3.924301214,2.851578684,3.065124703,3.277941929,3.388864925,3.589912944,3.770900234
2023/4/1,0,0,NA,NA,3.38997944,3.67996071,3.91019787,2.826327129,3.041692218,3.253755071,3.368841353,3.573152031,3.756066114
2023/4/2,0,0,NA,NA,3.359989803,3.660840398,3.896103269,2.801799438,3.018665373,3.229776346,3.347839868,3.556108411,3.740829399
2023/4/3,2,1,3.705842534,3.202406269,3.32955828,3.641746757,3.882379525,2.777431716,2.995992404,3.206972265,3.325316433,3.538861852,3.727390807
2023/4/4,2,0,NA,2.698970004,3.299394164,3.622864311,3.869165038,2.753399033,2.973958146,3.18481244,3.30297456,3.52189809,3.712839442
2023/4/5,2,0,NA,2.698970004,3.268332789,3.604092774,3.85572346,2.729668718,2.952554527,3.163438211,3.280475424,3.505164087,3.697575864
2023/4/6,0,0,NA,NA,3.238519676,3.585916166,3.843034083,2.706367796,2.932456999,3.144259383,3.258531343,3.489104143,3.682753984
2023/4/7,0,0,NA,NA,3.208280487,3.568032499,3.830945839,2.684842955,2.913426433,3.125669581,3.239338533,3.473941346,3.669408245
2023/4/8,0,0,NA,NA,3.18075132,3.550715978,3.81943221,2.665298426,2.895424339,3.108279553,3.220861515,3.459367803,3.65775476
2023/4/9,0,0,NA,NA,3.152452068,3.534028209,3.808688675,2.647785341,2.87868018,3.092152661,3.203689502,3.445825674,3.645021502
2023/4/10,2,0,NA,2.698970004,3.12600602,3.518197366,3.797979347,2.63192707,2.863181107,3.077155239,3.18711052,3.433253556,3.633208016
2023/4/11,2,0,NA,2.698970004,3.101498814,3.503285925,3.787800518,2.618096534,2.849075068,3.063565464,3.17214226,3.421267328,3.623673618
2023/4/12,2,0,NA,2.698970004,3.077731362,3.489108774,3.77886286,2.605339236,2.836384112,3.051000365,3.15678082,3.409894914,3.613447281
2023/4/13,0,0,NA,NA,3.055643509,3.475921165,3.769926678,2.593931443,2.825146247,3.039619232,3.144425231,3.400056996,3.604919996
2023/4/14,0,0,NA,NA,3.036117287,3.463518856,3.761949153,2.584737582,2.814971876,3.029666889,3.134092636,3.391351175,3.595486005
2023/4/15,0,0,NA,NA,3.016701124,3.452226623,3.754093148,2.576523355,2.806259534,3.020980685,3.123277707,3.382701775,3.587919106
2023/4/16,0,0,NA,NA,2.999656394,3.441625554,3.747120175,2.570326342,2.798819627,3.013141978,3.112237942,3.375255654,3.581442245
2023/4/17,2,0,NA,2.698970004,2.983882951,3.43207382,3.740701603,2.565237924,2.792381586,3.006675107,3.105673213,3.368663886,3.575897515
2023/4/18,2,0,NA,2.698970004,2.970532687,3.423180356,3.734599063,2.561720602,2.787342154,3.001492891,3.099153331,3.363199331,3.569955073
2023/4/19,2,0,NA,2.698970004,2.958424744,3.415213435,3.728844258,2.5581938,2.782855964,2.99649194,3.093559879,3.358722994,3.564656515
2023/4/20,0,0,NA,NA,2.947761658,3.40823691,3.724038077,2.556298631,2.779890318,2.993105803,3.089291534,3.354942753,3.561389558
2023/4/21,0,0,NA,NA,2.938527178,3.401816025,3.719931774,2.555873352,2.777636264,2.990874282,3.08715257,3.351876983,3.558069687
2023/4/22,0,0,NA,NA,2.930127356,3.39622412,3.716038317,2.555611616,2.776213644,2.989672157,3.086559727,3.349553118,3.556106072
2023/4/23,0,0,NA,NA,2.922864431,3.391485717,3.713144725,2.555423775,2.775135494,2.988680139,3.084819397,3.347681244,3.5552522
2023/4/24,2,0,NA,2.698970004,2.916237671,3.387257821,3.710443248,2.555684014,2.774638169,2.98844935,3.083993686,3.346074447,3.553567418
2023/4/25,2,1,3.867659143,3.283314574,2.909954306,3.383427765,3.707944126,2.55578011,2.774372648,2.987982203,3.081591484,3.345371086,3.553613496
2023/4/26,2,0,NA,2.698970004,2.905467972,3.380107293,3.706161789,2.556092704,2.774360275,2.988054265,3.08052879,3.344726134,3.553629034
2023/4/27,0,0,NA,NA,2.900859394,3.377627842,3.704291639,2.556751525,2.774517887,2.988985667,3.081958134,3.34415769,3.553112594
2023/4/28,0,0,NA,NA,2.897084844,3.375306308,3.703140771,2.557402896,2.775415502,2.98947866,3.082324845,3.343985448,3.554135802
2023/4/29,0,0,NA,NA,2.894671213,3.373611244,3.702229614,2.558324312,2.776044153,2.990994627,3.082996385,3.343373031,3.554677886
2023/4/30,0,0,NA,NA,2.892757885,3.372230692,3.701599488,2.558845108,2.777060985,2.992547888,3.085451705,3.343762294,3.556258217
2023/5/1,2,0,NA,2.698970004,2.891676692,3.37127048,3.701204322,2.560304483,2.778510978,2.993982001,3.087298809,3.344106244,3.555607181
2023/5/2,2,0,NA,2.698970004,2.889724014,3.370682275,3.701374573,2.562205339,2.780222564,2.996123007,3.089316418,3.345019114,3.557086934
2023/5/3,2,0,NA,2.698970004,2.888179765,3.370500427,3.701921272,2.564504362,2.782389914,2.998632909,3.091510864,3.345435647,3.558212218
2023/5/4,0,0,NA,NA,2.88669419,3.37072554,3.702288747,2.567105335,2.784941603,3.001069497,3.092853643,3.34644701,3.559308076
2023/5/5,0,0,NA,NA,2.88514066,3.371332927,3.703055333,2.569894406,2.787776857,3.004572774,3.096624581,3.347828446,3.561582586
2023/5/6,0,0,NA,NA,2.884445251,3.372045509,3.704743899,2.573308048,2.790684815,3.00823626,3.101371489,3.349133357,3.562403705
2023/5/7,0,0,NA,NA,2.885025616,3.372858476,3.706127405,2.57625482,2.793736261,3.011467615,3.10600934,3.350209291,3.563703025
2023/5/8,2,1,3.663519747,3.181244875,2.884775641,3.37392126,3.707629305,2.57954317,2.797051815,3.01493589,3.108686406,3.351674092,3.56637185
2023/5/9,2,0,NA,2.698970004,2.883898496,3.375184255,3.709108981,2.582802575,2.800172306,3.018520489,3.110719546,3.352963299,3.567973159
2023/5/10,2,0,NA,2.698970004,2.882468202,3.376535566,3.710788949,2.585902269,2.803362264,3.022200554,3.11214631,3.354670792,3.568523997
2023/5/11,0,0,NA,NA,2.882569455,3.378325669,3.712091238,2.589046234,2.806878059,3.02639421,3.113508918,3.3560771,3.570075173
2023/5/12,0,0,NA,NA,2.881477536,3.380001077,3.71445713,2.592098163,2.810661367,3.030290303,3.114392736,3.357443373,3.57153605
2023/5/13,0,0,NA,NA,2.879582464,3.381830341,3.715977167,2.595503243,2.814634131,3.034628018,3.115014383,3.359029599,3.573587518
2023/5/14,0,0,NA,NA,2.879773832,3.383740511,3.717901369,2.599066586,2.818708166,3.039367845,3.116516917,3.359810905,3.57599946
2023/5/15,2,0,NA,2.698970004,2.878552015,3.386064243,3.720432929,2.602264215,2.823240897,3.044102952,3.118612914,3.361096924,3.577362815
2023/5/16,2,1,3.854001881,3.276485942,2.877573188,3.388262926,3.723083161,2.605252009,2.827893099,3.049415362,3.1207132,3.361943685,3.5784574
2023/5/17,2,0,NA,2.698970004,2.875626288,3.390506282,3.725781478,2.607782906,2.83293564,3.055976199,3.121457302,3.363044729,3.579466348
2023/5/18,0,0,NA,NA,2.873344471,3.393113057,3.729460399,2.610523666,2.837940895,3.063501268,3.120687937,3.363906563,3.582313818
2023/5/19,0,0,NA,NA,2.869492563,3.395835998,3.733870134,2.613140089,2.843629682,3.072416367,3.12166335,3.36506329,3.585034821
2023/5/20,0,0,NA,NA,2.866058169,3.398901712,3.737938235,2.615185917,2.849783866,3.081953233,3.122145477,3.366680908,3.588911475
2023/5/21,0,0,NA,NA,2.863093723,3.402394244,3.743560471,2.616869719,2.856299521,3.093855319,3.122972647,3.36838615,3.592072804
2023/5/22,2,0,NA,2.698970004,2.858262442,3.406319952,3.750096456,2.618320314,2.863521663,3.107243773,3.124341832,3.370696324,3.596582146
2023/5/23,2,0,NA,2.698970004,2.851970703,3.410335652,3.757375908,2.618475699,2.871403975,3.122436067,3.125510386,3.37341492,3.601380012
2023/5/24,2,0,NA,2.698970004,2.845892652,3.414964022,3.765708525,2.617801564,2.879994028,3.141296588,3.127683527,3.376553492,3.607154861
2023/5/25,0,0,NA,NA,2.838253802,3.420046344,3.775635103,2.615974181,2.889417132,3.163203557,3.12772446,3.379934067,3.612040367
2023/5/26,0,0,NA,NA,2.831086086,3.425115655,3.787575827,2.612018141,2.899556304,3.187794856,3.128260278,3.38385808,3.618171344
2023/5/27,0,0,NA,NA,2.821024435,3.430598146,3.800315693,2.606951262,2.910437807,3.215621944,3.128698056,3.388604425,3.625399643
2023/5/28,0,0,NA,NA,2.810468615,3.435694044,3.815673599,2.60003184,2.921789516,3.246227454,3.128593325,3.393332891,3.632792519
2023/5/29,0,0,NA,NA,2.798691806,3.441513759,3.832634056,2.590524384,2.933618187,3.280120884,3.12972795,3.397853375,3.641573136
2023/5/30,2,0,NA,2.698970004,2.784192062,3.447159884,3.852406683,2.578372452,2.945406318,3.318360994,3.129675325,3.402392906,3.65009601
2023/5/31,2,1,4.294501985,3.496735994,2.770141578,3.452611114,3.87485341,2.562989828,2.95731268,3.360899571,3.129380596,3.406873659,3.660167531
2023/6/1,0,0,NA,NA,2.754414218,3.458138043,3.899242727,2.545831505,2.968714016,3.405687957,3.129833638,3.411382942,3.67094575
