"","date","count","positive","concentration","substitution","low_7_a","med_7_a","upr_7_a"
"1","2022/1/1",0,0,NA,NA,4.35629083292243,4.53992108500761,4.71166171711237
"2","2022/1/2",0,0,NA,NA,4.34791031374681,4.5123539853668,4.66680541636492
"3","2022/1/3",2,2,4.49073564,4.49073564,4.33441184988506,4.48425769022719,4.62641003078574
"4","2022/1/4",3,3,4.387742201,4.387742201,4.31935995976738,4.45667296563754,4.58563556015715
"5","2022/1/5",0,0,NA,NA,4.30372462065381,4.4290099946939,4.54546782319676
"6","2022/1/6",0,0,NA,NA,4.2886414731034,4.40168887345928,4.50685080357855
"7","2022/1/7",0,0,NA,NA,4.27270220059802,4.37452251238639,4.47061725766149
"8","2022/1/8",2,2,4.187020944,4.187020944,4.25357850671912,4.34643239029079,4.43629717493152
"9","2022/1/9",5,5,4.462166944,4.462166944,4.23138708311072,4.31804327934059,4.40208438578452
"10","2022/1/10",5,5,4.42620712,4.42620712,4.20884539450256,4.28900402452757,4.36885919099715
"11","2022/1/11",5,5,4.354152281,4.354152281,4.18411369131773,4.25913385219741,4.33495456488942
"12","2022/1/12",4,4,4.270731317,4.270731317,4.1572683482217,4.22924123061753,4.30168279106938
"13","2022/1/13",5,5,4.256797492,4.256797492,4.12977439655709,4.1989841814357,4.27024349552218
"14","2022/1/14",4,4,4.188348919,4.188348919,4.10060265091672,4.16846077603489,4.23662544788869
"15","2022/1/15",5,5,4.072566379,4.072566379,4.07141699725971,4.13699365909824,4.20335317188034
"16","2022/1/16",5,5,4.264217863,4.264217863,4.04172936115116,4.1060380586522,4.17045778942328
"17","2022/1/17",5,5,4.245557148,4.245557148,4.00973496991067,4.07480323718542,4.13666671745311
"18","2022/1/18",5,5,4.131214486,4.131214486,3.9783647916405,4.04302908752737,4.10466878967916
"19","2022/1/19",5,5,4.131656352,4.131656352,3.9484207956614,4.01165238444387,4.07376059392307
"20","2022/1/20",5,5,3.988011076,3.988011076,3.91663268686081,3.98096445770492,4.0436741010802
"21","2022/1/21",5,5,3.832446238,3.832446238,3.88716113580779,3.95048591054658,4.01349461801602
"22","2022/1/22",5,5,3.795077823,3.795077823,3.85846714727652,3.92214233750018,3.98519777401282
"23","2022/1/23",5,5,3.686178721,3.686178721,3.83081784109172,3.89498974581641,3.95826018857184
"24","2022/1/24",5,5,3.44755138,3.44755138,3.80412841989463,3.87006908484389,3.93311655973727
"25","2022/1/25",5,5,3.832357286,3.832357286,3.78213959836279,3.84715168194161,3.91083075381157
"26","2022/1/26",5,5,3.879648676,3.879648676,3.76131435162832,3.82627089767991,3.88915282729631
"27","2022/1/27",5,5,3.752622776,3.752622776,3.74363379618265,3.80725133271294,3.86963702412888
"28","2022/1/28",5,5,3.640435301,3.640435301,3.7263893091341,3.78995250877972,3.85147960964493
"29","2022/1/29",5,5,4.11010144,4.11010144,3.71079859338328,3.77384682744699,3.83444737915563
"30","2022/1/30",5,5,3.679278495,3.679278495,3.6977592728635,3.75872692242033,3.81872429288565
"31","2022/1/31",4,4,3.653065624,3.653065624,3.68489718583007,3.74558313499717,3.80503643335046
"32","2022/2/1",5,5,3.608295602,3.608295602,3.67322509796482,3.73379669235576,3.79407797258444
"33","2022/2/2",5,5,3.624727701,3.624727701,3.66265690402026,3.72339659791688,3.78369683833774
"34","2022/2/3",5,5,3.515795693,3.515795693,3.65413963925446,3.7140457283686,3.77430934216012
"35","2022/2/4",5,5,3.829163542,3.829163542,3.64652426554444,3.70528999673056,3.76637586480756
"36","2022/2/5",5,4,3.781262709,3.564804168,3.63884258435328,3.69763625783444,3.7587938117426
"37","2022/2/6",5,5,3.79370469,3.79370469,3.63225062762963,3.69029009941879,3.75189085204923
"38","2022/2/7",5,5,3.783586666,3.783586666,3.62559538526407,3.68386402750937,3.74470393302445
"39","2022/2/8",5,5,3.650822621,3.650822621,3.62020080339189,3.67812086091587,3.73785187658464
"40","2022/2/9",5,5,3.704313026,3.704313026,3.61382828604495,3.67195255736586,3.73281710934194
"41","2022/2/10",5,5,3.671092736,3.671092736,3.60914232181311,3.66668870427825,3.72643329840288
"42","2022/2/11",5,4,3.778740452,3.562786362,3.60390011548872,3.66182904098279,3.72180442282592
"43","2022/2/12",5,4,3.410444478,3.268149583,3.59978647399012,3.65750531464689,3.71679188247112
"44","2022/2/13",5,4,3.394085043,3.255062035,3.59700054423518,3.65376666489463,3.71227249503653
"45","2022/2/14",5,5,3.511371922,3.511371922,3.59498677462324,3.65050639052774,3.70925913241384
"46","2022/2/15",5,5,3.930488568,3.930488568,3.59162654814662,3.64746537052562,3.70642352385095
"47","2022/2/16",4,4,3.929861621,3.929861621,3.58782738460047,3.64470149776466,3.7031804445116
"48","2022/2/17",5,5,3.774488748,3.774488748,3.58439113745767,3.64159369573804,3.69918752847333
"49","2022/2/18",5,5,3.770270947,3.770270947,3.58085446329927,3.63838640523752,3.69670813592274
"50","2022/2/19",5,4,3.552937395,3.382143917,3.5777952306099,3.63515913332712,3.69502597041611
"51","2022/2/20",5,5,3.76963346,3.76963346,3.57515711594765,3.63242227927005,3.69164964620761
"52","2022/2/21",5,4,3.571431261,3.396939009,3.57210022103224,3.62996402133649,3.68821908521813
"53","2022/2/22",5,3,3.501895162,3.180725099,3.57052317066949,3.62825095748776,3.68658359490364
"54","2022/2/23",5,4,3.577933155,3.402140525,3.56935645787037,3.62718484351424,3.686179073441
"55","2022/2/24",4,4,3.409894001,3.409894001,3.57058019643477,3.6278421832504,3.68630036550948
"56","2022/2/25",5,4,3.273259071,3.158401257,3.57232381701581,3.6297690653191,3.68802859636162
"57","2022/2/26",5,5,3.363507873,3.363507873,3.57495611461115,3.6322616561103,3.69138645653519
"58","2022/2/27",5,5,3.56295682,3.56295682,3.57883478923466,3.63574931027701,3.69612875119372
"59","2022/2/28",4,4,3.886642257,3.886642257,3.58236918038478,3.63890350631542,3.69951696855181
"60","2022/3/1",5,5,3.817715079,3.817715079,3.58555119281724,3.64205591468242,3.70161826029052
"61","2022/3/2",5,5,3.763457982,3.763457982,3.58843947706319,3.64484552082737,3.70384338542818
"62","2022/3/3",5,5,3.648119179,3.648119179,3.59044728529316,3.64630399180946,3.704750396968
"63","2022/3/4",5,5,3.675093568,3.675093568,3.59155249396325,3.64695316099787,3.70586171362523
"64","2022/3/5",5,5,3.567288557,3.567288557,3.59178132907426,3.64734082558581,3.70604208678903
"65","2022/3/6",5,5,3.447021041,3.447021041,3.59012813958871,3.64649444567796,3.70590849229744
"66","2022/3/7",5,5,3.809202167,3.809202167,3.58802008455313,3.64465232467263,3.70303204132426
"67","2022/3/8",5,5,3.705339904,3.705339904,3.58500168481673,3.6416350546504,3.70085390594991
"68","2022/3/9",5,5,3.792345156,3.792345156,3.5812418474692,3.63767626576017,3.69654841605435
"69","2022/3/10",5,4,3.59957415,3.419453321,3.57656720678799,3.63268916329843,3.69121901964589
"70","2022/3/11",5,4,3.474193956,3.319149165,3.57131723820206,3.62719020502048,3.68451873239265
"71","2022/3/12",5,5,3.428450386,3.428450386,3.56504316659404,3.62093764144785,3.67782422995359
"72","2022/3/13",5,5,3.721579083,3.721579083,3.55982273621993,3.61449671220605,3.67241369325817
"73","2022/3/14",5,5,3.672105273,3.672105273,3.55410305348365,3.60795547125955,3.6658467601209
"74","2022/3/15",5,4,3.406238427,3.264784743,3.54647654244304,3.60094794751276,3.65959460131986
"75","2022/3/16",5,5,3.542292351,3.542292351,3.53846376393259,3.59393158908065,3.65259551361882
"76","2022/3/17",5,4,3.484929599,3.32773768,3.53159119134568,3.58618354774689,3.6459923581176
"77","2022/3/18",5,5,3.755281647,3.755281647,3.52262411257142,3.57828822533591,3.63805366917437
"78","2022/3/19",5,5,3.645807562,3.645807562,3.51478919816033,3.57052228229326,3.63019351621119
"79","2022/3/20",5,4,3.698519904,3.498609924,3.50668617568578,3.56219288150345,3.62136586211796
"80","2022/3/21",5,3,3.220822159,3.012081297,3.49773750681515,3.55399778354857,3.61252384867198
"81","2022/3/22",5,5,3.419065983,3.419065983,3.48879480554235,3.54562337216072,3.60388708753486
"82","2022/3/23",5,4,3.599568653,3.419448923,3.47946469352161,3.53752574273913,3.59572629365926
"83","2022/3/24",5,3,3.642093202,3.264843923,3.46966977834594,3.52915782008561,3.58811501527325
"84","2022/3/25",5,4,3.52647661,3.360975289,3.46256477156344,3.52146518115762,3.57954113892852
"85","2022/3/26",5,5,3.494924214,3.494924214,3.45624316402527,3.51396893442843,3.57222205140251
"86","2022/3/27",5,4,3.295995628,3.176590504,3.44837884094691,3.50675413637576,3.56605603048801
"87","2022/3/28",5,3,3.507170583,3.183890351,3.44236255292547,3.50052820194735,3.5597313635506
"88","2022/3/29",5,5,3.639032819,3.639032819,3.43652446536925,3.49416732134899,3.55254350772117
"89","2022/3/30",5,3,3.703217421,3.301518454,3.43013095431345,3.48750643758877,3.54627937848291
"90","2022/3/31",4,2,3.56054828,3.129759142,3.42450894981253,3.48112025729696,3.54045335724465
"91","2022/4/1",5,4,3.272182668,3.157540135,3.41855951493434,3.47478559842987,3.53443201922197
"92","2022/4/2",5,5,3.937865305,3.937865305,3.41247324454913,3.4685972714668,3.52799240931703
"93","2022/4/3",4,3,3.229401625,3.09679372,3.40637520025151,3.46233999109061,3.52160861283231
"94","2022/4/4",5,4,3.397271433,3.257611147,3.39897854762576,3.45525225574382,3.51384743197971
"95","2022/4/5",5,4,3.414872475,3.271691981,3.39287992630225,3.44837813593282,3.50683422985817
"96","2022/4/6",4,2,3.490190715,3.09458036,3.38553971431593,3.44152868972134,3.49941521087695
"97","2022/4/7",5,3,3.182259337,2.988943604,3.37874477261941,3.43520171388755,3.49331821035951
"98","2022/4/8",5,4,3.595862446,3.416483958,3.37167888797085,3.42800766343997,3.48689284526812
"99","2022/4/9",5,3,3.285768865,3.051049321,3.36416340886718,3.42083574447089,3.48024653556167
"100","2022/4/10",5,2,4.000387219,3.21953689,3.35731672458873,3.41430163535164,3.47283506844419
"101","2022/4/11",5,4,3.625533049,3.44022044,3.35031059068324,3.40796807772291,3.46663869559336
"102","2022/4/12",5,3,3.14404678,2.96601607,3.34517241028471,3.40234194286595,3.46207033595666
"103","2022/4/13",5,4,3.242674169,3.133933336,3.34045871512142,3.39673856783156,3.45520605309999
"104","2022/4/14",5,1,3.172927355,2.793761475,3.3363468185138,3.39177843783144,3.44996247618669
"105","2022/4/15",5,0,NA,2.698970004,3.33245999574935,3.38693040224348,3.44496167253732
"106","2022/4/16",5,3,3.110886151,2.946119692,3.3284675196383,3.38352140989135,3.44174615489274
"107","2022/4/17",5,3,3.353186204,3.091499724,3.32483863317614,3.37972870557575,3.43895651271774
"108","2022/4/18",5,4,3.705810654,3.504442524,3.32056189713287,3.3759077485722,3.43343530823968
"109","2022/4/19",5,5,3.472923679,3.472923679,3.31683503268571,3.37136796101988,3.42888011542017
"110","2022/4/20",5,3,3.221727216,3.012624331,3.31071123320237,3.36556714724139,3.42346007244212
"111","2022/4/21",5,3,3.275011641,3.044594987,3.30447978149719,3.35874843367205,3.41782766304756
"112","2022/4/22",5,5,3.254759854,3.254759854,3.29706839152761,3.35160533458502,3.4103594975152
"113","2022/4/23",5,4,3.324719608,3.199569687,3.2893764259986,3.34421491359335,3.40181238096556
"114","2022/4/24",5,3,3.383694241,3.109804546,3.28039387749876,3.33650983455373,3.39369096519165
"115","2022/4/25",5,3,3.186214689,2.991316815,3.27095095724052,3.32865625411596,3.38528346031842
"116","2022/4/26",5,1,3.509457305,2.861067465,3.26303620027947,3.32042106379767,3.3781046068969
"117","2022/4/27",5,2,3.241041944,2.91579878,3.25498835426063,3.3124144028489,3.37068410000056
"118","2022/4/28",5,2,4.050878187,3.239733277,3.24696401046542,3.30551190998436,3.36369142648616
"119","2022/4/29",5,1,3.414878921,2.842151788,3.24103881685105,3.29933037579924,3.35716221167481
"120","2022/4/30",5,2,3.535602893,3.03362316,3.23520995114179,3.29430899300644,3.35345205084627
"121","2022/5/1",5,3,3.629943007,3.257553806,3.23128014226205,3.2898979243836,3.34890998238409
"122","2022/5/2",5,3,3.30280907,3.061273444,3.2281187995027,3.2862148100399,3.34509238175688
"123","2022/5/3",5,1,4.18565958,2.996307919,3.22459246343565,3.28347637689687,3.34406515540125
"124","2022/5/4",5,3,3.418811904,3.130875144,3.22328165330258,3.28130717271335,3.34191881081201
"125","2022/5/5",4,2,3.446504866,3.072737435,3.22117238632881,3.27978849676392,3.34001779302936
"126","2022/5/6",5,2,3.263512365,2.924786949,3.21913237554942,3.27865545843088,3.33888461085057
"127","2022/5/7",5,2,3.289161494,2.9350466,3.21852856819925,3.27869177693077,3.33880839238958
"128","2022/5/8",5,2,3.270264349,2.927487742,3.21865173609646,3.27860548291574,3.33837695114297
"129","2022/5/9",5,2,3.291642895,2.936039161,3.21882716024351,3.27924170399679,3.33945254266813
"130","2022/5/10",5,3,3.416476033,3.129473622,3.21863236123733,3.28033906280019,3.34112480828334
"131","2022/5/11",5,3,3.556784426,3.213658657,3.21947924866512,3.28132318995479,3.34237883414936
"132","2022/5/12",5,2,3.60778558,3.062496234,3.221367643055,3.2826924424782,3.34361915079084
"133","2022/5/13",5,3,3.216528274,3.009504966,3.22245614468173,3.28427684775044,3.34513003475802
"134","2022/5/14",5,3,3.469429191,3.161245516,3.22347243711362,3.28569984096628,3.34600049892589
"135","2022/5/15",5,3,3.333310752,3.079574453,3.22561216299698,3.28702211056486,3.34765536712041
"136","2022/5/16",5,2,3.794980305,3.137374125,3.22792210307774,3.28860899004164,3.34897316326309
"137","2022/5/17",5,2,3.099950566,2.859362229,3.23010773102406,3.29138812187207,3.35027729803727
"138","2022/5/18",5,2,3.428196522,2.990660612,3.23285434931471,3.29428930656106,3.35275036875709
"139","2022/5/19",5,3,3.211379574,3.006415746,3.23602660847827,3.29759544781992,3.35525103137806
"140","2022/5/20",6,3,3.589626752,3.144298378,3.24015081425121,3.30195940144405,3.3592994985212
"141","2022/5/21",6,2,3.206836226,2.868258745,3.24492220060011,3.30636636467135,3.36324605418332
"142","2022/5/22",6,3,3.238551029,2.968760516,3.25128944965649,3.31148884722425,3.36832732836071
"143","2022/5/23",6,3,3.163202283,2.931086144,3.25808102510737,3.31769049517194,3.37443688864911
"144","2022/5/24",6,2,3.361621952,2.919853987,3.26581352821302,3.32485225171896,3.38074893761484
"145","2022/5/25",6,4,3.779923527,3.419605686,3.27438920965217,3.33234222090898,3.38896544074567
"146","2022/5/26",6,3,3.453682389,3.076326197,3.28271758821522,3.34024959019986,3.39578524973507
"147","2022/5/27",6,2,3.356992621,2.918310877,3.29174890766453,3.34839249643619,3.4040607818382
"148","2022/5/28",6,3,3.351272393,3.025121199,3.30168169817263,3.35669637667471,3.41356335661155
"149","2022/5/29",6,3,3.439595885,3.069282944,3.31161221613004,3.36520376939024,3.42188435213026
"150","2022/5/30",5,5,3.469750331,3.469750331,3.32134160149575,3.37400742833835,3.42988485144121
"151","2022/5/31",6,3,3.414152712,3.056561358,3.32931086905486,3.38197750756601,3.43846897523087
"152","2022/6/1",6,5,3.520779713,3.383811429,3.33721832839728,3.38945929608001,3.44632874104232
"153","2022/6/2",6,3,3.386912679,3.042941342,3.34284046299598,3.39605615316594,3.45283913868597
"154","2022/6/3",6,5,3.562901144,3.418912621,3.34751282489397,3.40153779095249,3.45912078832357
"155","2022/6/4",6,4,3.362991117,3.141650746,3.35294175893555,3.40602714829282,3.46298990812436
"156","2022/6/5",6,2,3.114755512,2.837565174,3.35650907469429,3.40935033231425,3.46536336776725
"157","2022/6/6",6,4,3.254711081,3.069464055,3.35992928258272,3.41138082819998,3.4689481496139
"158","2022/6/7",6,6,3.48172357,3.48172357,3.36010935318868,3.41295388078182,3.46910029081303
"159","2022/6/8",6,5,3.619456196,3.466041831,3.36068163579753,3.41290066510061,3.46786310035239
"160","2022/6/9",6,3,4.214906467,3.456938235,3.35915843061791,3.41205090869617,3.46576928596775
"161","2022/6/10",6,5,3.365710325,3.254586938,3.35748105021416,3.41065917787636,3.46249159105554
"162","2022/6/11",6,5,3.516414456,3.380173714,3.35470541368279,3.40834449824342,3.46089123484007
"163","2022/6/12",6,3,3.415819087,3.057394546,3.35260960699725,3.40553717616024,3.45811744070499
"164","2022/6/13",6,3,3.356388995,3.0276795,3.34880974270831,3.4027635194007,3.45572370723705
"165","2022/6/14",6,2,3.281148291,2.893029433,3.34644501441146,3.40026537232875,3.45368883751026
"166","2022/6/15",6,3,3.437835571,3.068402788,3.34390419466287,3.39827113490318,3.45264908155555
"167","2022/6/16",6,5,3.46282465,3.335515542,3.34241222299796,3.3971259941085,3.45147082334293
"168","2022/6/17",6,5,3.297224992,3.197515827,3.34113960166233,3.39625689489076,3.45051616671498
"169","2022/6/18",6,3,3.394465349,3.046717677,3.34161787525899,3.39534151901932,3.44957575830035
"170","2022/6/19",6,2,3.539605918,2.979181976,3.34085396826264,3.39547067437764,3.44936752698658
"171","2022/6/20",6,4,3.575949313,3.283622877,3.34208175026539,3.39616715972425,3.4507286656113
"172","2022/6/21",6,4,3.858096746,3.471721165,3.34314037203891,3.39730091311281,3.45274445863119
"173","2022/6/22",6,2,3.718842395,3.038927468,3.34458697782979,3.39903399440504,3.45512022070821
"174","2022/6/23",6,4,3.570333611,3.279879075,3.34687766837148,3.40119521280475,3.45606715480321
"175","2022/6/24",6,5,3.467778685,3.339643905,3.34824127594437,3.40314455751704,3.45776503861282
"176","2022/6/25",6,5,3.630165595,3.47496633,3.35046419367557,3.40477700375878,3.46019732563249
"177","2022/6/26",6,6,3.530920954,3.530920954,3.35106979821269,3.40557682795638,3.46080005945801
"178","2022/6/27",6,2,3.550760086,2.982900032,3.35157469388653,3.40563227113338,3.46159426025544
"179","2022/6/28",6,4,3.319576354,3.112707571,3.35200833530902,3.40596550820749,3.46108728650768
"180","2022/6/29",6,3,3.167502715,2.93323636,3.35150978030687,3.40587787494271,3.46053924744669
"181","2022/6/30",6,4,3.575945196,3.283620132,3.35232756064861,3.40576918721538,3.46028351081181
"182","2022/7/1",6,4,3.09026478,2.959833188,3.35195006280213,3.405593758834,3.46030825120816
"183","2022/7/2",6,4,3.257612095,3.071398065,3.35279402938018,3.40552674163782,3.46057761457778
"184","2022/7/3",6,5,3.254994103,3.16232342,3.35257085497572,3.40542982403727,3.46173598312653
"185","2022/7/4",6,4,3.219109883,3.045729923,3.35296350137506,3.40582670721633,3.46203440199037
"186","2022/7/5",6,4,3.080365742,2.95323383,3.35371522927253,3.40642551256641,3.46284443782296
"187","2022/7/6",6,5,3.468385501,3.340149585,3.35433828882596,3.40712591209706,3.46269040972364
"188","2022/7/7",6,3,3.474880809,3.086925407,3.35347316705961,3.40770440091562,3.46273228693015
"189","2022/7/8",6,3,3.356470862,3.027720433,3.35502638283787,3.40824955496792,3.46381168607024
"190","2022/7/9",6,5,3.450631446,3.325354539,3.35627797218116,3.40919471673279,3.46527063204314
"191","2022/7/10",5,5,3.368352903,3.368352903,3.35699563317802,3.41033498332529,3.4660676716945
"192","2022/7/11",6,3,3.249441305,2.974205655,3.3585840984471,3.41189728158209,3.46795485127851
"193","2022/7/12",6,5,3.382222264,3.268346888,3.36043149131038,3.4141176032896,3.47010202640953
"194","2022/7/13",6,3,3.445442309,3.072206157,3.36278260637939,3.4158889792555,3.47200476121933
"195","2022/7/14",6,2,3.515126715,2.971022241,3.36483756549926,3.4181506164272,3.47422503931361
"196","2022/7/15",6,3,3.504260985,3.101615495,3.36738109747947,3.42061112907916,3.47679533088589
"197","2022/7/16",6,5,3.548286401,3.406733669,3.37003390907202,3.42366598762834,3.48009177338675
"198","2022/7/17",6,4,3.226957877,3.050961919,3.37331416818964,3.42684135915095,3.48303927371495
"199","2022/7/18",6,5,3.832800266,3.643828556,3.37575203239768,3.42956459331656,3.48633286854189
"200","2022/7/19",6,6,3.524234992,3.524234992,3.37847101523588,3.43191722183111,3.48913952002647
"201","2022/7/20",6,3,3.355619848,3.027294926,3.38058145810384,3.43448613903541,3.49081981772142
"202","2022/7/21",6,2,3.510109437,2.969349815,3.38355571857691,3.43747782626173,3.49302392048026
"203","2022/7/22",6,4,3.404860904,3.169563938,3.38703206084744,3.44115864353263,3.49721667330321
"204","2022/7/23",6,3,3.399649281,3.049309642,3.39058907770576,3.4448331700389,3.50128111954562
"205","2022/7/24",6,4,3.538507606,3.258661739,3.39539771971489,3.44879242052657,3.50623236074318
"206","2022/7/25",6,5,3.377696618,3.264575516,3.39966124608717,3.45326561547439,3.50937349517985
"207","2022/7/26",6,6,3.433950023,3.433950023,3.40417566430072,3.45784563298035,3.5142830159372
"208","2022/7/27",6,5,3.334772097,3.228805082,3.40894332807873,3.46245905290242,3.5183576533107
"209","2022/7/28",6,4,3.688215683,3.358467123,3.41318251445909,3.46703557859407,3.52257823325453
"210","2022/7/29",6,5,3.673317995,3.510926664,3.41848576349742,3.47168939746731,3.52697903766176
"211","2022/7/30",6,4,3.458380526,3.205243686,3.42320891174463,3.47635470485236,3.53129572637066
"212","2022/7/31",6,4,3.501867056,3.234234705,3.42673823720706,3.48019863176174,3.53501029101466
"213","2022/8/1",6,5,3.660819632,3.500511361,3.4313053540471,3.4840556920649,3.53984992577805
"214","2022/8/2",5,5,3.306493013,3.306493013,3.4354814287603,3.48788288635049,3.54428315477248
"215","2022/8/3",6,5,3.413932205,3.294771838,3.4405694692502,3.49165374327059,3.54767925661488
"216","2022/8/4",6,6,3.389118276,3.389118276,3.44307933130844,3.49492655514154,3.55132468807599
"217","2022/8/5",6,6,3.566973271,3.566973271,3.44615850694307,3.49823426668992,3.55396268586922
"218","2022/8/6",6,3,3.581121586,3.140045795,3.44819679523993,3.50104787816246,3.55670545275735
"219","2022/8/7",6,3,3.726029215,3.21249961,3.45026332597671,3.50435177907393,3.56007153029845
"220","2022/8/8",6,4,3.558090297,3.271716866,3.45442791349605,3.50768499410385,3.56345865161101
"221","2022/8/9",6,6,3.506158586,3.506158586,3.45671668581116,3.51102722162586,3.56687542293723
"222","2022/8/10",6,6,3.697743487,3.697743487,3.46005775021762,3.51367715827871,3.56959529390923
"223","2022/8/11",5,3,3.679867604,3.287508564,3.4617681255595,3.51648381027787,3.57273615883452
"224","2022/8/12",6,6,3.325620866,3.325620866,3.46504642642533,3.5193948358671,3.5746693438851
"225","2022/8/13",6,6,3.472725932,3.472725932,3.46761788706979,3.52180940601348,3.57602004411236
"226","2022/8/14",6,5,3.317224443,3.214182037,3.46980671913152,3.52355780596039,3.57744566425426
"227","2022/8/15",6,6,3.597345157,3.597345157,3.47087809055856,3.52575834085768,3.57986491606692
"228","2022/8/16",6,6,3.578142511,3.578142511,3.47199116720036,3.52671151070329,3.58167485331597
"229","2022/8/17",6,6,3.790338483,3.790338483,3.47265900553477,3.52757680586891,3.5827484824069
"230","2022/8/18",6,4,3.820232906,3.446478606,3.47221561375417,3.52859968160161,3.58374157956904
"231","2022/8/19",6,4,3.690851802,3.360224536,3.47312937791573,3.53004188027055,3.58515850262178
"232","2022/8/20",6,4,3.736344286,3.390552859,3.47523146500971,3.53207427676009,3.58644875371983
"233","2022/8/21",6,6,3.379647372,3.379647372,3.47874272688105,3.53456328340674,3.58957289537478
"234","2022/8/22",6,5,3.468526646,3.340267205,3.48192971355697,3.53864426923194,3.59327293937978
"235","2022/8/23",6,5,3.527490171,3.389403476,3.48647560651963,3.54349082707239,3.59777099841328
"236","2022/8/24",5,4,3.490633517,3.332300814,3.49241077034421,3.54911190916449,3.60306318250972
"237","2022/8/25",6,3,3.458382006,3.078676005,3.49956427171098,3.55575303198591,3.6101083705367
"238","2022/8/26",6,5,3.34342161,3.236013009,3.50821494163553,3.56369826268386,3.61776032959148
"239","2022/8/27",6,5,3.479310503,3.349253753,3.51743345057102,3.57314862261392,3.62702743440136
"240","2022/8/28",6,6,3.505486858,3.505486858,3.52842228092466,3.5827989943861,3.63764206624207
"241","2022/8/29",6,6,3.704986417,3.704986417,3.53851309717187,3.59273603458113,3.6482951460663
"242","2022/8/30",6,6,3.913879378,3.913879378,3.54890798092141,3.60303677484691,3.65822831390682
"243","2022/8/31",6,6,3.6733034,3.6733034,3.55779070679939,3.61231799465052,3.66774373256246
"244","2022/9/1",6,6,3.757805938,3.757805938,3.56749097417138,3.62149738740638,3.67716714447891
"245","2022/9/2",6,5,3.735678404,3.562893671,3.57631062972281,3.63048189405946,3.68699275697647
"246","2022/9/3",6,6,3.528789121,3.528789121,3.58455535177297,3.63933702652296,3.69545759606935
"247","2022/9/4",6,6,3.521961612,3.521961612,3.59247249344529,3.6477688718396,3.70408507451543
"248","2022/9/5",6,6,3.455862139,3.455862139,3.60128668293726,3.65685551659361,3.71323616680003
"249","2022/9/6",6,6,3.7062,3.7062,3.60966060154647,3.66634903409144,3.72361633053728
"250","2022/9/7",6,6,3.600222882,3.600222882,3.61969650185944,3.67629412652932,3.73378212676877
"251","2022/9/8",6,5,3.718412227,3.54850519,3.63026434144684,3.6866635003467,3.74437714675195
"252","2022/9/9",6,6,3.373554663,3.373554663,3.64165934371406,3.69826179827885,3.7575741466824
"253","2022/9/10",6,6,3.579051847,3.579051847,3.65330725755421,3.7105087485954,3.76993594856828
"254","2022/9/11",6,6,3.860468931,3.860468931,3.66585608452835,3.72285139942402,3.78280141874156
"255","2022/9/12",6,6,3.76152637,3.76152637,3.67821066977889,3.73637513018403,3.79629770081796
"256","2022/9/13",6,6,3.582455043,3.582455043,3.69079622126216,3.75041338746278,3.81029864704992
"257","2022/9/14",6,6,3.662068145,3.662068145,3.70445543974678,3.76423502394004,3.82509610394258
"258","2022/9/15",5,5,4.019540186,4.019540186,3.71820008096263,3.77850172832556,3.83974226912892
"259","2022/9/16",6,6,3.866096097,3.866096097,3.7330199315527,3.79281475046813,3.85445048353932
"260","2022/9/17",6,6,3.963263886,3.963263886,3.74744812617504,3.80781687175238,3.868280288333
"261","2022/9/18",5,5,3.793266581,3.793266581,3.76283173900375,3.82332932957032,3.88399291231549
"262","2022/9/19",6,6,3.854765972,3.854765972,3.77752607106358,3.83918449566675,3.90024714199776
"263","2022/9/20",5,5,3.782944541,3.782944541,3.79376972253703,3.85557507452221,3.9163784710195
"264","2022/9/21",5,5,3.781152774,3.781152774,3.81101827322785,3.87306048021174,3.9347089943767
"265","2022/9/22",6,6,3.465004422,3.465004422,3.82886483640957,3.89078963686479,3.95268571328031
"266","2022/9/23",6,6,4.037697176,4.037697176,3.84845802491866,3.91003490597496,3.97313306584232
"267","2022/9/24",6,6,3.943475812,3.943475812,3.86921998004106,3.93083042675283,3.99380254879582
"268","2022/9/25",6,6,3.930277153,3.930277153,3.88997499443041,3.95221319916009,4.01465617190158
"269","2022/9/26",6,6,3.87521989,3.87521989,3.91187664704115,3.97438561112539,4.03750765379926
"270","2022/9/27",5,4,4.077734286,3.80198143,3.93519714865062,3.99707632866519,4.06116606331004
"271","2022/9/28",6,6,3.800448315,3.800448315,3.95837102593035,4.02084308605629,4.08489682731256
"272","2022/9/29",6,6,4.01288172,4.01288172,3.98259559010143,4.04512748887804,4.10893630020125
"273","2022/9/30",6,6,4.168633446,4.168633446,4.00762169453331,4.06968327116865,4.13361589059817
"274","2022/10/1",6,6,4.069519969,4.069519969,4.03192267030362,4.09422927901225,4.15867251934786
"275","2022/10/2",6,6,4.148179721,4.148179721,4.05554884838871,4.11808430134072,4.18392992720475
"276","2022/10/3",6,6,4.291890736,4.291890736,4.07753392556517,4.14145768119203,4.20832764561309
"277","2022/10/4",6,6,4.326772201,4.326772201,4.09940952594318,4.16398689681214,4.23085757852954
"278","2022/10/5",6,6,4.41565948,4.41565948,4.12082580638273,4.18550607422826,4.25175163795505
"279","2022/10/6",5,5,4.242893595,4.242893595,4.14111578607336,4.20597993738971,4.2704978110453
"280","2022/10/7",6,6,4.141646435,4.141646435,4.1610636740183,4.22545748792619,4.28926501336252
"281","2022/10/8",6,6,4.254225921,4.254225921,4.17967806987751,4.24358973300893,4.30824936323455
"282","2022/10/9",6,6,4.370572159,4.370572159,4.19715559540909,4.2613771587531,4.32549095740222
"283","2022/10/10",6,6,4.339686556,4.339686556,4.21482396445646,4.27821926894195,4.34329197371524
"284","2022/10/11",6,6,4.21379835,4.21379835,4.23063063841711,4.2950005401207,4.35878011043128
"285","2022/10/12",6,6,4.292016511,4.292016511,4.24587181035302,4.31022769822037,4.37487318643435
"286","2022/10/13",6,6,4.424238891,4.424238891,4.26109089095785,4.32520309268218,4.38973498221351
"287","2022/10/14",6,6,4.30665656,4.30665656,4.27606476785623,4.34012658795641,4.40416988092983
"288","2022/10/15",6,6,4.368646289,4.368646289,4.29030067035448,4.35393392069941,4.41708902502713
"289","2022/10/16",6,6,4.318638988,4.318638988,4.30414478774762,4.36788348287148,4.43180835721848
"290","2022/10/17",6,6,4.316732842,4.316732842,4.3183557147133,4.38188161898675,4.4458023895668
"291","2022/10/18",6,6,4.27407898,4.27407898,4.33228489020753,4.39557424839602,4.4597086923357
"292","2022/10/19",6,6,4.422807386,4.422807386,4.34563656976654,4.40958653713864,4.47412007353324
"293","2022/10/20",6,6,4.438948315,4.438948315,4.3598857482424,4.42364633269266,4.48795734883192
"294","2022/10/21",6,6,4.448492094,4.448492094,4.37503783301383,4.43742680192602,4.50082312688401
"295","2022/10/22",6,6,4.376905328,4.376905328,4.38799970852943,4.45099080756055,4.51572163728032
"296","2022/10/23",6,6,4.441178641,4.441178641,4.40220266576075,4.46439329280407,4.52769565548466
"297","2022/10/24",6,6,4.574513269,4.574513269,4.41553085590632,4.47771840445719,4.54102432657932
"298","2022/10/25",6,6,4.602331053,4.602331053,4.42769383406754,4.49015993809811,4.5531427863449
"299","2022/10/26",6,6,4.479461932,4.479461932,4.43865884593594,4.50259339338068,4.56576777561068
"300","2022/10/27",6,6,4.633543306,4.633543306,4.45014151895049,4.51462185485539,4.57716748879612
"301","2022/10/28",6,6,4.327560252,4.327560252,4.46087797836807,4.5258529352062,4.59041281912051
"302","2022/10/29",6,6,4.45420973,4.45420973,4.47298630076862,4.53580154250814,4.60109787480849
"303","2022/10/30",6,6,4.555682861,4.555682861,4.48297878913467,4.54650572052093,4.61146182641346
"304","2022/10/31",5,5,4.743215341,4.743215341,4.49214473947361,4.55588203533989,4.6221629161735
"305","2022/11/1",6,6,4.674626944,4.674626944,4.50114970276389,4.56511579104401,4.63037479197141
"306","2022/11/2",6,6,4.603488094,4.603488094,4.50961399943592,4.57358535273324,4.63832779120015
"307","2022/11/3",6,6,4.583178939,4.583178939,4.51708919763813,4.58084981880769,4.64622598061669
"308","2022/11/4",6,6,4.654079995,4.654079995,4.52444657796306,4.58781605615828,4.65162214838625
"309","2022/11/5",6,6,4.53876693,4.53876693,4.5311201204073,4.59439630711987,4.65656260273019
"310","2022/11/6",5,5,4.681996297,4.681996297,4.53723016643754,4.60027094279744,4.66249805960339
"311","2022/11/7",6,6,4.68314126,4.68314126,4.54135625672424,4.60495802895867,4.66755461766202
"312","2022/11/8",6,6,4.63351821,4.63351821,4.54578403026902,4.6093326677651,4.67124532559876
"313","2022/11/9",6,6,4.453907694,4.453907694,4.55028042800075,4.61311623184941,4.67553684494934
"314","2022/11/10",6,6,4.728857917,4.728857917,4.55373775409565,4.6171480284874,4.67927944029738
"315","2022/11/11",6,6,4.581209907,4.581209907,4.55796220268827,4.62113597379736,4.68361868915613
"316","2022/11/12",6,6,4.645591764,4.645591764,4.56123962395589,4.62524928254522,4.68749641743316
"317","2022/11/13",6,6,4.545672259,4.545672259,4.56471272243166,4.62928201358929,4.6917363284039
"318","2022/11/14",6,6,4.663140475,4.663140475,4.56845444368572,4.63347989331318,4.69593130077089
"319","2022/11/15",6,6,4.724086209,4.724086209,4.57147333415491,4.63774846408825,4.70001699703983
"320","2022/11/16",6,6,4.442197938,4.442197938,4.57597361198876,4.64245413926477,4.70541446084149
"321","2022/11/17",6,6,4.677678174,4.677678174,4.58124740559504,4.64793944250457,4.71158037797127
"322","2022/11/18",6,6,4.673728377,4.673728377,4.58635163931549,4.65282407894663,4.71720699959364
"323","2022/11/19",6,6,4.615886855,4.615886855,4.59374924446893,4.65827627108108,4.72277388283336
"324","2022/11/20",6,6,4.733388435,4.733388435,4.60108117166363,4.66392628801616,4.72894984632143
"325","2022/11/21",6,6,4.532466751,4.532466751,4.60605120911033,4.67002364659826,4.73548093672395
"326","2022/11/22",6,6,4.666325065,4.666325065,4.61120968649922,4.67617411622878,4.74187118712815
"327","2022/11/23",6,6,4.675501248,4.675501248,4.61823217117746,4.68173892353968,4.74782928067961
"328","2022/11/24",6,6,4.668094878,4.668094878,4.62402701565989,4.68804667093811,4.75294415720119
"329","2022/11/25",6,6,4.836578267,4.836578267,4.62980018100173,4.69426629804922,4.75818745602997
"330","2022/11/26",6,6,4.663388165,4.663388165,4.63592453956012,4.69998841014002,4.76395605981209
"331","2022/11/27",6,6,4.761687893,4.761687893,4.64151352503989,4.70572769553458,4.76943485350365
"332","2022/11/28",5,5,4.735277259,4.735277259,4.6460686192344,4.71026869885426,4.77435788022119
"333","2022/11/29",6,6,4.774782842,4.774782842,4.65048804943317,4.71409490462939,4.77826272260463
"334","2022/11/30",6,6,4.740708245,4.740708245,4.65294816717202,4.71735930107776,4.78199552433452
"335","2022/12/1",6,6,4.715063525,4.715063525,4.65515879992845,4.71979094468511,4.78330547373465
"336","2022/12/2",6,6,4.694147238,4.694147238,4.65748942350549,4.72210001762594,4.78539787319748
"337","2022/12/3",6,6,4.824654204,4.824654204,4.65856596547986,4.72340721576278,4.78688466408394
"338","2022/12/4",6,6,4.662688059,4.662688059,4.65944413149143,4.72369561766857,4.78714080742668
"339","2022/12/5",6,6,4.781817498,4.781817498,4.65940834376194,4.72422304030133,4.7875294214526
"340","2022/12/6",6,6,4.818491758,4.818491758,4.65905055529186,4.72287061604817,4.78599360868781
"341","2022/12/7",6,6,4.771256532,4.771256532,4.65600258984287,4.72075917475602,4.78413440156119
"342","2022/12/8",6,6,4.785208209,4.785208209,4.65383720946327,4.71840670123439,4.78067416792227
"343","2022/12/9",6,6,4.778682334,4.778682334,4.65052574457604,4.7148254941847,4.77785630100401
"344","2022/12/10",6,6,4.735513325,4.735513325,4.64537369819412,4.71057342679547,4.77359707570234
"345","2022/12/11",6,6,4.538898849,4.538898849,4.64111785106553,4.70625918659513,4.76917255310526
"346","2022/12/12",6,6,4.578278871,4.578278871,4.63789507885825,4.70102930947329,4.76459567965044
"347","2022/12/13",6,6,4.590129467,4.590129467,4.63212528944796,4.69600084225803,4.75864255654894
"348","2022/12/14",6,6,4.777594157,4.777594157,4.6269731843022,4.69033395695921,4.75439418573052
"349","2022/12/15",6,6,4.731693238,4.731693238,4.62074330920026,4.68485051287877,4.74835964561556
"350","2022/12/16",6,6,4.666573025,4.666573025,4.61529224140874,4.6787510110829,4.7429374521783
"351","2022/12/17",6,6,4.699270163,4.699270163,4.60889881732437,4.67176574707014,4.73588416957748
"352","2022/12/18",6,6,4.708803748,4.708803748,4.6006202653032,4.66436628513947,4.72824565233892
"353","2022/12/19",6,6,4.763522043,4.763522043,4.59279944240213,4.655876290709,4.71993067424209
"354","2022/12/20",6,6,4.716153745,4.716153745,4.58354237919346,4.64661751781126,4.71065609411711
"355","2022/12/21",6,6,4.726317132,4.726317132,4.57306344390537,4.63673387942881,4.70080270336599
"356","2022/12/22",6,6,4.700014387,4.700014387,4.56283637075147,4.62589527437834,4.69069640513108
"357","2022/12/23",6,6,4.561385666,4.561385666,4.5505609536082,4.61428980726228,4.67809139559484
"358","2022/12/24",6,6,4.549846307,4.549846307,4.5388245823234,4.60239830442282,4.66614628989719
"359","2022/12/25",6,6,4.659484496,4.659484496,4.52660696003424,4.58992664764683,4.65328904140958
"360","2022/12/26",6,6,4.708852019,4.708852019,4.51393686573839,4.57753165005245,4.6409941568899
"361","2022/12/27",6,6,4.481601192,4.481601192,4.50126144785444,4.56537674464627,4.62945279074661
"362","2022/12/28",6,6,4.632027556,4.632027556,4.4884782013159,4.55295973359438,4.61624847703853
"363","2022/12/29",6,6,4.489255379,4.489255379,4.47591967112202,4.54112429051575,4.60449562045824
"364","2022/12/30",6,6,4.308528219,4.308528219,4.4645037274749,4.52973082651923,4.59219317771689
"365","2022/12/31",6,6,4.567519041,4.567519041,4.45232181406034,4.51797706068689,4.58065483643721
"366","2023/1/1",6,6,3.98552411,3.98552411,4.44168896033098,4.50716822494311,4.56993568890777
"367","2023/1/2",6,6,4.699099757,4.699099757,4.43108354563937,4.49687306500805,4.56000721068292
"368","2023/1/3",6,6,4.551187591,4.551187591,4.42184257593739,4.48694316731169,4.55088246573167
"369","2023/1/4",6,6,4.537856264,4.537856264,4.41043228861511,4.4769417350203,4.54050018471684
"370","2023/1/5",6,6,4.554971682,4.554971682,4.40112241824928,4.46672458424063,4.52946856574058
"371","2023/1/6",6,6,4.351622273,4.351622273,4.39217864133684,4.45597400691351,4.52097463131405
"372","2023/1/7",6,6,4.733473025,4.733473025,4.38172384254803,4.44514309492094,4.51168591454943
"373","2023/1/8",6,6,4.486592226,4.486592226,4.3706983424501,4.43401262183476,4.50023987276586
"374","2023/1/9",6,6,4.537439631,4.537439631,4.36056215621498,4.42253947832994,4.48826855711455
"375","2023/1/10",6,6,4.352839227,4.352839227,4.34878913819339,4.4105522523378,4.47613456326405
"376","2023/1/11",6,6,4.486921853,4.486921853,4.33691361168894,4.39838235517862,4.46336244450247
"377","2023/1/12",6,6,4.32159367,4.32159367,4.32485444518672,4.38643379397836,4.45043052908491
"378","2023/1/13",6,6,4.595215511,4.595215511,4.31191496175387,4.37382273217906,4.43745420038676
"379","2023/1/14",6,6,4.230112119,4.230112119,4.29966793517777,4.36152705012353,4.42444650443776
"380","2023/1/15",6,6,4.369370138,4.369370138,4.28647929208553,4.34925281499344,4.41225410587252
"381","2023/1/16",6,5,4.345949354,4.071452795,4.27581909730557,4.33757396066428,4.40126002194825
"382","2023/1/17",5,5,4.212497434,4.212497434,4.26571726846314,4.32636099290991,4.39088464660066
"383","2023/1/18",5,5,4.311845659,4.311845659,4.25429990205288,4.31663581987148,4.38041183606045
"384","2023/1/19",6,6,4.427662016,4.427662016,4.24496005716049,4.30739787809957,4.36996199782007
"385","2023/1/20",6,6,4.11542384,4.11542384,4.23539856281603,4.29808437160251,4.36077546404081
"386","2023/1/21",6,6,4.392075312,4.392075312,4.22764132765796,4.28946198601924,4.35240511210262
"387","2023/1/22",6,6,4.351141305,4.351141305,4.21898878405862,4.28184727715064,4.34525460485146
"388","2023/1/23",6,6,4.08692003,4.08692003,4.21163661716064,4.27483991668087,4.33857818973481
"389","2023/1/24",6,6,4.216735129,4.216735129,4.20544877310941,4.26857440489117,4.33257935231464
"390","2023/1/25",6,6,4.284570292,4.284570292,4.19878746557341,4.26268062427155,4.32739333427487
"391","2023/1/26",6,6,4.359162796,4.359162796,4.19338899942618,4.25738898500467,4.32112492674048
"392","2023/1/27",6,6,4.255682397,4.255682397,4.18804393800051,4.25209145190735,4.31627892219155
"393","2023/1/28",6,6,4.21912306,4.21912306,4.18372587890819,4.24728100002453,4.31136800090514
"394","2023/1/29",6,6,4.190025232,4.190025232,4.17877981372295,4.24270741041015,4.30749917200766
"395","2023/1/30",6,6,4.309630666,4.309630666,4.17457872206861,4.23849277558764,4.30351174760721
"396","2023/1/31",6,6,4.352321528,4.352321528,4.17074795587645,4.2339756971706,4.29883441556998
"397","2023/2/1",6,6,4.051164074,4.051164074,4.16639256264154,4.22976074782519,4.29460067107391
"398","2023/2/2",6,6,4.177241928,4.177241928,4.16227288118374,4.22507800693039,4.28847619062756
"399","2023/2/3",6,6,4.21337859,4.21337859,4.15737170456119,4.22050220700037,4.28459834077414
"400","2023/2/4",6,6,4.378868724,4.378868724,4.15285245137655,4.21546249254252,4.28027814638228
"401","2023/2/5",5,5,4.239074434,4.239074434,4.14754067600091,4.21039089138034,4.27477427029555
"402","2023/2/6",6,6,4.263232834,4.263232834,4.14149526307979,4.20471682246268,4.26880304580699
"403","2023/2/7",6,6,4.303588975,4.303588975,4.13489298397719,4.198442583723,4.26223713478277
"404","2023/2/8",6,6,4.263603016,4.263603016,4.12759679895815,4.19165314443548,4.25595981790772
"405","2023/2/9",6,6,4.203586056,4.203586056,4.11964563995759,4.18465005544063,4.24937086437442
"406","2023/2/10",6,6,4.168638207,4.168638207,4.11146533962771,4.17712782131611,4.24165569430356
"407","2023/2/11",6,5,4.060064329,3.833215275,4.10461608559335,4.16993874306981,4.23364916548343
"408","2023/2/12",6,6,4.163385868,4.163385868,4.09791963326372,4.16285699299306,4.22626410238297
"409","2023/2/13",6,6,4.261358432,4.261358432,4.09182234258708,4.15476178763897,4.218069377091
"410","2023/2/14",6,6,4.156580048,4.156580048,4.08529322638394,4.14729148536884,4.21183138990695
"411","2023/2/15",5,5,4.03998228,4.03998228,4.07618939392753,4.13939573719276,4.20435415071949
"412","2023/2/16",6,6,4.054411908,4.054411908,4.06778391280586,4.13127037261067,4.19667289359286
"413","2023/2/17",5,5,4.118582226,4.118582226,4.05988891115543,4.12284150771238,4.18903267744346
"414","2023/2/18",6,6,4.075436804,4.075436804,4.05300010507929,4.11422182306037,4.18074032346758
"415","2023/2/19",6,6,4.316542576,4.316542576,4.04491964081218,4.1060142377965,4.17293170565747
"416","2023/2/20",6,6,4.175230668,4.175230668,4.03608279434941,4.09729191923575,4.1646156676215
"417","2023/2/21",6,6,3.906099207,3.906099207,4.02561845271562,4.08800201814931,4.15555047109584
"418","2023/2/22",6,6,4.118137168,4.118137168,4.01572959153537,4.07830603799553,4.14477647158605
"419","2023/2/23",6,6,4.166708982,4.166708982,4.00594708546345,4.06795755757132,4.13411451772792
"420","2023/2/24",6,5,4.035804589,3.812998825,3.99488671420953,4.05767281926664,4.12248449055093
"421","2023/2/25",6,6,3.989317515,3.989317515,3.98339926413135,4.04634683426946,4.11134906737342
"422","2023/2/26",6,5,3.993638227,3.77786019,3.97202908842354,4.03534384536636,4.09980435343076
"423","2023/2/27",6,6,4.15636111,4.15636111,3.96022177261732,4.02315384485628,4.08894475405309
"424","2023/2/28",6,6,3.983752407,3.983752407,3.94735291593984,4.01064105795505,4.07712150056816
"425","2023/3/1",6,6,3.876338605,3.876338605,3.93246788788148,3.99640763030927,4.0620794522069
"426","2023/3/2",6,6,4.042064614,4.042064614,3.9175858565067,3.98143484306161,4.0478358043599
"427","2023/3/3",6,6,4.11735518,4.11735518,3.90202907150885,3.96477838227672,4.03102154602868
"428","2023/3/4",6,6,4.362139085,4.362139085,3.88439690999661,3.94635647722927,4.01262169508726
"429","2023/3/5",5,5,4.221660281,4.221660281,3.86442185235156,3.9262230575403,3.99307277631948
"430","2023/3/6",6,6,4.116203978,4.116203978,3.84318902432363,3.90397461904651,3.96933635994403
"431","2023/3/7",6,6,3.772993085,3.772993085,3.82075093832161,3.88071346508151,3.94495696602486
"432","2023/3/8",6,6,3.795676112,3.795676112,3.79697160290549,3.85694488303072,3.91955031327087
"433","2023/3/9",6,6,3.866075234,3.866075234,3.77303283979329,3.83278591887232,3.89429658691395
"434","2023/3/10",6,5,3.826363845,3.638464872,3.74939890589124,3.8078966909422,3.87067754424835
"435","2023/3/11",6,6,3.832649201,3.832649201,3.72423661497825,3.78380894022734,3.84649549853915
"436","2023/3/12",6,6,3.599392177,3.599392177,3.70044556015222,3.76037089030847,3.82296097932803
"437","2023/3/13",6,6,3.719776773,3.719776773,3.67794599135712,3.73834113480122,3.80158850141873
"438","2023/3/14",6,6,3.537406967,3.537406967,3.65550047003138,3.71795856287305,3.78115131422554
"439","2023/3/15",6,5,3.530268719,3.391718933,3.63541731745462,3.6989545857405,3.76208411205788
"440","2023/3/16",5,5,3.650867346,3.650867346,3.61825852606291,3.68269826161821,3.74599038614423
"441","2023/3/17",6,6,3.596070462,3.596070462,3.60245518036614,3.66830605351054,3.73168410434262
"442","2023/3/18",6,5,3.724098946,3.553244123,3.58977892415263,3.65600711222074,3.71939965308315
"443","2023/3/19",6,5,3.44248749,3.318567909,3.57914106174996,3.64613747877387,3.70880153835088
"444","2023/3/20",6,4,3.54424037,3.262483581,3.57273568729531,3.63850813362756,3.70083618137953
"445","2023/3/21",6,4,3.578783304,3.285512204,3.56900161331877,3.63324294755443,3.69477190579133
"446","2023/3/22",6,5,3.379908532,3.266418777,3.56734179723609,3.63035883789458,3.69087548459938
"447","2023/3/23",6,6,3.615361707,3.615361707,3.56869448060287,3.62912850519377,3.68919842043443
"448","2023/3/24",6,6,3.925238958,3.925238958,3.5695756233949,3.628911976262,3.68860084277671
"449","2023/3/25",6,6,3.599597909,3.599597909,3.5711841635621,3.62953925450837,3.68898929681242
"450","2023/3/26",6,6,3.637860402,3.637860402,3.57285375673777,3.63037658027713,3.6904244536211
"451","2023/3/27",6,6,3.693377376,3.693377376,3.57473183888279,3.63202632320472,3.69184787103146
"452","2023/3/28",6,6,3.758736717,3.758736717,3.57657388577225,3.63356352579479,3.69383193779835
"453","2023/3/29",6,4,3.419681827,3.179444553,3.57760032668895,3.63470560248624,3.69508347807486
"454","2023/3/30",6,4,3.455694542,3.20345303,3.57839517237292,3.63586500879586,3.698011098172
"455","2023/3/31",6,5,3.415304609,3.295915508,3.57803351819262,3.63641956139587,3.69961489055107
"456","2023/4/1",6,6,3.698794864,3.698794864,3.57793683860911,3.63704546202301,3.70049018327705
"457","2023/4/2",6,6,3.63840102,3.63840102,3.57593347386527,3.63647190030669,3.70140014493187
"458","2023/4/3",6,5,3.703712545,3.536255455,3.57401809373985,3.6352463471624,3.70158769501482
"459","2023/4/4",6,5,3.882307678,3.685084733,3.57028697284411,3.63240048072878,3.69902265303512
"460","2023/4/5",5,5,3.793421062,3.793421062,3.56565936035816,3.62754576626584,3.69459828495912
"461","2023/4/6",6,4,3.840773504,3.460172337,3.55906292281872,3.62080128305757,3.68905344857744
"462","2023/4/7",6,6,3.815928331,3.815928331,3.55074241956518,3.61222121203146,3.67980396459529
"463","2023/4/8",6,6,3.853421797,3.853421797,3.53976953761767,3.60129832082694,3.66843243641214
"464","2023/4/9",6,6,3.50536164,3.50536164,3.52683953195769,3.58886640359414,3.65509803255678
"465","2023/4/10",6,4,3.407205972,3.171127316,3.51243452373059,3.57366245011383,3.63989928777857
"466","2023/4/11",6,6,3.665445083,3.665445083,3.4965867481153,3.55735383812378,3.62218479236388
"467","2023/4/12",6,6,3.682861824,3.682861824,3.48029812627258,3.53938408849879,3.60277537804408
"468","2023/4/13",6,5,3.661495132,3.501074278,3.4614856209698,3.52047967960775,3.5818192227056
"469","2023/4/14",6,4,3.500089512,3.233049676,3.44214074798756,3.49985897381389,3.5588441852636
"470","2023/4/15",6,4,3.333154362,3.121759576,3.42242453886306,3.47915597447868,3.53621533317743
"471","2023/4/16",6,3,3.371288321,3.035129163,3.40127790783885,3.45906849598118,3.5142803600196
"472","2023/4/17",6,3,3.21908894,2.959029472,3.38232152122253,3.43871082248254,3.49418349684955
"473","2023/4/18",6,2,3.354734218,2.917558076,3.36438148672989,3.41913936501003,3.47392221304259
"474","2023/4/19",6,5,3.407791445,3.289654538,3.34559351695217,3.40039579776319,3.45490958518628
"475","2023/4/20",6,5,3.377920047,3.264761706,3.3275305623831,3.38285526280876,3.43691781599667
"476","2023/4/21",6,5,3.463101445,3.335746205,3.3097832210604,3.36627768128176,3.42026583578727
"477","2023/4/22",6,4,3.25321514,3.068466762,3.29201553611375,3.35057348052414,3.40456564924595
"478","2023/4/23",6,1,3.060317461,2.75919458,3.27759973473765,3.33583778686071,3.39002173121375
"479","2023/4/24",6,1,3.906453529,2.900217259,3.26458669401435,3.32238340162831,3.37781884580763
"480","2023/4/25",6,2,3.303098553,2.900346187,3.25308632515611,3.31088532826273,3.36706873182664
"481","2023/4/26",6,4,3.061864015,2.940899345,3.24251843709951,3.30219340224403,3.35853697987101
"482","2023/4/27",6,4,3.216741487,3.044150993,3.23444793862511,3.29477688050133,3.35034485676949
"483","2023/4/28",6,2,3.239686956,2.879208988,3.22729218494276,3.28897408244651,3.34408490876422
"484","2023/4/29",6,3,3.240497656,2.96973383,3.22347151552091,3.28500996825425,3.34018817721883
"485","2023/4/30",6,1,3.143372048,2.773037012,3.22200230437197,3.28241203148915,3.33671422957606
"486","2023/5/1",6,1,3.331273318,2.80435389,3.2215675442457,3.2814119467725,3.3364657742961
"487","2023/5/2",6,2,3.516876417,2.971605475,3.22310715264142,3.282455800954,3.33625525644376
"488","2023/5/3",6,4,3.1751044,3.016392935,3.22515704594749,3.28424317418908,3.3380153224516
"489","2023/5/4",6,3,3.666473918,3.182721961,3.22896560863931,3.28740249850628,3.34122580666542
"490","2023/5/5",6,4,3.342489981,3.127983322,3.2336140286398,3.29093093087114,3.3460850999009
"491","2023/5/6",6,3,3.3224501,3.010710052,3.23827575765946,3.29521391046346,3.35098943932426
"492","2023/5/7",6,3,3.238679713,2.968824859,3.2423322743517,3.29980328903534,3.35577351203091
"493","2023/5/8",6,4,3.137631139,2.991410761,3.24775783627582,3.3040714933231,3.35976556052774
"494","2023/5/9",6,3,3.627959032,3.163464518,3.25340098838866,3.30859606460867,3.3635737547555
"495","2023/5/10",6,2,3.342196431,2.913378813,3.25828314102166,3.31289621828708,3.3695788530768
"496","2023/5/11",6,5,3.32417454,3.219973784,3.26270655075537,3.31764581730773,3.37349044005406
"497","2023/5/12",6,2,3.285603839,2.894514616,3.26616565960766,3.32153015415273,3.37834386604418
"498","2023/5/13",6,3,3.237349285,2.968159645,3.26996443647389,3.32587304454944,3.38178209298879
"499","2023/5/14",6,4,3.177632794,3.018078531,3.27463265704487,3.32987132753907,3.38664697150443
"500","2023/5/15",6,2,3.438523385,2.945487798,3.27916472607539,3.33304639369368,3.39020885317299
"501","2023/5/16",6,3,3.144719218,2.921844611,3.28187487401734,3.33584369124239,3.3924940332426
"502","2023/5/17",6,3,3.503004325,3.100987164,3.28391483764669,3.33784158846512,3.3941477323087
"503","2023/5/18",6,6,3.397974522,3.397974522,3.285179419483,3.33879952271143,3.39563102676066
"504","2023/5/19",6,3,3.36935345,3.034161727,3.28583995090563,3.33858835552256,3.39693482332623
"505","2023/5/20",6,3,3.378356636,3.03866332,3.28513598795829,3.33719707087676,3.39475437537138
"506","2023/5/21",6,5,3.219443942,3.132698285,3.28195073772724,3.33470509950805,3.39227789548774
"507","2023/5/22",6,5,3.320450685,3.216870571,3.27816952402762,3.33131996324238,3.38872913836398
"508","2023/5/23",6,4,3.24442314,3.062605428,3.2724621599207,3.32700410611568,3.38401776052305
"509","2023/5/24",6,4,3.164574361,3.009372909,3.26507517059978,3.32125981889807,3.3797642749653
"510","2023/5/25",6,2,4.059971173,3.15263706,3.25514734757471,3.31460251383543,3.37624172078606
"511","2023/5/26",6,4,3.2488059,3.065527268,3.24477647401187,3.30754830997547,3.37140504401907
"512","2023/5/27",6,1,3.411546378,2.817732733,3.23196869929985,3.3003175819618,3.36899922839251
"513","2023/5/28",6,3,3.329427919,3.014198962,3.21750331238501,3.29270607305349,3.36779788945756
"514","2023/5/29",6,1,3.171649697,2.777749953,3.19953480099734,3.28533117734736,3.36847817054628
"515","2023/5/30",6,3,3.166833524,2.932901764,3.18172728161843,3.27722198785922,3.37225482703853
"516","2023/5/31",6,3,3.428683487,3.063826746,3.16099878329228,3.26963420939206,3.37704433559704
"517","",NA,NA,NA,NA,3.13931904564036,3.2621936716408,3.38259524401164
"518","",NA,NA,NA,NA,3.11583426912881,3.25500959172166,3.38968783683991
