collection_date,RSV_sunnyvale,RSV_oceanside,RSV_palo_alto,RSV_san_jose,RSV_silicon_valley,RSV_southeast_san_francisco,Test_sunny,Test_Oceanside,Test_Palo,Test_san,Test_silcon,Test_south,Positive_sunny,Positive_Oceanside,Positive_Palo,Positive_san,Positive_silcon,Positive_south,,,RSV_sunnyvale,RSV_oceanside,RSV_palo_alto,RSV_san_jose,RSV_silicon_valley,RSV_southeast_san_francisco
2022/1/1,,,,,,,0,0,0,0,0,0,0,0,0,0,0,0,,,,,,,,
2022/1/2,,,,,,,0,0,0,0,0,0,0,0,0,0,0,0,,,,,,,,
2022/1/3,,,19868.13,48229.67,,,0,0,1,1,0,0,0,0,1,1,0,0,,,,,19868.13,48229.67,,
2022/1/4,20040.4,18276.8,,,39757.58,,1,1,0,0,1,0,1,1,0,0,1,0,,,20040.4,18276.8,,,39757.58,
2022/1/5,,,,,,,0,0,0,0,0,0,0,0,0,0,0,0,,,,,,,,
2022/1/6,,,,,,,0,0,0,0,0,0,0,0,0,0,0,0,,,,,,,,
2022/1/7,,,,,,,0,0,0,0,0,0,0,0,0,0,0,0,,,,,,,,
2022/1/8,,,12683.27,18655.66,,,0,0,1,1,0,0,0,0,1,1,0,0,,,,,12683.27,18655.66,,
2022/1/9,33362.01,20169.88,34189.65,48365.26,18384.46,,1,1,1,1,1,0,1,1,1,1,1,0,,,33362.01,20169.88,34189.65,48365.26,18384.46,
2022/1/10,28608.6,13505.65,40855.78,20657.47,41466.07,,1,1,1,1,1,0,1,1,1,1,1,0,,,28608.6,13505.65,40855.78,20657.47,41466.07,
2022/1/11,34731.71,10680.66,14163.93,28051.57,40021.76,,1,1,1,1,1,0,1,1,1,1,1,0,,,34731.71,10680.66,14163.93,28051.57,40021.76,
2022/1/12,21480.8,,7279.839,27597.25,28047.06,,1,0,1,1,1,0,1,0,1,1,1,0,,,21480.8,,7279.839,27597.25,28047.06,
2022/1/13,14187.38,24170.88,10930.36,23116.13,22194.4,,1,1,1,1,1,0,1,1,1,1,1,0,,,14187.38,24170.88,10930.36,23116.13,22194.4,
2022/1/14,16358.19,,4486.809,22489.95,34334.78,,1,0,1,1,1,0,1,0,1,1,1,0,,,16358.19,,4486.809,22489.95,34334.78,
2022/1/15,16632.94,18161.92,5536,28756.34,4794.809,,1,1,1,1,1,0,1,1,1,1,1,0,,,16632.94,18161.92,5536,28756.34,4794.809,
2022/1/16,14868.69,31657.75,6213.757,31207.62,22946.78,,1,1,1,1,1,0,1,1,1,1,1,0,,,14868.69,31657.75,6213.757,31207.62,22946.78,
2022/1/17,27911.89,16561.4,8312.644,23555.56,18666.67,,1,1,1,1,1,0,1,1,1,1,1,0,,,27911.89,16561.4,8312.644,23555.56,18666.67,
2022/1/18,16740.74,18666.67,6404.103,23385.23,9679.012,,1,1,1,1,1,0,1,1,1,1,1,0,,,16740.74,18666.67,6404.103,23385.23,9679.012,
2022/1/19,13421.23,4141.921,11138.19,14532.08,50599.39,,1,1,1,1,1,0,1,1,1,1,1,0,,,13421.23,4141.921,11138.19,14532.08,50599.39,
2022/1/20,6989.973,7532.456,6708.858,13501.39,18264.86,,1,1,1,1,1,0,1,1,1,1,1,0,,,6989.973,7532.456,6708.858,13501.39,18264.86,
2022/1/21,7748.93,2724.241,6156.436,9224.775,12118.78,,1,1,1,1,1,0,1,1,1,1,1,0,,,7748.93,2724.241,6156.436,9224.775,12118.78,
2022/1/22,4450.997,10183.29,2758.925,7232.817,10447.12,,1,1,1,1,1,0,1,1,1,1,1,0,,,4450.997,10183.29,2758.925,7232.817,10447.12,
2022/1/23,7550.545,5108.283,1552.643,8049.303,5595.135,,1,1,1,1,1,0,1,1,1,1,1,0,,,7550.545,5108.283,1552.643,8049.303,5595.135,
2022/1/24,4566.432,984.3703,1092.61,6486.603,5426.739,,1,1,1,1,1,0,1,1,1,1,1,0,,,4566.432,984.3703,1092.61,6486.603,5426.739,
2022/1/25,5868.623,3218.788,4442.478,11490.46,15052.03,,1,1,1,1,1,0,1,1,1,1,1,0,,,5868.623,3218.788,4442.478,11490.46,15052.03,
2022/1/26,8924.156,2851.866,7919.957,15975.35,7769.16,,1,1,1,1,1,0,1,1,1,1,1,0,,,8924.156,2851.866,7919.957,15975.35,7769.16,
2022/1/27,5875.601,7716.151,6168.472,7139.035,2902.978,,1,1,1,1,1,0,1,1,1,1,1,0,,,5875.601,7716.151,6168.472,7139.035,2902.978,
2022/1/28,4290.139,1286.94,5381.689,5681.049,9436.259,,1,1,1,1,1,0,1,1,1,1,1,0,,,4290.139,1286.94,5381.689,5681.049,9436.259,
2022/1/29,8177.517,9751.556,18761.91,21824.77,10878.9,,1,1,1,1,1,0,1,1,1,1,1,0,,,8177.517,9751.556,18761.91,21824.77,10878.9,
2022/1/30,7422.772,2135.298,1144.135,6959.43,19738.63,,1,1,1,1,1,0,1,1,1,1,1,0,,,7422.772,2135.298,1144.135,6959.43,19738.63,
2022/1/31,6848.295,,2975.286,2593.301,7749.939,,1,0,1,1,1,0,1,0,1,1,1,0,,,6848.295,,2975.286,2593.301,7749.939,
2022/2/1,4681.482,1460.543,10557.68,8366.489,1821.666,,1,1,1,1,1,0,1,1,1,1,1,0,,,4681.482,1460.543,10557.68,8366.489,1821.666,
2022/2/2,7189.165,3463.794,2763.412,6609.6,2922.72,,1,1,1,1,1,0,1,1,1,1,1,0,,,7189.165,3463.794,2763.412,6609.6,2922.72,
2022/2/3,3425.071,921.673,6799.732,5293.123,3338.322,,1,1,1,1,1,0,1,1,1,1,1,0,,,3425.071,921.673,6799.732,5293.123,3338.322,
2022/2/4,7114.973,4053.548,4840.906,6360.185,15754.79,,1,1,1,1,1,0,1,1,1,1,1,0,,,7114.973,4053.548,4840.906,6360.185,15754.79,
2022/2/5,12936.62,6401.761,6961.675,2313.219,500,,1,1,1,1,1,0,1,1,1,1,0,0,,,12936.62,6401.761,6961.675,2313.219,500,
2022/2/6,5621.615,2690.269,6132.687,4722.735,21233.54,,1,1,1,1,1,0,1,1,1,1,1,0,,,5621.615,2690.269,6132.687,4722.735,21233.54,
2022/2/7,8139.741,15749.07,4158.124,3339.911,4649.811,,1,1,1,1,1,0,1,1,1,1,1,0,,,8139.741,15749.07,4158.124,3339.911,4649.811,
2022/2/8,3971.309,896.4213,6933.412,7057.846,10305,,1,1,1,1,1,0,1,1,1,1,1,0,,,3971.309,896.4213,6933.412,7057.846,10305,
2022/2/9,10447.75,1935.955,4211.129,10498.41,3716.423,,1,1,1,1,1,0,1,1,1,1,1,0,,,10447.75,1935.955,4211.129,10498.41,3716.423,
2022/2/10,3570.081,3738.932,8413.748,5421.633,3723.217,,1,1,1,1,1,0,1,1,1,1,1,0,,,3570.081,3738.932,8413.748,5421.633,3723.217,
2022/2/11,7595.45,3045.288,500,4456.178,12642.05,,1,1,1,1,1,0,1,1,0,1,1,0,,,7595.45,3045.288,500,4456.178,12642.05,
2022/2/12,1780.209,500,3094.107,2628.809,3027.002,,1,1,1,1,1,0,1,0,1,1,1,0,,,1780.209,500,3094.107,2628.809,3027.002,
2022/2/13,2109.238,987.8981,500,4911.599,3683.659,,1,1,1,1,1,0,1,1,0,1,1,0,,,2109.238,987.8981,500,4911.599,3683.659,
2022/2/14,1927.857,1867.901,2753.203,7333.455,4957.745,,1,1,1,1,1,0,1,1,1,1,1,0,,,1927.857,1867.901,2753.203,7333.455,4957.745,
2022/2/15,5205.046,6044.562,7111.111,7818.182,25680.9,,1,1,1,1,1,0,1,1,1,1,1,0,,,5205.046,6044.562,7111.111,7818.182,25680.9,
2022/2/16,21661.54,,4684.395,6082.442,8492.308,,1,0,1,1,1,0,1,0,1,1,1,0,,,21661.54,,4684.395,6082.442,8492.308,
2022/2/17,4327.557,2306.101,3864.514,13556.74,14258.46,,1,1,1,1,1,0,1,1,1,1,1,0,,,4327.557,2306.101,3864.514,13556.74,14258.46,
2022/2/18,11517.02,1549.848,3031.596,13155.92,9975.458,,1,1,1,1,1,0,1,1,1,1,1,0,,,11517.02,1549.848,3031.596,13155.92,9975.458,
2022/2/19,6308.178,7415.131,1947.415,1787.592,500,,1,1,1,1,1,0,1,1,1,1,0,0,,,6308.178,7415.131,1947.415,1787.592,500,
2022/2/20,15683.08,17834.55,5425.597,4680.782,992.448,,1,1,1,1,1,0,1,1,1,1,1,0,,,15683.08,17834.55,5425.597,4680.782,992.448,
2022/2/21,7850.849,500,1361.07,2089.462,8647.56,,1,1,1,1,1,0,1,0,1,1,1,0,,,7850.849,500,1361.07,2089.462,8647.56,
2022/2/22,1408.383,500,3537.828,6430.25,500,,1,1,1,1,1,0,1,0,1,1,0,0,,,1408.383,500,3537.828,6430.25,500,
2022/2/23,9516.36,970.5914,1922.589,11543.53,500,,1,1,1,1,1,0,1,1,1,1,0,0,,,9516.36,970.5914,1922.589,11543.53,500,
2022/2/24,5104.481,923.7886,,3738.094,2474.011,,1,1,0,1,1,0,1,1,0,1,1,0,,,5104.481,923.7886,,3738.094,2474.011,
2022/2/25,1165.309,975.9964,4427.261,2460.434,500,,1,1,1,1,1,0,1,1,1,1,0,0,,,1165.309,975.9964,4427.261,2460.434,500,
2022/2/26,814.7411,1333.854,10803.93,6031.979,927.6196,,1,1,1,1,1,0,1,1,1,1,1,0,,,814.7411,1333.854,10803.93,6031.979,927.6196,
2022/2/27,1756.616,2649.259,11847.24,2425.603,4881.416,,1,1,1,1,1,0,1,1,1,1,1,0,,,1756.616,2649.259,11847.24,2425.603,4881.416,
2022/2/28,9340.751,,23333.38,4244.662,3805.104,,1,0,1,1,1,0,1,0,1,1,1,0,,,9340.751,,23333.38,4244.662,3805.104,
2022/3/1,7916.978,1877.241,36148.67,4291.264,5318.858,,1,1,1,1,1,0,1,1,1,1,1,0,,,7916.978,1877.241,36148.67,4291.264,5318.858,
2022/3/2,3600.547,3187.541,28791.33,1765.78,11252.98,,1,1,1,1,1,0,1,1,1,1,1,0,,,3600.547,3187.541,28791.33,1765.78,11252.98,
2022/3/3,2709.278,2608.483,11032.31,5543,4026.643,,1,1,1,1,1,0,1,1,1,1,1,0,,,2709.278,2608.483,11032.31,5543,4026.643,
2022/3/4,2557.946,3001.036,12419.52,2725.577,9135.705,,1,1,1,1,1,0,1,1,1,1,1,0,,,2557.946,3001.036,12419.52,2725.577,9135.705,
2022/3/5,1346.044,2846.748,6480.287,10053.1,2748.782,,1,1,1,1,1,0,1,1,1,1,1,0,,,1346.044,2846.748,6480.287,10053.1,2748.782,
2022/3/6,2058.806,2269.091,3923.55,3363.314,2787.348,,1,1,1,1,1,0,1,1,1,1,1,0,,,2058.806,2269.091,3923.55,3363.314,2787.348,
2022/3/7,4775.615,6201.885,14624.27,3623.317,7083.979,,1,1,1,1,1,0,1,1,1,1,1,0,,,4775.615,6201.885,14624.27,3623.317,7083.979,
2022/3/8,1232.366,1862.475,12278.3,15891.4,7508.778,,1,1,1,1,1,0,1,1,1,1,1,0,,,1232.366,1862.475,12278.3,15891.4,7508.778,
2022/3/9,5977.93,1786.067,29525.23,6948.319,4180.269,,1,1,1,1,1,0,1,1,1,1,1,0,,,5977.93,1786.067,29525.23,6948.319,4180.269,
2022/3/10,5307.418,500,5866.384,3797.138,2116.345,,1,1,1,1,1,0,1,0,1,1,1,0,,,5307.418,500,5866.384,3797.138,2116.345,
2022/3/11,2428.547,2163.779,3771.635,3978.201,500,,1,1,1,1,1,0,1,1,1,1,0,0,,,2428.547,2163.779,3771.635,3978.201,500,
2022/3/12,8422.26,801.0324,3188.348,2439.204,2644.597,,1,1,1,1,1,0,1,1,1,1,1,0,,,8422.26,801.0324,3188.348,2439.204,2644.597,
2022/3/13,7049.799,2535.684,1618.817,25058.24,5590.817,,1,1,1,1,1,0,1,1,1,1,1,0,,,7049.799,2535.684,1618.817,25058.24,5590.817,
2022/3/14,7420.655,1868.493,22254.29,2597.64,2861.54,,1,1,1,1,1,0,1,1,1,1,1,0,,,7420.655,1868.493,22254.29,2597.64,2861.54,
2022/3/15,4209.244,1701.735,2312.664,2545.337,500,,1,1,1,1,1,0,1,1,1,1,0,0,,,4209.244,1701.735,2312.664,2545.337,500,
2022/3/16,6481.884,1674.73,4536.971,4057.935,2574.806,,1,1,1,1,1,0,1,1,1,1,1,0,,,6481.884,1674.73,4536.971,4057.935,2574.806,
2022/3/17,4230.5,500,2852.468,2088.164,3454.15,,1,1,1,1,1,0,1,0,1,1,1,0,,,4230.5,500,2852.468,2088.164,3454.15,
2022/3/18,4154.453,6626.648,8151.626,6398.298,4161.901,,1,1,1,1,1,0,1,1,1,1,1,0,,,4154.453,6626.648,8151.626,6398.298,4161.901,
2022/3/19,2903.846,10861.24,5140.133,3747.919,2788.818,,1,1,1,1,1,0,1,1,1,1,1,0,,,2903.846,10861.24,5140.133,3747.919,2788.818,
2022/3/20,10374.28,500,2478.735,3376.842,7167.715,,1,1,1,1,1,0,1,0,1,1,1,0,,,10374.28,500,2478.735,3376.842,7167.715,
2022/3/21,1350.454,500,1206.98,2820.244,500,,1,1,1,1,1,0,1,0,1,1,0,0,,,1350.454,500,1206.98,2820.244,500,
2022/3/22,3372.133,1281.132,5904.558,2262.226,2158.28,,1,1,1,1,1,0,1,1,1,1,1,0,,,3372.133,1281.132,5904.558,2262.226,2158.28,
2022/3/23,3292.987,1726.931,26620.21,1652.715,500,,1,1,1,1,1,0,1,1,1,1,0,0,,,3292.987,1726.931,26620.21,1652.715,500,
2022/3/24,10250.47,1284.891,6407.218,500,500,,1,1,1,1,1,0,1,1,1,0,0,0,,,10250.47,1284.891,6407.218,500,500,
2022/3/25,3126.976,500,1552.04,1133.738,23193.49,,1,1,1,1,1,0,1,0,1,1,1,0,,,3126.976,500,1552.04,1133.738,23193.49,
2022/3/26,1441.56,2331.134,8013.411,2946.551,3759.15,,1,1,1,1,1,0,1,1,1,1,1,0,,,1441.56,2331.134,8013.411,2946.551,3759.15,
2022/3/27,2552.982,794.682,4043.044,1862.228,500,,1,1,1,1,1,0,1,1,1,1,0,0,,,2552.982,794.682,4043.044,1862.228,500,
2022/3/28,3699.423,500,4442.959,2021.648,500,,1,1,1,1,1,0,1,0,1,1,0,0,,,3699.423,500,4442.959,2021.648,500,
2022/3/29,9220.218,2638.691,3186.968,3074.155,6575.532,,1,1,1,1,1,0,1,1,1,1,1,0,,,9220.218,2638.691,3186.968,3074.155,6575.532,
2022/3/30,5070.726,3927.076,500,6464.17,500,,1,1,1,1,1,0,1,1,0,1,0,0,,,5070.726,3927.076,500,6464.17,500,
2022/3/31,3650.086,,500,3620.707,500,,1,0,1,1,1,0,1,0,0,1,0,0,,,3650.086,,500,3620.707,500,
2022/4/1,1791.332,1135.047,1910.242,500,3158.291,,1,1,1,1,1,0,1,1,1,0,1,0,,,1791.332,1135.047,1910.242,500,3158.291,
2022/4/2,14734.01,2312.695,37160.71,2974.074,12985.28,,1,1,1,1,1,0,1,1,1,1,1,0,,,14734.01,2312.695,37160.71,2974.074,12985.28,
2022/4/3,1770.449,,3121.186,882.6768,500,,1,0,1,1,1,0,1,0,1,1,0,0,,,1770.449,,3121.186,882.6768,500,
2022/4/4,1654.001,1581.21,6234.671,500,2380.931,,1,1,1,1,1,0,1,1,1,0,1,0,,,1654.001,1581.21,6234.671,500,2380.931,
2022/4/5,15499.83,500,1280.77,1599.124,1438.169,,1,1,1,1,1,0,1,0,1,1,1,0,,,15499.83,500,1280.77,1599.124,1438.169,
2022/4/6,10170.78,,500,939.7818,500,,1,0,1,1,1,0,1,0,0,1,0,0,,,10170.78,,500,939.7818,500,
2022/4/7,1861.818,737.3065,500,2565.622,500,,1,1,1,1,1,0,1,1,0,1,0,0,,,1861.818,737.3065,500,2565.622,500,
2022/4/8,1985.903,6712.276,2933.846,500,6182.792,,1,1,1,1,1,0,1,1,1,0,1,0,,,1985.903,6712.276,2933.846,500,6182.792,
2022/4/9,1546.816,2271.146,2049.382,500,500,,1,1,1,1,1,0,1,1,1,0,0,0,,,1546.816,2271.146,2049.382,500,500,
2022/4/10,500,14918.98,500,500,6714.834,,1,1,1,1,1,0,0,1,0,0,1,0,,,500,14918.98,500,500,6714.834,
2022/4/11,1392.411,4998.286,500,2420.485,18864.32,,1,1,1,1,1,0,1,1,0,1,1,0,,,1392.411,4998.286,500,2420.485,18864.32,
2022/4/12,1254.286,896.0841,500,2406.551,500,,1,1,1,1,1,0,1,1,0,1,0,0,,,1254.286,896.0841,500,2406.551,500,
2022/4/13,2312.763,2340.782,1736.46,994.3512,500,,1,1,1,1,1,0,1,1,1,1,0,0,,,2312.763,2340.782,1736.46,994.3512,500,
2022/4/14,500,500,1489.112,500,500,,1,1,1,1,1,0,0,0,1,0,0,0,,,500,500,1489.112,500,500,
2022/4/15,500,500,500,500,500,,1,1,1,1,1,0,0,0,0,0,0,0,,,500,500,500,500,500,
2022/4/16,1085.401,1176.932,1683.901,500,500,,1,1,1,1,1,0,1,1,1,0,0,0,,,1085.401,1176.932,1683.901,500,500,
2022/4/17,500,1562.368,500,3723.49,1971.628,,1,1,1,1,1,0,0,1,0,1,1,0,,,500,1562.368,500,3723.49,1971.628,
2022/4/18,11346.53,25230.52,500,715.3511,3250.381,,1,1,1,1,1,0,1,1,0,1,1,0,,,11346.53,25230.52,500,715.3511,3250.381,
2022/4/19,3365.152,2447.973,1286.615,2070.305,10551.74,,1,1,1,1,1,0,1,1,1,1,1,0,,,3365.152,2447.973,1286.615,2070.305,10551.74,
2022/4/20,1137.295,500,500,1704.562,2386.139,,1,1,1,1,1,0,1,0,0,1,1,0,,,1137.295,500,500,1704.562,2386.139,
2022/4/21,2038.067,500,500,1199.502,2734.105,,1,1,1,1,1,0,1,0,0,1,1,0,,,2038.067,500,500,1199.502,2734.105,
2022/4/22,1062.729,1777.207,1986.4,1432.819,3494.465,,1,1,1,1,1,0,1,1,1,1,1,0,,,1062.729,1777.207,1986.4,1432.819,3494.465,
2022/4/23,858.0893,1612.824,500,5717.172,2515.229,,1,1,1,1,1,0,1,1,0,1,1,0,,,858.0893,1612.824,500,5717.172,2515.229,
2022/4/24,1534.454,500,1666.219,5538.557,500,,1,1,1,1,1,0,1,0,1,1,0,0,,,1534.454,500,1666.219,5538.557,500,
2022/4/25,1019.294,500,2090.687,1698.461,500,,1,1,1,1,1,0,1,0,1,1,0,0,,,1019.294,500,2090.687,1698.461,500,
2022/4/26,500,500,500,3231.895,500,,1,1,1,1,1,0,0,0,0,1,0,0,,,500,500,500,3231.895,500,
2022/4/27,1373.276,500,500,2209.664,500,,1,1,1,1,1,0,1,0,0,1,0,0,,,1373.276,500,500,2209.664,500,
2022/4/28,27734.78,500,4557.552,500,500,,1,1,1,1,1,0,1,0,1,0,0,0,,,27734.78,500,4557.552,500,500,
2022/4/29,500,500,500,2599.435,500,,1,1,1,1,1,0,0,0,0,1,0,0,,,500,500,500,2599.435,500,
2022/4/30,500,500,6675.107,1765.012,500,,1,1,1,1,1,0,0,0,1,1,0,0,,,500,500,6675.107,1765.012,500,
2022/5/1,500,4025.566,2019.329,9545.419,500,,1,1,1,1,1,0,0,1,1,1,0,0,,,500,4025.566,2019.329,9545.419,500,
2022/5/2,500,868.2036,1955.728,4769.768,500,,1,1,1,1,1,0,0,1,1,1,0,0,,,500,868.2036,1955.728,4769.768,500,
2022/5/3,15334.15,500,500,500,500,,1,1,1,1,1,0,1,0,0,0,0,0,,,15334.15,500,500,500,500,
2022/5/4,1097.937,500,1436.323,11444.76,500,,1,1,1,1,1,0,1,0,1,1,0,0,,,1097.937,500,1436.323,11444.76,500,
2022/5/5,,3164.243,500,2470.244,500,,0,1,1,1,1,0,0,1,0,1,0,0,,,,3164.243,500,2470.244,500,
2022/5/6,500,500,1679.164,2004.156,500,,1,1,1,1,1,0,0,0,1,1,0,0,,,500,500,1679.164,2004.156,500,
2022/5/7,1304.158,500,500,2903.973,500,,1,1,1,1,1,0,1,0,0,1,0,0,,,1304.158,500,500,2903.973,500,
2022/5/8,2560.979,500,500,1355.572,500,,1,1,1,1,1,0,1,0,0,1,0,0,,,2560.979,500,500,1355.572,500,
2022/5/9,2379.361,500,500,1609.998,500,,1,1,1,1,1,0,1,0,0,1,0,0,,,2379.361,500,500,1609.998,500,
2022/5/10,2263.567,500,500,3186.48,2462.2,,1,1,1,1,1,0,1,0,0,1,1,0,,,2263.567,500,500,3186.48,2462.2,
2022/5/11,2673.574,500,1417.433,12352.61,500,,1,1,1,1,1,0,1,0,1,1,0,0,,,2673.574,500,1417.433,12352.61,500,
2022/5/12,1959.079,500,500,8385.313,500,,1,1,1,1,1,0,1,0,0,1,0,0,,,1959.079,500,500,8385.313,500,
2022/5/13,1927.165,500,500,1424.596,1625.453,,1,1,1,1,1,0,1,0,0,1,1,0,,,1927.165,500,500,1424.596,1625.453,
2022/5/14,1612.552,500,500,9454.453,1679.335,,1,1,1,1,1,0,1,0,0,1,1,0,,,1612.552,500,500,9454.453,1679.335,
2022/5/15,2606.641,500,500,1576.432,2433.188,,1,1,1,1,1,0,1,0,0,1,1,0,,,2606.641,500,500,1576.432,2433.188,
2022/5/16,4122.987,9435.147,500,500,500,,1,1,1,1,1,0,1,1,0,0,0,0,,,4122.987,9435.147,500,500,500,
2022/5/17,2039.633,500,500,776.8712,500,,1,1,1,1,1,0,1,0,0,1,0,0,,,2039.633,500,500,776.8712,500,
2022/5/18,2662.163,500,500,2698.724,500,,1,1,1,1,1,0,1,0,0,1,0,0,,,2662.163,500,500,2698.724,500,
2022/5/19,2357.925,500,2195.042,832.0815,500,,1,1,1,1,1,0,1,0,1,1,0,0,,,2357.925,500,2195.042,832.0815,500,
2022/5/20,2531.547,500,19985.6,1160.853,500,500,1,1,1,1,1,1,1,0,1,1,0,0,,,2531.547,500,19985.6,1160.853,500,500
2022/5/21,925.827,500,500,2799.9,500,500,1,1,1,1,1,1,1,0,0,1,0,0,,,925.827,500,500,2799.9,500,500
2022/5/22,929.3527,500,500,4783.158,1168.847,500,1,1,1,1,1,1,1,0,0,1,1,0,,,929.3527,500,500,4783.158,1168.847,500
2022/5/23,2064.593,980.0776,500,1525.851,500,500,1,1,1,1,1,1,1,1,0,1,0,0,,,2064.593,980.0776,500,1525.851,500,500
2022/5/24,1457.396,3627.993,500,500,500,500,1,1,1,1,1,1,1,1,0,0,0,0,,,1457.396,3627.993,500,500,500,500
2022/5/25,4030.675,2932.873,500,9898.089,500,11258.27,1,1,1,1,1,1,1,1,0,1,0,1,,,4030.675,2932.873,500,9898.089,500,11258.27
2022/5/26,3048.282,2377.119,500,3169.138,500,500,1,1,1,1,1,1,1,1,0,1,0,0,,,3048.282,2377.119,500,3169.138,500,500
2022/5/27,2250.309,500,500,2300.081,500,500,1,1,1,1,1,1,1,0,0,1,0,0,,,2250.309,500,500,2300.081,500,500
2022/5/28,500,500,1562.726,3039.491,500,2383.052,1,1,1,1,1,1,0,0,1,1,0,1,,,500,500,1562.726,3039.491,500,2383.052
2022/5/29,2199.793,500,5149.029,1839.419,500,500,1,1,1,1,1,1,1,0,1,1,0,0,,,2199.793,500,5149.029,1839.419,500,500
2022/5/30,7913.511,,7048.241,2268.81,1703.493,1035.531,1,0,1,1,1,1,1,0,1,1,1,1,,,7913.511,,7048.241,2268.81,1703.493,1035.531
2022/5/31,500,500,1207.233,2776.43,500,5214.113,1,1,1,1,1,1,0,0,1,1,0,1,,,500,500,1207.233,2776.43,500,5214.113
2022/6/1,1139.877,1508.421,4895.125,3373.997,14145.21,500,1,1,1,1,1,1,1,1,1,1,1,0,,,1139.877,1508.421,4895.125,3373.997,14145.21,500
2022/6/2,6808.721,1802.838,500,1179.548,500,500,1,1,1,1,1,1,1,1,0,1,0,0,,,6808.721,1802.838,500,1179.548,500,500
2022/6/3,1784.851,1176.194,9622.962,13183.63,2449.521,500,1,1,1,1,1,1,1,1,1,1,1,0,,,1784.851,1176.194,9622.962,13183.63,2449.521,500
2022/6/4,9330.633,1817.789,500,955.9549,1746.113,500,1,1,1,1,1,1,1,1,0,1,1,0,,,9330.633,1817.789,500,955.9549,1746.113,500
2022/6/5,1096.29,500,500,1547.34,500,500,1,1,1,1,1,1,1,0,0,1,0,0,,,1096.29,500,500,1547.34,500,500
2022/6/6,1817.513,1683.524,500,500,1961.772,1739.799,1,1,1,1,1,1,1,1,0,0,1,1,,,1817.513,1683.524,500,500,1961.772,1739.799
2022/6/7,3504.605,2880.209,1870.485,6319.604,1383.63,4705.594,1,1,1,1,1,1,1,1,1,1,1,1,,,3504.605,2880.209,1870.485,6319.604,1383.63,4705.594
2022/6/8,15280.94,3045.51,500,3594.313,3957.982,1889.649,1,1,1,1,1,1,1,1,0,1,1,1,,,15280.94,3045.51,500,3594.313,3957.982,1889.649
2022/6/9,500,45333.33,29584.27,3290.34,500,500,1,1,1,1,1,1,0,1,1,1,0,0,,,500,45333.33,29584.27,3290.34,500,500
2022/6/10,6103.733,3927.209,1086.854,840.8192,3076.084,500,1,1,1,1,1,1,1,1,1,1,1,0,,,6103.733,3927.209,1086.854,840.8192,3076.084,500
2022/6/11,1551.321,3740.19,4005.772,909.9005,18063.29,500,1,1,1,1,1,1,1,1,1,1,1,0,,,1551.321,3740.19,4005.772,909.9005,18063.29,500
2022/6/12,500,4834.765,500,2256.935,500,1620.178,1,1,1,1,1,1,0,1,0,1,0,1,,,500,4834.765,500,2256.935,500,1620.178
2022/6/13,1867.14,500,2166.306,500,2899.146,500,1,1,1,1,1,1,1,0,1,0,1,0,,,1867.14,500,2166.306,500,2899.146,500
2022/6/14,500,4819.259,500,757.3844,500,500,1,1,1,1,1,1,0,1,0,1,0,0,,,500,4819.259,500,757.3844,500,500
2022/6/15,500,5639.36,3000.775,1216.308,500,500,1,1,1,1,1,1,0,1,1,1,0,0,,,500,5639.36,3000.775,1216.308,500,500
2022/6/16,1086.929,500,6048.413,4324.54,1919.05,3777.936,1,1,1,1,1,1,1,0,1,1,1,1,,,1086.929,500,6048.413,4324.54,1919.05,3777.936
2022/6/17,2541.517,500,1602.11,1258.744,3891.208,1535.741,1,1,1,1,1,1,1,0,1,1,1,1,,,2541.517,500,1602.11,1258.744,3891.208,1535.741
2022/6/18,2583.351,500,500,1456.313,4054.692,500,1,1,1,1,1,1,1,0,0,1,1,0,,,2583.351,500,500,1456.313,4054.692,500
2022/6/19,500,500,5331.968,2250.735,500,500,1,1,1,1,1,1,0,0,1,1,0,0,,,500,500,5331.968,2250.735,500,500
2022/6/20,500,8081.058,2221.819,1219.505,9192.564,500,1,1,1,1,1,1,0,1,1,1,1,0,,,500,8081.058,2221.819,1219.505,9192.564,500
2022/6/21,24734.56,500,7284.978,3255.184,500,4614.015,1,1,1,1,1,1,1,0,1,1,0,1,,,24734.56,500,7284.978,3255.184,500,4614.015
2022/6/22,12264.41,500,500,2233.769,500,500,1,1,1,1,1,1,1,0,0,1,0,0,,,12264.41,500,500,2233.769,500,500
2022/6/23,7734.666,6635.47,500,2061.31,500,1806.666,1,1,1,1,1,1,1,1,0,1,0,1,,,7734.666,6635.47,500,2061.31,500,1806.666
2022/6/24,2218.503,4308.305,1681.757,1165.94,11643.61,500,1,1,1,1,1,1,1,1,1,1,1,0,,,2218.503,4308.305,1681.757,1165.94,11643.61,500
2022/6/25,1167.233,30928.82,6559.143,2169.013,500,2755.484,1,1,1,1,1,1,1,1,1,1,0,1,,,1167.233,30928.82,6559.143,2169.013,500,2755.484
2022/6/26,1066.839,10725.69,3385.132,5971.874,3660.642,1810.331,1,1,1,1,1,1,1,1,1,1,1,1,,,1066.839,10725.69,3385.132,5971.874,3660.642,1810.331
2022/6/27,500,5524.893,2286.632,500,500,500,1,1,1,1,1,1,0,1,1,0,0,0,,,500,5524.893,2286.632,500,500,500
2022/6/28,1985.925,500,3952.972,1306.278,1850.901,500,1,1,1,1,1,1,1,0,1,1,1,0,,,1985.925,500,3952.972,1306.278,1850.901,500
2022/6/29,833.56,1435.417,500,2658.234,500,500,1,1,1,1,1,1,1,1,0,1,0,0,,,833.56,1435.417,500,2658.234,500,500
2022/6/30,10024.95,1902.2,500,1367.281,500,7719.422,1,1,1,1,1,1,1,1,0,1,0,1,,,10024.95,1902.2,500,1367.281,500,7719.422
2022/7/1,767.8351,1046.075,1182.616,2417.601,500,500,1,1,1,1,1,1,1,1,1,1,0,0,,,767.8351,1046.075,1182.616,2417.601,500,500
2022/7/2,500,1372.528,500,1601.915,2052.359,2377.029,1,1,1,1,1,1,0,1,0,1,1,1,,,500,1372.528,500,1601.915,2052.359,2377.029
2022/7/3,1276.322,1119.775,4002.206,2763.695,500,1191.489,1,1,1,1,1,1,1,1,1,1,0,1,,,1276.322,1119.775,4002.206,2763.695,500,1191.489
2022/7/4,1148.371,1998.207,500,1645.439,1992.668,500,1,1,1,1,1,1,1,1,0,1,1,0,,,1148.371,1998.207,500,1645.439,1992.668,500
2022/7/5,1428.686,500,1412.854,1134.428,500,915.4867,1,1,1,1,1,1,1,0,1,1,0,1,,,1428.686,500,1412.854,1134.428,500,915.4867
2022/7/6,1857.371,500,4070.965,4703.834,4161.106,1484.809,1,1,1,1,1,1,1,0,1,1,1,1,,,1857.371,500,4070.965,4703.834,4161.106,1484.809
2022/7/7,500,5406.451,500,2966.117,500,1657.837,1,1,1,1,1,1,0,1,0,1,0,1,,,500,5406.451,500,2966.117,500,1657.837
2022/7/8,500,1582.392,500,3524.703,500,2103.661,1,1,1,1,1,1,0,1,0,1,0,1,,,500,1582.392,500,3524.703,500,2103.661
2022/7/9,878.4135,2136.696,14612.39,2517.91,500,2593.905,1,1,1,1,1,1,1,1,1,1,0,1,,,878.4135,2136.696,14612.39,2517.91,500,2593.905
2022/7/10,3363.632,1377.417,4532.245,1996.168,1657.221,,1,1,1,1,1,0,1,1,1,1,1,0,,,3363.632,1377.417,4532.245,1996.168,1657.221,
2022/7/11,1779.816,500,500,1006.023,3128.534,500,1,1,1,1,1,1,1,0,0,1,1,0,,,1779.816,500,500,1006.023,3128.534,500
2022/7/12,13561.83,2389.332,500,1278.651,1428.057,1377.27,1,1,1,1,1,1,1,1,0,1,1,1,,,13561.83,2389.332,500,1278.651,1428.057,1377.27
2022/7/13,1508.177,500,3633.394,500,500,3958.787,1,1,1,1,1,1,1,0,1,0,0,1,,,1508.177,500,3633.394,500,500,3958.787
2022/7/14,6210.178,500,500,500,500,1726.432,1,1,1,1,1,1,1,0,0,0,0,1,,,6210.178,500,500,500,500,1726.432
2022/7/15,9914.322,2601.837,500,500,500,1262.524,1,1,1,1,1,1,1,1,0,0,0,1,,,9914.322,2601.837,500,500,500,1262.524
2022/7/16,1323.975,11351.05,13275.54,500,2002.419,1380.094,1,1,1,1,1,1,1,1,1,0,1,1,,,1323.975,11351.05,13275.54,500,2002.419,1380.094
2022/7/17,1205.59,500,1240.975,4982.521,500,1084.975,1,1,1,1,1,1,1,0,1,1,0,1,,,1205.59,500,1240.975,4982.521,500,1084.975
2022/7/18,4449.483,500,153289.4,2357.172,4377.247,2072.943,1,1,1,1,1,1,1,0,1,1,1,1,,,4449.483,500,153289.4,2357.172,4377.247,2072.943
2022/7/19,1903.583,1351.945,13495.4,6579.92,2689.76,2273.836,1,1,1,1,1,1,1,1,1,1,1,1,,,1903.583,1351.945,13495.4,6579.92,2689.76,2273.836
2022/7/20,1050.136,500,500,500,2421.592,4586.835,1,1,1,1,1,1,1,0,0,0,1,1,,,1050.136,500,500,500,2421.592,4586.835
2022/7/21,500,500,3344.516,500,500,3132.46,1,1,1,1,1,1,0,0,1,0,0,1,,,500,500,3344.516,500,500,3132.46
2022/7/22,2578.551,500,1633.991,7944.368,500,1243.824,1,1,1,1,1,1,1,0,1,1,0,1,,,2578.551,500,1633.991,7944.368,500,1243.824
2022/7/23,3151.167,500,4724.786,1061.926,500,500,1,1,1,1,1,1,1,0,1,1,0,0,,,3151.167,500,4724.786,1061.926,500,500
2022/7/24,5587.302,500,12994.58,500,2118.31,926.9931,1,1,1,1,1,1,1,0,1,0,1,1,,,5587.302,500,12994.58,500,2118.31,926.9931
2022/7/25,1356.205,4140.678,2255.493,1694.228,3604.732,500,1,1,1,1,1,1,1,1,1,1,1,0,,,1356.205,4140.678,2255.493,1694.228,3604.732,500
2022/7/26,4822.134,2020.797,4029.722,2124.659,3477.772,1383.797,1,1,1,1,1,1,1,1,1,1,1,1,,,4822.134,2020.797,4029.722,2124.659,3477.772,1383.797
2022/7/27,852.1459,500,9610.325,1076.443,3454.025,1549.858,1,1,1,1,1,1,1,0,1,1,1,1,,,852.1459,500,9610.325,1076.443,3454.025,1549.858
2022/7/28,500,1458.231,9887.215,1172.861,33474.64,500,1,1,1,1,1,1,0,1,1,1,1,0,,,500,1458.231,9887.215,1172.861,33474.64,500
2022/7/29,1170.923,3405.537,4847.808,500,13626.01,8830.022,1,1,1,1,1,1,1,1,1,0,1,1,,,1170.923,3405.537,4847.808,500,13626.01,8830.022
2022/7/30,500,813.5091,6957.571,2719.624,4427.853,500,1,1,1,1,1,1,0,1,1,1,1,0,,,500,813.5091,6957.571,2719.624,4427.853,500
2022/7/31,1450.251,8490.894,4134.654,1998.17,500,500,1,1,1,1,1,1,1,1,1,1,0,0,,,1450.251,8490.894,4134.654,1998.17,500,500
2022/8/1,500,1751.794,11618.5,5719.02,3626.693,4771.257,1,1,1,1,1,1,0,1,1,1,1,1,,,500,1751.794,11618.5,5719.02,3626.693,4771.257
2022/8/2,1151.657,,4268.209,1167.523,4562.627,1301.416,1,0,1,1,1,1,1,0,1,1,1,1,,,1151.657,,4268.209,1167.523,4562.627,1301.416
2022/8/3,3030.177,3001.596,1678.373,4174.097,500,1842.424,1,1,1,1,1,1,1,1,1,1,0,1,,,3030.177,3001.596,1678.373,4174.097,500,1842.424
2022/8/4,1782.001,2050.771,7111.538,2447.284,2637.07,1288.591,1,1,1,1,1,1,1,1,1,1,1,1,,,1782.001,2050.771,7111.538,2447.284,2637.07,1288.591
2022/8/5,1098.435,5630.727,6390.468,5697.262,2490.039,4498.791,1,1,1,1,1,1,1,1,1,1,1,1,,,1098.435,5630.727,6390.468,5697.262,2490.039,4498.791
2022/8/6,5403.277,500,500,500,6228.557,1645.584,1,1,1,1,1,1,1,0,0,0,1,1,,,5403.277,500,500,500,6228.557,1645.584
2022/8/7,500,500,500,6616.435,7302.263,3118.933,1,1,1,1,1,1,0,0,0,1,1,1,,,500,500,500,6616.435,7302.263,3118.933
2022/8/8,11633.54,2502.63,500,500,2802.135,2092.973,1,1,1,1,1,1,1,1,0,0,1,1,,,11633.54,2502.63,500,500,2802.135,2092.973
2022/8/9,4896.97,2097.974,9708.828,2854.342,1757.314,2176.214,1,1,1,1,1,1,1,1,1,1,1,1,,,4896.97,2097.974,9708.828,2854.342,1757.314,2176.214
2022/8/10,2661.235,10794.56,3409.318,2640.284,37779.95,1572.509,1,1,1,1,1,1,1,1,1,1,1,1,,,2661.235,10794.56,3409.318,2640.284,37779.95,1572.509
2022/8/11,500,,500,2082.78,12134.98,4334.312,1,0,1,1,1,1,0,0,0,1,1,1,,,500,,500,2082.78,12134.98,4334.312
2022/8/12,1048.664,1350.459,7044.444,1184.639,3271.111,2325.303,1,1,1,1,1,1,1,1,1,1,1,1,,,1048.664,1350.459,7044.444,1184.639,3271.111,2325.303
2022/8/13,1418.593,955.9748,20538.13,4047.75,6645.333,915.7142,1,1,1,1,1,1,1,1,1,1,1,1,,,1418.593,955.9748,20538.13,4047.75,6645.333,915.7142
2022/8/14,3458.916,1579.493,1525.146,1826.505,2533.567,500,1,1,1,1,1,1,1,1,1,1,1,0,,,3458.916,1579.493,1525.146,1826.505,2533.567,500
2022/8/15,2735.871,12572.34,4647.186,2197.585,8791.467,1242.687,1,1,1,1,1,1,1,1,1,1,1,1,,,2735.871,12572.34,4647.186,2197.585,8791.467,1242.687
2022/8/16,4044.988,2333.746,5361.455,3139.632,3402.305,5444.395,1,1,1,1,1,1,1,1,1,1,1,1,,,4044.988,2333.746,5361.455,3139.632,3402.305,5444.395
2022/8/17,6365.392,14872.35,4799.444,4284.938,9113.664,3111.7,1,1,1,1,1,1,1,1,1,1,1,1,,,6365.392,14872.35,4799.444,4284.938,9113.664,3111.7
2022/8/18,500,3966.346,20397.51,4025.253,500,5863.687,1,1,1,1,1,1,0,1,1,1,0,1,,,500,3966.346,20397.51,4025.253,500,5863.687
2022/8/19,1549.636,3139.092,15171.13,7858.787,500,500,1,1,1,1,1,1,1,1,1,1,0,0,,,1549.636,3139.092,15171.13,7858.787,500,500
2022/8/20,7320.251,500,6279.864,2215.455,8658.407,500,1,1,1,1,1,1,1,0,1,1,1,0,,,7320.251,500,6279.864,2215.455,8658.407,500
2022/8/21,1639.592,4259.133,4406.03,2213.062,1822.406,1528.062,1,1,1,1,1,1,1,1,1,1,1,1,,,1639.592,4259.133,4406.03,2213.062,1822.406,1528.062
2022/8/22,1777.341,4357.964,4569.414,1451.054,500,4285.828,1,1,1,1,1,1,1,1,1,1,0,1,,,1777.341,4357.964,4569.414,1451.054,500,4285.828
2022/8/23,2549.544,6393.102,1720.449,4361.151,500,3548.409,1,1,1,1,1,1,1,1,1,1,0,1,,,2549.544,6393.102,1720.449,4361.151,500,3548.409
2022/8/24,2444.343,,500,5342.768,2506.154,2802.837,1,0,1,1,1,1,1,0,0,1,1,1,,,2444.343,,500,5342.768,2506.154,2802.837
2022/8/25,3723.847,500,500,3336.816,500,1909.07,1,1,1,1,1,1,1,0,0,1,0,1,,,3723.847,500,500,3336.816,500,1909.07
2022/8/26,2760.734,1518.273,1983.799,1679.278,3733.477,500,1,1,1,1,1,1,1,1,1,1,1,0,,,2760.734,1518.273,1983.799,1679.278,3733.477,500
2022/8/27,10115.28,3571.297,2093.592,1717.288,500,1918.73,1,1,1,1,1,1,1,1,1,1,0,1,,,10115.28,3571.297,2093.592,1717.288,500,1918.73
2022/8/28,4486.696,3043.606,7573.498,2510.91,1952.033,2128.096,1,1,1,1,1,1,1,1,1,1,1,1,,,4486.696,3043.606,7573.498,2510.91,1952.033,2128.096
2022/8/29,4429.289,4252.694,13672.35,3663.833,7907.017,2275.773,1,1,1,1,1,1,1,1,1,1,1,1,,,4429.289,4252.694,13672.35,3663.833,7907.017,2275.773
2022/8/30,10355.7,4427.2,12816.98,5916.506,20943.46,4178.96,1,1,1,1,1,1,1,1,1,1,1,1,,,10355.7,4427.2,12816.98,5916.506,20943.46,4178.96
2022/8/31,14231.05,4140.811,6250.084,4985.31,2621.332,2277.183,1,1,1,1,1,1,1,1,1,1,1,1,,,14231.05,4140.811,6250.084,4985.31,2621.332,2277.183
2022/9/1,2798.391,12250.92,24064,2438.835,4433.365,3948.887,1,1,1,1,1,1,1,1,1,1,1,1,,,2798.391,12250.92,24064,2438.835,4433.365,3948.887
2022/9/2,3723.142,10721.65,19007.38,500,4180.645,1503.333,1,1,1,1,1,1,1,1,1,0,1,1,,,3723.142,10721.65,19007.38,500,4180.645,1503.333
2022/9/3,3935.166,2720.302,6219.425,1994.439,2426.988,4618.661,1,1,1,1,1,1,1,1,1,1,1,1,,,3935.166,2720.302,6219.425,1994.439,2426.988,4618.661
2022/9/4,2740.976,1912.076,1454.479,4120.899,7383.315,5839.939,1,1,1,1,1,1,1,1,1,1,1,1,,,2740.976,1912.076,1454.479,4120.899,7383.315,5839.939
2022/9/5,4087.691,1841.62,5760.911,5208.658,1762.526,1365.03,1,1,1,1,1,1,1,1,1,1,1,1,,,4087.691,1841.62,5760.911,5208.658,1762.526,1365.03
2022/9/6,22170.27,3521.766,4163.141,6550.748,4502.725,1800.865,1,1,1,1,1,1,1,1,1,1,1,1,,,22170.27,3521.766,4163.141,6550.748,4502.725,1800.865
2022/9/7,7090.855,1713.215,4368.28,9568.782,2397.51,3280.191,1,1,1,1,1,1,1,1,1,1,1,1,,,7090.855,1713.215,4368.28,9568.782,2397.51,3280.191
2022/9/8,1147.579,6011.526,4878.709,11538.16,500,10065.89,1,1,1,1,1,1,1,1,1,1,0,1,,,1147.579,6011.526,4878.709,11538.16,500,10065.89
2022/9/9,1429.941,2794.552,1553.909,3441.055,1521.2,5362.831,1,1,1,1,1,1,1,1,1,1,1,1,,,1429.941,2794.552,1553.909,3441.055,1521.2,5362.831
2022/9/10,1611.111,3500,5417.42,5806.69,6988.506,2404.43,1,1,1,1,1,1,1,1,1,1,1,1,,,1611.111,3500,5417.42,5806.69,6988.506,2404.43
2022/9/11,6388.905,15007.03,11747.26,13876.75,4292.353,2168.566,1,1,1,1,1,1,1,1,1,1,1,1,,,6388.905,15007.03,11747.26,13876.75,4292.353,2168.566
2022/9/12,1306.654,12129.8,10633.8,8961.675,6283.605,3907.126,1,1,1,1,1,1,1,1,1,1,1,1,,,1306.654,12129.8,10633.8,8961.675,6283.605,3907.126
2022/9/13,4532.626,5306.585,1957.644,4967.015,3839.096,3479.422,1,1,1,1,1,1,1,1,1,1,1,1,,,4532.626,5306.585,1957.644,4967.015,3839.096,3479.422
2022/9/14,16512.14,4779.778,2059.131,6507.84,2334.493,3800.881,1,1,1,1,1,1,1,1,1,1,1,1,,,16512.14,4779.778,2059.131,6507.84,2334.493,3800.881
2022/9/15,22345.06,,3934.807,37759.46,3844.942,9810.256,1,0,1,1,1,1,1,0,1,1,1,1,,,22345.06,,3934.807,37759.46,3844.942,9810.256
2022/9/16,4842.105,12457.4,2853.617,4873.132,28810.87,6506.609,1,1,1,1,1,1,1,1,1,1,1,1,,,4842.105,12457.4,2853.617,4873.132,28810.87,6506.609
2022/9/17,17827.23,5554.19,8790.138,9556.098,8419.679,8596.208,1,1,1,1,1,1,1,1,1,1,1,1,,,17827.23,5554.19,8790.138,9556.098,8419.679,8596.208
2022/9/18,6716.981,4519.985,4635.172,9982.574,6587.39,,1,1,1,1,1,0,1,1,1,1,1,0,,,6716.981,4519.985,4635.172,9982.574,6587.39,
2022/9/19,15376.06,4051.493,28008.69,4147.516,3813.839,4871.833,1,1,1,1,1,1,1,1,1,1,1,1,,,15376.06,4051.493,28008.69,4147.516,3813.839,4871.833
2022/9/20,9609.951,,6692.987,16504.71,6538.898,1183.775,1,0,1,1,1,1,1,0,1,1,1,1,,,9609.951,,6692.987,16504.71,6538.898,1183.775
2022/9/21,22593.67,8769.274,6777.677,2170.186,2762.075,,1,1,1,1,1,0,1,1,1,1,1,0,,,22593.67,8769.274,6777.677,2170.186,2762.075,
2022/9/22,2427.468,5421.098,2453.541,2200.063,6030.45,1439.487,1,1,1,1,1,1,1,1,1,1,1,1,,,2427.468,5421.098,2453.541,2200.063,6030.45,1439.487
2022/9/23,7561.322,15939.06,31961.54,2913.265,22332.83,6716.937,1,1,1,1,1,1,1,1,1,1,1,1,,,7561.322,15939.06,31961.54,2913.265,22332.83,6716.937
2022/9/24,7725.836,20583.97,5332.899,5385.959,6076.803,16499.8,1,1,1,1,1,1,1,1,1,1,1,1,,,7725.836,20583.97,5332.899,5385.959,6076.803,16499.8
2022/9/25,5326.48,9279.178,7452.868,6244.816,12095.56,13716.53,1,1,1,1,1,1,1,1,1,1,1,1,,,5326.48,9279.178,7452.868,6244.816,12095.56,13716.53
2022/9/26,5411.955,4425.529,36193.4,11506.6,3917.481,4564.748,1,1,1,1,1,1,1,1,1,1,1,1,,,5411.955,4425.529,36193.4,11506.6,3917.481,4564.748
2022/9/27,,19045.26,500,30933.33,9560.019,3632.995,0,1,1,1,1,1,0,1,0,1,1,1,,,,19045.26,500,30933.33,9560.019,3632.995
2022/9/28,10859.9,7445.19,6157.319,5951.166,10033.9,2135.624,1,1,1,1,1,1,1,1,1,1,1,1,,,10859.9,7445.19,6157.319,5951.166,10033.9,2135.624
2022/9/29,14064.32,9937.641,30915.25,7450.586,12886.43,2880,1,1,1,1,1,1,1,1,1,1,1,1,,,14064.32,9937.641,30915.25,7450.586,12886.43,2880
2022/9/30,8172.471,14460.25,43111.11,22486.49,13080.29,6857.143,1,1,1,1,1,1,1,1,1,1,1,1,,,8172.471,14460.25,43111.11,22486.49,13080.29,6857.143
2022/10/1,14976.43,33836.07,16122.47,9152.205,4226.566,8267.738,1,1,1,1,1,1,1,1,1,1,1,1,,,14976.43,33836.07,16122.47,9152.205,4226.566,8267.738
2022/10/2,7566.284,21150.53,22400.87,18932.91,14584.03,7825.545,1,1,1,1,1,1,1,1,1,1,1,1,,,7566.284,21150.53,22400.87,18932.91,14584.03,7825.545
2022/10/3,49233.37,24815.11,41858.18,6401.097,13138.45,13115.65,1,1,1,1,1,1,1,1,1,1,1,1,,,49233.37,24815.11,41858.18,6401.097,13138.45,13115.65
2022/10/4,17686.97,31835.9,26462.79,18231.91,26763.12,12561.98,1,1,1,1,1,1,1,1,1,1,1,1,,,17686.97,31835.9,26462.79,18231.91,26763.12,12561.98
2022/10/5,27171.16,57311.32,57754.82,8830.765,25027.07,15689.59,1,1,1,1,1,1,1,1,1,1,1,1,,,27171.16,57311.32,57754.82,8830.765,25027.07,15689.59
2022/10/6,,37712.19,26897.96,11511.87,19374.44,7242.554,0,1,1,1,1,1,0,1,1,1,1,1,,,,37712.19,26897.96,11511.87,19374.44,7242.554
2022/10/7,12676.93,55104.51,12747.22,9639.046,4661.559,17688.73,1,1,1,1,1,1,1,1,1,1,1,1,,,12676.93,55104.51,12747.22,9639.046,4661.559,17688.73
2022/10/8,15646.37,16223.25,32318.09,9480.253,52571.47,8199.517,1,1,1,1,1,1,1,1,1,1,1,1,,,15646.37,16223.25,32318.09,9480.253,52571.47,8199.517
2022/10/9,29857.52,36550.53,14555.32,14143.77,62064.19,11996.59,1,1,1,1,1,1,1,1,1,1,1,1,,,29857.52,36550.53,14555.32,14143.77,62064.19,11996.59
2022/10/10,42121.76,19594.37,36848.81,8382.563,20482.59,20907.22,1,1,1,1,1,1,1,1,1,1,1,1,,,42121.76,19594.37,36848.81,8382.563,20482.59,20907.22
2022/10/11,54614.54,16457.82,10258.17,12832.8,17881.19,9064.039,1,1,1,1,1,1,1,1,1,1,1,1,,,54614.54,16457.82,10258.17,12832.8,17881.19,9064.039
2022/10/12,16409.69,30679.95,15475.19,14391.46,43713.21,11528.97,1,1,1,1,1,1,1,1,1,1,1,1,,,16409.69,30679.95,15475.19,14391.46,43713.21,11528.97
2022/10/13,19947.27,29998.53,26345.15,31638.44,27469.72,25625.95,1,1,1,1,1,1,1,1,1,1,1,1,,,19947.27,29998.53,26345.15,31638.44,27469.72,25625.95
2022/10/14,21883.74,43471.51,7280.339,15112.56,30554.25,21629.76,1,1,1,1,1,1,1,1,1,1,1,1,,,21883.74,43471.51,7280.339,15112.56,30554.25,21629.76
2022/10/15,28913.14,16084.63,21089.66,30525.71,35538.39,15308.7,1,1,1,1,1,1,1,1,1,1,1,1,,,28913.14,16084.63,21089.66,30525.71,35538.39,15308.7
2022/10/16,41677.38,38107.95,18364.03,16175.14,24521.78,7055.862,1,1,1,1,1,1,1,1,1,1,1,1,,,41677.38,38107.95,18364.03,16175.14,24521.78,7055.862
2022/10/17,18524.49,34869.81,7279.865,20911.95,40630.62,19898.94,1,1,1,1,1,1,1,1,1,1,1,1,,,18524.49,34869.81,7279.865,20911.95,40630.62,19898.94
2022/10/18,8017.489,18996.15,7978.945,22627.37,51236.82,31304.6,1,1,1,1,1,1,1,1,1,1,1,1,,,8017.489,18996.15,7978.945,22627.37,51236.82,31304.6
2022/10/19,31586.38,22861.52,19770.61,26553.54,30098.9,30167.98,1,1,1,1,1,1,1,1,1,1,1,1,,,31586.38,22861.52,19770.61,26553.54,30098.9,30167.98
2022/10/20,25785.47,21643.98,14366.6,40038.52,42960.89,31194.07,1,1,1,1,1,1,1,1,1,1,1,1,,,25785.47,21643.98,14366.6,40038.52,42960.89,31194.07
2022/10/21,72809.36,16606.54,16432.43,42995.88,32347.66,17762.93,1,1,1,1,1,1,1,1,1,1,1,1,,,72809.36,16606.54,16432.43,42995.88,32347.66,17762.93
2022/10/22,28266.67,34066.32,18630.42,58278.03,18051.28,9673.791,1,1,1,1,1,1,1,1,1,1,1,1,,,28266.67,34066.32,18630.42,58278.03,18051.28,9673.791
2022/10/23,56431.88,37605.25,25695.85,20547.49,19103.63,20728.18,1,1,1,1,1,1,1,1,1,1,1,1,,,56431.88,37605.25,25695.85,20547.49,19103.63,20728.18
2022/10/24,30233.75,42324.38,15022.13,69226,77547.27,27128.75,1,1,1,1,1,1,1,1,1,1,1,1,,,30233.75,42324.38,15022.13,69226,77547.27,27128.75
2022/10/25,78896.04,45404.05,28082.99,32586.52,43850.66,28600.86,1,1,1,1,1,1,1,1,1,1,1,1,,,78896.04,45404.05,28082.99,32586.52,43850.66,28600.86
2022/10/26,36495.26,23187.4,19195.74,34645.44,42128.55,31758.18,1,1,1,1,1,1,1,1,1,1,1,1,,,36495.26,23187.4,19195.74,34645.44,42128.55,31758.18
2022/10/27,52202.16,38480.5,46553.95,47899.33,34508.77,40936.94,1,1,1,1,1,1,1,1,1,1,1,1,,,52202.16,38480.5,46553.95,47899.33,34508.77,40936.94
2022/10/28,31736.11,16432.42,15428.19,27612.21,19854.75,20932.71,1,1,1,1,1,1,1,1,1,1,1,1,,,31736.11,16432.42,15428.19,27612.21,19854.75,20932.71
2022/10/29,55182.5,27310.64,46615.76,24363.59,17455.39,17779.57,1,1,1,1,1,1,1,1,1,1,1,1,,,55182.5,27310.64,46615.76,24363.59,17455.39,17779.57
2022/10/30,44562.54,22247.72,17249.03,50434.9,33807.17,74017.95,1,1,1,1,1,1,1,1,1,1,1,1,,,44562.54,22247.72,17249.03,50434.9,33807.17,74017.95
2022/10/31,46350.38,,57941.07,43856.39,80269.59,55011.44,1,0,1,1,1,1,1,0,1,1,1,1,,,46350.38,,57941.07,43856.39,80269.59,55011.44
2022/11/1,48139.27,52456.49,55906.35,74845.24,72548.51,14561.6,1,1,1,1,1,1,1,1,1,1,1,1,,,48139.27,52456.49,55906.35,74845.24,72548.51,14561.6
2022/11/2,39011.27,31368.73,49218.29,58193.42,52211.3,22828.46,1,1,1,1,1,1,1,1,1,1,1,1,,,39011.27,31368.73,49218.29,58193.42,52211.3,22828.46
2022/11/3,79014.49,30229.2,44254.35,52018.56,67528.08,8498.485,1,1,1,1,1,1,1,1,1,1,1,1,,,79014.49,30229.2,44254.35,52018.56,67528.08,8498.485
2022/11/4,47109.71,49270.8,32912.54,51652.75,102500.9,20777.7,1,1,1,1,1,1,1,1,1,1,1,1,,,47109.71,49270.8,32912.54,51652.75,102500.9,20777.7
2022/11/5,33363.92,19225.09,40953.2,59404.11,49754.16,22005.05,1,1,1,1,1,1,1,1,1,1,1,1,,,33363.92,19225.09,40953.2,59404.11,49754.16,22005.05
2022/11/6,51989.59,46050.7,49087.55,46110.59,47430.4,,1,1,1,1,1,0,1,1,1,1,1,0,,,51989.59,46050.7,49087.55,46110.59,47430.4,
2022/11/7,76959.37,48013.76,76817.85,54282.1,38113.99,21380.47,1,1,1,1,1,1,1,1,1,1,1,1,,,76959.37,48013.76,76817.85,54282.1,38113.99,21380.47
2022/11/8,96865.55,26427.57,44202.87,58771.56,21675.71,43882.53,1,1,1,1,1,1,1,1,1,1,1,1,,,96865.55,26427.57,44202.87,58771.56,21675.71,43882.53
2022/11/9,33989.25,12635.33,22268.96,58314.45,41764.87,22710.71,1,1,1,1,1,1,1,1,1,1,1,1,,,33989.25,12635.33,22268.96,58314.45,41764.87,22710.71
2022/11/10,56186.53,117499,41461.39,89350.65,35876.45,26911.02,1,1,1,1,1,1,1,1,1,1,1,1,,,56186.53,117499,41461.39,89350.65,35876.45,26911.02
2022/11/11,55697.87,50938.78,66903.35,31718.06,37550.14,13583.33,1,1,1,1,1,1,1,1,1,1,1,1,,,55697.87,50938.78,66903.35,31718.06,37550.14,13583.33
2022/11/12,39852.48,40352.5,40571.67,47098.54,52148.15,46639.68,1,1,1,1,1,1,1,1,1,1,1,1,,,39852.48,40352.5,40571.67,47098.54,52148.15,46639.68
2022/11/13,44205.67,28986.21,19061.87,63432.2,39305.3,30862.98,1,1,1,1,1,1,1,1,1,1,1,1,,,44205.67,28986.21,19061.87,63432.2,39305.3,30862.98
2022/11/14,42522.16,37207.19,100578.7,82701.41,40969.86,17665.15,1,1,1,1,1,1,1,1,1,1,1,1,,,42522.16,37207.19,100578.7,82701.41,40969.86,17665.15
2022/11/15,80475.11,54038.27,34626.17,63872.82,50925.6,45133.34,1,1,1,1,1,1,1,1,1,1,1,1,,,80475.11,54038.27,34626.17,63872.82,50925.6,45133.34
2022/11/16,43322.49,42173.31,30680.8,43838.41,3941.478,46457.52,1,1,1,1,1,1,1,1,1,1,1,1,,,43322.49,42173.31,30680.8,43838.41,3941.478,46457.52
2022/11/17,77806.41,46430.55,37441.2,75806.37,47743.33,23783.82,1,1,1,1,1,1,1,1,1,1,1,1,,,77806.41,46430.55,37441.2,75806.37,47743.33,23783.82
2022/11/18,36197.42,45841.55,38357.62,94959.35,34275.28,53218.55,1,1,1,1,1,1,1,1,1,1,1,1,,,36197.42,45841.55,38357.62,94959.35,34275.28,53218.55
2022/11/19,30700.28,36678.36,66686.83,52389.08,31849.77,39571.43,1,1,1,1,1,1,1,1,1,1,1,1,,,30700.28,36678.36,66686.83,52389.08,31849.77,39571.43
2022/11/20,62461.75,74710.59,39421.26,39030.65,88107.7,39736,1,1,1,1,1,1,1,1,1,1,1,1,,,62461.75,74710.59,39421.26,39030.65,88107.7,39736
2022/11/21,46691.79,21495.73,52955.33,98366.99,15243.64,19649.88,1,1,1,1,1,1,1,1,1,1,1,1,,,46691.79,21495.73,52955.33,98366.99,15243.64,19649.88
2022/11/22,39105.15,35455.3,27916.07,83895.49,132318.1,23164.51,1,1,1,1,1,1,1,1,1,1,1,1,,,39105.15,35455.3,27916.07,83895.49,132318.1,23164.51
2022/11/23,59374.6,51848.14,63249.19,66477.87,47856.85,18238.85,1,1,1,1,1,1,1,1,1,1,1,1,,,59374.6,51848.14,63249.19,66477.87,47856.85,18238.85
2022/11/24,75000.95,40778.07,105025.6,82453.99,18972.65,20297.42,1,1,1,1,1,1,1,1,1,1,1,1,,,75000.95,40778.07,105025.6,82453.99,18972.65,20297.42
2022/11/25,98909.09,53582.85,89584.51,98817.82,59613.71,37393.26,1,1,1,1,1,1,1,1,1,1,1,1,,,98909.09,53582.85,89584.51,98817.82,59613.71,37393.26
2022/11/26,57200.08,88219.16,28761.28,80674.96,26089.39,31286.61,1,1,1,1,1,1,1,1,1,1,1,1,,,57200.08,88219.16,28761.28,80674.96,26089.39,31286.61
2022/11/27,40108.47,30054.09,147100,76083.11,53226.69,51755.57,1,1,1,1,1,1,1,1,1,1,1,1,,,40108.47,30054.09,147100,76083.11,53226.69,51755.57
2022/11/28,58782.5,29706,66880.9,63780.37,63724.27,,1,1,1,1,1,0,1,1,1,1,1,0,,,58782.5,29706,66880.9,63780.37,63724.27,
2022/11/29,77433.23,42382.47,55348.53,85206.83,98290.66,29274.58,1,1,1,1,1,1,1,1,1,1,1,1,,,77433.23,42382.47,55348.53,85206.83,98290.66,29274.58
2022/11/30,51456.6,46908.79,94754.81,82123.91,23060.58,64211.53,1,1,1,1,1,1,1,1,1,1,1,1,,,51456.6,46908.79,94754.81,82123.91,23060.58,64211.53
2022/12/1,86737.79,28378.69,56722.04,85319.25,51729.04,31669.93,1,1,1,1,1,1,1,1,1,1,1,1,,,86737.79,28378.69,56722.04,85319.25,51729.04,31669.93
2022/12/2,45198.71,36445.45,51028.17,73759.85,51494.31,45785.17,1,1,1,1,1,1,1,1,1,1,1,1,,,45198.71,36445.45,51028.17,73759.85,51494.31,45785.17
2022/12/3,65469.95,77027.78,89772.38,67924.1,66875.07,43132.53,1,1,1,1,1,1,1,1,1,1,1,1,,,65469.95,77027.78,89772.38,67924.1,66875.07,43132.53
2022/12/4,55998.45,34549.87,48118.82,67638.9,68205.53,22038.14,1,1,1,1,1,1,1,1,1,1,1,1,,,55998.45,34549.87,48118.82,67638.9,68205.53,22038.14
2022/12/5,69588.93,61977.92,88526.98,63747.86,115948,17390.95,1,1,1,1,1,1,1,1,1,1,1,1,,,69588.93,61977.92,88526.98,63747.86,115948,17390.95
2022/12/6,55486.35,78210.05,103334.9,55052.94,117569.6,28065.91,1,1,1,1,1,1,1,1,1,1,1,1,,,55486.35,78210.05,103334.9,55052.94,117569.6,28065.91
2022/12/7,151555.7,43005.87,38398.06,47361.74,32749.76,109268.3,1,1,1,1,1,1,1,1,1,1,1,1,,,151555.7,43005.87,38398.06,47361.74,32749.76,109268.3
2022/12/8,61854.56,46035.55,162099.7,79058.82,29187.35,48289.95,1,1,1,1,1,1,1,1,1,1,1,1,,,61854.56,46035.55,162099.7,79058.82,29187.35,48289.95
2022/12/9,71420.29,24650.72,80572.97,83110.5,57476.58,69359.61,1,1,1,1,1,1,1,1,1,1,1,1,,,71420.29,24650.72,80572.97,83110.5,57476.58,69359.61
2022/12/10,86822.52,23333.7,96349.55,63412.08,45892.31,45572.45,1,1,1,1,1,1,1,1,1,1,1,1,,,86822.52,23333.7,96349.55,63412.08,45892.31,45572.45
2022/12/11,35754.91,10069.29,62504.29,104368.3,54620.62,13342.07,1,1,1,1,1,1,1,1,1,1,1,1,,,35754.91,10069.29,62504.29,104368.3,54620.62,13342.07
2022/12/12,38753.46,10462.61,56657.37,71481.04,92550.48,19404.26,1,1,1,1,1,1,1,1,1,1,1,1,,,38753.46,10462.61,56657.37,71481.04,92550.48,19404.26
2022/12/13,34472.36,47253.11,57837.27,95975.96,7862.059,48861.72,1,1,1,1,1,1,1,1,1,1,1,1,,,34472.36,47253.11,57837.27,95975.96,7862.059,48861.72
2022/12/14,40545.39,54379.27,44567.19,69685.68,87220.98,77519.38,1,1,1,1,1,1,1,1,1,1,1,1,,,40545.39,54379.27,44567.19,69685.68,87220.98,77519.38
2022/12/15,65117.72,49476.8,37455.62,83234.9,49016.07,49876.69,1,1,1,1,1,1,1,1,1,1,1,1,,,65117.72,49476.8,37455.62,83234.9,49016.07,49876.69
2022/12/16,62447.25,16020.72,86742.14,102222.2,38006.39,29621.75,1,1,1,1,1,1,1,1,1,1,1,1,,,62447.25,16020.72,86742.14,102222.2,38006.39,29621.75
2022/12/17,79790.03,32631.58,52444.61,64306.69,56624.11,31555.56,1,1,1,1,1,1,1,1,1,1,1,1,,,79790.03,32631.58,52444.61,64306.69,56624.11,31555.56
2022/12/18,112093.1,18198.15,45311.09,71111.29,60087.66,45319.78,1,1,1,1,1,1,1,1,1,1,1,1,,,112093.1,18198.15,45311.09,71111.29,60087.66,45319.78
2022/12/19,74208.5,24659.74,83351.55,85079.37,60864.58,48260.02,1,1,1,1,1,1,1,1,1,1,1,1,,,74208.5,24659.74,83351.55,85079.37,60864.58,48260.02
2022/12/20,29766.14,53398.37,88575.96,93229.24,30831.75,48955.97,1,1,1,1,1,1,1,1,1,1,1,1,,,29766.14,53398.37,88575.96,93229.24,30831.75,48955.97
2022/12/21,45304.73,30728.36,95900.71,119499,24991.14,57180.47,1,1,1,1,1,1,1,1,1,1,1,1,,,45304.73,30728.36,95900.71,119499,24991.14,57180.47
2022/12/22,34421.87,62164.88,41339.58,109483.9,53168.37,30784.85,1,1,1,1,1,1,1,1,1,1,1,1,,,34421.87,62164.88,41339.58,109483.9,53168.37,30784.85
2022/12/23,54659.59,29098.19,24325.4,25068.33,36209.16,66493.29,1,1,1,1,1,1,1,1,1,1,1,1,,,54659.59,29098.19,24325.4,25068.33,36209.16,66493.29
2022/12/24,33395.48,20565.42,54538.55,49690.85,48916.46,21868.42,1,1,1,1,1,1,1,1,1,1,1,1,,,33395.48,20565.42,54538.55,49690.85,48916.46,21868.42
2022/12/25,27779.52,44608.81,42055.2,80532.53,140581.9,15347.62,1,1,1,1,1,1,1,1,1,1,1,1,,,27779.52,44608.81,42055.2,80532.53,140581.9,15347.62
2022/12/26,73783.72,29251.85,54567.83,45244.4,137447,24454.65,1,1,1,1,1,1,1,1,1,1,1,1,,,73783.72,29251.85,54567.83,45244.4,137447,24454.65
2022/12/27,18450.21,33230.68,30921.99,30167.4,27602.32,49126.5,1,1,1,1,1,1,1,1,1,1,1,1,,,18450.21,33230.68,30921.99,30167.4,27602.32,49126.5
2022/12/28,29598.6,59881.86,39352.81,47474.16,58831.62,31809.37,1,1,1,1,1,1,1,1,1,1,1,1,,,29598.6,59881.86,39352.81,47474.16,58831.62,31809.37
2022/12/29,28035.57,64206.7,15515.15,40533.33,33452.8,22763.64,1,1,1,1,1,1,1,1,1,1,1,1,,,28035.57,64206.7,15515.15,40533.33,33452.8,22763.64
2022/12/30,27428.57,16706.83,34412.38,50883.95,19878.79,4450.273,1,1,1,1,1,1,1,1,1,1,1,1,,,27428.57,16706.83,34412.38,50883.95,19878.79,4450.273
2022/12/31,33670.87,22226.87,22340.87,28612.99,29140.39,182315.2,1,1,1,1,1,1,1,1,1,1,1,1,,,33670.87,22226.87,22340.87,28612.99,29140.39,182315.2
2023/1/1,14787.77,3305.478,36189.39,23863.76,4437.919,4370.268,1,1,1,1,1,1,1,1,1,1,1,1,,,14787.77,3305.478,36189.39,23863.76,4437.919,4370.268
2023/1/2,29713.38,50486.89,48746.53,118987.9,42113.52,42716.91,1,1,1,1,1,1,1,1,1,1,1,1,,,29713.38,50486.89,48746.53,118987.9,42113.52,42716.91
2023/1/3,49556.56,18276.05,80726.55,62193.69,12437.03,35864.32,1,1,1,1,1,1,1,1,1,1,1,1,,,49556.56,18276.05,80726.55,62193.69,12437.03,35864.32
2023/1/4,42552.18,86302.9,14204.38,66843.85,6122.04,79033.39,1,1,1,1,1,1,1,1,1,1,1,1,,,42552.18,86302.9,14204.38,66843.85,6122.04,79033.39
2023/1/5,55361.52,6155.995,31798.74,75264.8,32207.25,81352.01,1,1,1,1,1,1,1,1,1,1,1,1,,,55361.52,6155.995,31798.74,75264.8,32207.25,81352.01
2023/1/6,31863.83,22048.78,48772.08,45999.26,3209.117,25453.26,1,1,1,1,1,1,1,1,1,1,1,1,,,31863.83,22048.78,48772.08,45999.26,3209.117,25453.26
2023/1/7,31563.46,70195.67,59039.66,41114.13,150818.9,31027.92,1,1,1,1,1,1,1,1,1,1,1,1,,,31563.46,70195.67,59039.66,41114.13,150818.9,31027.92
2023/1/8,48353.14,22725.26,17898.89,32545.66,61310.41,21172.22,1,1,1,1,1,1,1,1,1,1,1,1,,,48353.14,22725.26,17898.89,32545.66,61310.41,21172.22
2023/1/9,46357.62,34750.11,25115.19,34146.48,49224.43,24665.93,1,1,1,1,1,1,1,1,1,1,1,1,,,46357.62,34750.11,25115.19,34146.48,49224.43,24665.93
2023/1/10,18857.03,10460.41,38038.23,49139.25,18910.04,18778.98,1,1,1,1,1,1,1,1,1,1,1,1,,,18857.03,10460.41,38038.23,49139.25,18910.04,18778.98
2023/1/11,33847.25,9975.589,25458.55,54905.44,34306.51,51551.77,1,1,1,1,1,1,1,1,1,1,1,1,,,33847.25,9975.589,25458.55,54905.44,34306.51,51551.77
2023/1/12,24777.69,5178.308,35449.37,34897.49,42048.02,12739.87,1,1,1,1,1,1,1,1,1,1,1,1,,,24777.69,5178.308,35449.37,34897.49,42048.02,12739.87
2023/1/13,42478.97,128348.5,12870.52,22053.17,30134.57,79909.06,1,1,1,1,1,1,1,1,1,1,1,1,,,42478.97,128348.5,12870.52,22053.17,30134.57,79909.06
2023/1/14,16146.12,7324.444,35201.91,50940.18,20635.51,5490.196,1,1,1,1,1,1,1,1,1,1,1,1,,,16146.12,7324.444,35201.91,50940.18,20635.51,5490.196
2023/1/15,33246.47,16355.84,24094.12,32595.35,7085.274,54372.47,1,1,1,1,1,1,1,1,1,1,1,1,,,33246.47,16355.84,24094.12,32595.35,7085.274,54372.47
2023/1/16,13333.33,500,24735.26,33032.94,9533.923,51674.07,1,1,1,1,1,1,1,0,1,1,1,1,,,13333.33,500,24735.26,33032.94,9533.923,51674.07
2023/1/17,10155.69,,11560.67,19954.13,32692.24,15077.08,1,0,1,1,1,1,1,0,1,1,1,1,,,10155.69,,11560.67,19954.13,32692.24,15077.08
2023/1/18,16354.26,,16390.17,36364.76,10645.34,34927.98,1,0,1,1,1,1,1,0,1,1,1,1,,,16354.26,,16390.17,36364.76,10645.34,34927.98
2023/1/19,26103.6,22606.77,41076.24,39600.89,9964.521,38484.07,1,1,1,1,1,1,1,1,1,1,1,1,,,26103.6,22606.77,41076.24,39600.89,9964.521,38484.07
2023/1/20,20166.14,11733.49,14341.74,23218.86,4848.324,12896.12,1,1,1,1,1,1,1,1,1,1,1,1,,,20166.14,11733.49,14341.74,23218.86,4848.324,12896.12
2023/1/21,27123.81,29985.19,21869.8,22209.15,23025.29,24752.14,1,1,1,1,1,1,1,1,1,1,1,1,,,27123.81,29985.19,21869.8,22209.15,23025.29,24752.14
2023/1/22,24990.41,64971.85,14084.14,19008.55,9110.379,32294.87,1,1,1,1,1,1,1,1,1,1,1,1,,,24990.41,64971.85,14084.14,19008.55,9110.379,32294.87
2023/1/23,10277.37,8205.128,4391.745,36622.64,9227.184,26551.97,1,1,1,1,1,1,1,1,1,1,1,1,,,10277.37,8205.128,4391.745,36622.64,9227.184,26551.97
2023/1/24,18865.32,16555.8,6335.24,45391.49,8114.099,27404.29,1,1,1,1,1,1,1,1,1,1,1,1,,,18865.32,16555.8,6335.24,45391.49,8114.099,27404.29
2023/1/25,10660.2,19889.85,15252.37,34499.36,35911,12724.74,1,1,1,1,1,1,1,1,1,1,1,1,,,10660.2,19889.85,15252.37,34499.36,35911,12724.74
2023/1/26,34024.49,44559.54,4527.737,28069.3,33222.73,22320.11,1,1,1,1,1,1,1,1,1,1,1,1,,,34024.49,44559.54,4527.737,28069.3,33222.73,22320.11
2023/1/27,9076.635,13175.4,14826.67,60521.74,37366.13,8530.464,1,1,1,1,1,1,1,1,1,1,1,1,,,9076.635,13175.4,14826.67,60521.74,37366.13,8530.464
2023/1/28,13741.74,5292.308,32093.45,21008.19,30068.97,14000,1,1,1,1,1,1,1,1,1,1,1,1,,,13741.74,5292.308,32093.45,21008.19,30068.97,14000
2023/1/29,8517.916,17811.83,6820.828,34663.17,25204.89,15272.82,1,1,1,1,1,1,1,1,1,1,1,1,,,8517.916,17811.83,6820.828,34663.17,25204.89,15272.82
2023/1/30,13514.48,8147.427,15947.04,29896.54,69942.37,19630.11,1,1,1,1,1,1,1,1,1,1,1,1,,,13514.48,8147.427,15947.04,29896.54,69942.37,19630.11
2023/1/31,13051.79,14365.75,19035.52,49883.07,48744.84,14979.05,1,1,1,1,1,1,1,1,1,1,1,1,,,13051.79,14365.75,19035.52,49883.07,48744.84,14979.05
2023/2/1,26864.97,2491.889,12013.96,27165.66,8761.682,10591.94,1,1,1,1,1,1,1,1,1,1,1,1,,,26864.97,2491.889,12013.96,27165.66,8761.682,10591.94
2023/2/2,24211.98,2360.934,16368.16,32463.85,19277.66,19764.39,1,1,1,1,1,1,1,1,1,1,1,1,,,24211.98,2360.934,16368.16,32463.85,19277.66,19764.39
2023/2/3,12353.34,15062.94,13706.33,16262.44,35000.94,13133.8,1,1,1,1,1,1,1,1,1,1,1,1,,,12353.34,15062.94,13706.33,16262.44,35000.94,13133.8
2023/2/4,20568.25,25043.19,25109.24,22569.3,43103.98,14909.26,1,1,1,1,1,1,1,1,1,1,1,1,,,20568.25,25043.19,25109.24,22569.3,43103.98,14909.26
2023/2/5,17406.3,,20438.84,16579.71,21716.05,12241.98,1,0,1,1,1,1,1,0,1,1,1,1,,,17406.3,,20438.84,16579.71,21716.05,12241.98
2023/2/6,21339.66,26317.99,12381.45,30938.48,10566.25,16701.89,1,1,1,1,1,1,1,1,1,1,1,1,,,21339.66,26317.99,12381.45,30938.48,10566.25,16701.89
2023/2/7,14594.08,14400.49,27762.68,29747.62,45916.82,8319.446,1,1,1,1,1,1,1,1,1,1,1,1,,,14594.08,14400.49,27762.68,29747.62,45916.82,8319.446
2023/2/8,21787.57,12563.41,21319.89,29482.8,14680.31,15108.21,1,1,1,1,1,1,1,1,1,1,1,1,,,21787.57,12563.41,21319.89,29482.8,14680.31,15108.21
2023/2/9,25543.38,9377.186,8739.356,27859.69,28331.41,10079.56,1,1,1,1,1,1,1,1,1,1,1,1,,,25543.38,9377.186,8739.356,27859.69,28331.41,10079.56
2023/2/10,7678.67,7736.3,10970.45,28054.51,41017.6,13702.91,1,1,1,1,1,1,1,1,1,1,1,1,,,7678.67,7736.3,10970.45,28054.51,41017.6,13702.91
2023/2/11,3654.755,5692.546,25918.47,49861.24,500,7426.505,1,1,1,1,1,1,1,1,1,1,0,1,,,3654.755,5692.546,25918.47,49861.24,500,7426.505
2023/2/12,4773.727,6507.822,14219.21,33550.63,14819.3,43512.91,1,1,1,1,1,1,1,1,1,1,1,1,,,4773.727,6507.822,14219.21,33550.63,14819.3,43512.91
2023/2/13,6121.215,7865.25,49393.66,18856.93,66493.84,12407.29,1,1,1,1,1,1,1,1,1,1,1,1,,,6121.215,7865.25,49393.66,18856.93,66493.84,12407.29
2023/2/14,5527.557,7303.414,12497.88,26377.29,41069.39,15916.09,1,1,1,1,1,1,1,1,1,1,1,1,,,5527.557,7303.414,12497.88,26377.29,41069.39,15916.09
2023/2/15,5078.072,,11645.02,21882,9776.406,12525.82,1,0,1,1,1,1,1,0,1,1,1,1,,,5078.072,,11645.02,21882,9776.406,12525.82
2023/2/16,11969.63,6435.873,5502.407,31146.97,12814.85,12534.34,1,1,1,1,1,1,1,1,1,1,1,1,,,11969.63,6435.873,5502.407,31146.97,12814.85,12534.34
2023/2/17,,9311.035,14854.06,16266.46,14019.48,12417.75,0,1,1,1,1,1,0,1,1,1,1,1,,,,9311.035,14854.06,16266.46,14019.48,12417.75
2023/2/18,5546.608,12643.21,13537.39,17685.31,28908.11,5842.096,1,1,1,1,1,1,1,1,1,1,1,1,,,5546.608,12643.21,13537.39,17685.31,28908.11,5842.096
2023/2/19,21968.24,22708.26,13239.44,34023.15,69823.49,5053.946,1,1,1,1,1,1,1,1,1,1,1,1,,,21968.24,22708.26,13239.44,34023.15,69823.49,5053.946
2023/2/20,6263.61,14128.66,36392.37,13810.41,22831.57,11084.23,1,1,1,1,1,1,1,1,1,1,1,1,,,6263.61,14128.66,36392.37,13810.41,22831.57,11084.23
2023/2/21,5603.978,7771.71,33991.34,11320.17,2665.783,6116.97,1,1,1,1,1,1,1,1,1,1,1,1,,,5603.978,7771.71,33991.34,11320.17,2665.783,6116.97
2023/2/22,18756.94,12395.53,13316.91,43039.12,3347.271,11466.69,1,1,1,1,1,1,1,1,1,1,1,1,,,18756.94,12395.53,13316.91,43039.12,3347.271,11466.69
2023/2/23,20417.88,6089.867,11258.36,23560.01,29781.15,10186.93,1,1,1,1,1,1,1,1,1,1,1,1,,,20417.88,6089.867,11258.36,23560.01,29781.15,10186.93
2023/2/24,500,5249.542,6032.987,37306.2,15785.72,8096.992,1,1,1,1,1,1,0,1,1,1,1,1,,,500,5249.542,6032.987,37306.2,15785.72,8096.992
2023/2/25,4760.475,5437.561,10598.16,14407.9,17712.77,12323.47,1,1,1,1,1,1,1,1,1,1,1,1,,,4760.475,5437.561,10598.16,14407.9,17712.77,12323.47
2023/2/26,500,6506.454,15484.26,15295.83,7319.254,8239.797,1,1,1,1,1,1,0,1,1,1,1,1,,,500,6506.454,15484.26,15295.83,7319.254,8239.797
2023/2/27,8385.303,7803.87,25678.1,37544.21,12560.52,10945.21,1,1,1,1,1,1,1,1,1,1,1,1,,,8385.303,7803.87,25678.1,37544.21,12560.52,10945.21
2023/2/28,7137.335,23178.5,10054,12913.33,10219.58,3639.845,1,1,1,1,1,1,1,1,1,1,1,1,,,7137.335,23178.5,10054,12913.33,10219.58,3639.845
2023/3/1,6563.169,3515.04,21124.19,39572.74,4460.875,2105.676,1,1,1,1,1,1,1,1,1,1,1,1,,,6563.169,3515.04,21124.19,39572.74,4460.875,2105.676
2023/3/2,11866.7,4961.263,9333.333,19100.78,17680.42,9635.739,1,1,1,1,1,1,1,1,1,1,1,1,,,11866.7,4961.263,9333.333,19100.78,17680.42,9635.739
2023/3/3,17327.07,22547.43,9366.118,15142.66,19984.67,4569.302,1,1,1,1,1,1,1,1,1,1,1,1,,,17327.07,22547.43,9366.118,15142.66,19984.67,4569.302
2023/3/4,20548.94,58611.89,39948.63,18033.89,10574.08,16226.52,1,1,1,1,1,1,1,1,1,1,1,1,,,20548.94,58611.89,39948.63,18033.89,10574.08,16226.52
2023/3/5,19006.46,6137.725,22605.89,18177.76,26768.92,,1,1,1,1,1,0,1,1,1,1,1,0,,,19006.46,6137.725,22605.89,18177.76,26768.92,
2023/3/6,7850.041,13427.5,6273.738,25873.55,29373.14,9908.866,1,1,1,1,1,1,1,1,1,1,1,1,,,7850.041,13427.5,6273.738,25873.55,29373.14,9908.866
2023/3/7,6022.479,5904.985,6660.351,14266.97,3115.223,4127.115,1,1,1,1,1,1,1,1,1,1,1,1,,,6022.479,5904.985,6660.351,14266.97,3115.223,4127.115
2023/3/8,4190.331,3668.407,2691.002,14435.34,12864.27,7737.568,1,1,1,1,1,1,1,1,1,1,1,1,,,4190.331,3668.407,2691.002,14435.34,12864.27,7737.568
2023/3/9,1362.726,7029.923,8846.038,9535.171,33392.26,5825.984,1,1,1,1,1,1,1,1,1,1,1,1,,,1362.726,7029.923,8846.038,9535.171,33392.26,5825.984
2023/3/10,2731.342,500,29195.34,10213.31,5649.066,2944.33,1,1,1,1,1,1,1,0,1,1,1,1,,,2731.342,500,29195.34,10213.31,5649.066,2944.33
2023/3/11,8702.03,3079.039,13715.19,8386.38,7858.69,4090.091,1,1,1,1,1,1,1,1,1,1,1,1,,,8702.03,3079.039,13715.19,8386.38,7858.69,4090.091
2023/3/12,6637.313,1630.672,2439.806,13064.9,7660.316,1493.779,1,1,1,1,1,1,1,1,1,1,1,1,,,6637.313,1630.672,2439.806,13064.9,7660.316,1493.779
2023/3/13,6667.171,4302.244,5125.669,4127.562,4948.537,6935.902,1,1,1,1,1,1,1,1,1,1,1,1,,,6667.171,4302.244,5125.669,4127.562,4948.537,6935.902
2023/3/14,5530.06,4839.342,3078.503,5385.707,1303.945,2897.904,1,1,1,1,1,1,1,1,1,1,1,1,,,5530.06,4839.342,3078.503,5385.707,1303.945,2897.904
2023/3/15,2232.508,1740.399,6123.632,5582.084,3373.62,500,1,1,1,1,1,1,1,1,1,1,1,0,,,2232.508,1740.399,6123.632,5582.084,3373.62,500
2023/3/16,5564.072,6046.011,3812.203,5767.966,2428.155,,1,1,1,1,1,0,1,1,1,1,1,0,,,5564.072,6046.011,3812.203,5767.966,2428.155,
2023/3/17,9574.051,3040.812,2322.382,5583.293,1956.886,5104.438,1,1,1,1,1,1,1,1,1,1,1,1,,,9574.051,3040.812,2322.382,5583.293,1956.886,5104.438
2023/3/18,6130.866,6581.751,500,3273.287,4857.401,6504.94,1,1,1,1,1,1,1,1,0,1,1,1,,,6130.866,6581.751,500,3273.287,4857.401,6504.94
2023/3/19,2287.77,2647.793,500,6184.702,1858.951,2341.824,1,1,1,1,1,1,1,1,0,1,1,1,,,2287.77,2647.793,500,6184.702,1858.951,2341.824
2023/3/20,977.0741,4810.555,500,10142.73,3152.708,500,1,1,1,1,1,1,1,1,0,1,1,0,,,977.0741,4810.555,500,10142.73,3152.708,500
2023/3/21,1423.373,1927.513,500,7716.427,9758.9,500,1,1,1,1,1,1,1,1,0,1,1,0,,,1423.373,1927.513,500,7716.427,9758.9,500
2023/3/22,3702.393,500,1489.732,4804.549,2161.167,1385.514,1,1,1,1,1,1,1,0,1,1,1,1,,,3702.393,500,1489.732,4804.549,2161.167,1385.514
2023/3/23,3360.411,2563.904,7951.874,7093.088,8895.758,1138.645,1,1,1,1,1,1,1,1,1,1,1,1,,,3360.411,2563.904,7951.874,7093.088,8895.758,1138.645
2023/3/24,3972.88,10758.24,6556.887,10290.71,24308.15,5077.993,1,1,1,1,1,1,1,1,1,1,1,1,,,3972.88,10758.24,6556.887,10290.71,24308.15,5077.993
2023/3/25,2572.675,4939.309,4565.275,8168.47,5275.209,1583.758,1,1,1,1,1,1,1,1,1,1,1,1,,,2572.675,4939.309,4565.275,8168.47,5275.209,1583.758
2023/3/26,5119.809,5790.621,7329.829,2707.501,3940.895,2896.851,1,1,1,1,1,1,1,1,1,1,1,1,,,5119.809,5790.621,7329.829,2707.501,3940.895,2896.851
2023/3/27,3752.504,10797.58,5217.924,13656.86,2969.654,1686.794,1,1,1,1,1,1,1,1,1,1,1,1,,,3752.504,10797.58,5217.924,13656.86,2969.654,1686.794
2023/3/28,1509.646,24890.28,8003.296,6916.779,4097.909,4185.816,1,1,1,1,1,1,1,1,1,1,1,1,,,1509.646,24890.28,8003.296,6916.779,4097.909,4185.816
2023/3/29,3555.073,1539.649,500,2401.686,500,3630.286,1,1,1,1,1,1,1,1,0,1,0,1,,,3555.073,1539.649,500,2401.686,500,3630.286
2023/3/30,2754.034,500,500,3256.944,2860.121,2591.877,1,1,1,1,1,1,1,0,0,1,1,1,,,2754.034,500,500,3256.944,2860.121,2591.877
2023/3/31,2079.219,2929.956,500,11618.34,937.5212,1797.365,1,1,1,1,1,1,1,1,0,1,1,1,,,2079.219,2929.956,500,11618.34,937.5212,1797.365
2023/4/1,11816.07,1755.001,1339.069,13850.16,6810.615,5950.789,1,1,1,1,1,1,1,1,1,1,1,1,,,11816.07,1755.001,1339.069,13850.16,6810.615,5950.789
2023/4/2,5697.234,2943.521,5639.851,4194.417,4105.978,4154.502,1,1,1,1,1,1,1,1,1,1,1,1,,,5697.234,2943.521,5639.851,4194.417,4105.978,4154.502
2023/4/3,6162.821,1736.504,3868.918,500,11385.78,7000.917,1,1,1,1,1,1,1,1,1,0,1,1,,,6162.821,1736.504,3868.918,500,11385.78,7000.917
2023/4/4,3245.112,500,1710.468,4546.272,151294.2,6756.412,1,1,1,1,1,1,1,0,1,1,1,1,,,3245.112,500,1710.468,4546.272,151294.2,6756.412
2023/4/5,5722.623,,5305.793,6921.205,8656.911,5095.834,1,0,1,1,1,1,1,0,1,1,1,1,,,5722.623,,5305.793,6921.205,8656.911,5095.834
2023/4/6,14696.72,2613.16,500,12595.35,4769.768,500,1,1,1,1,1,1,1,1,0,1,1,0,,,14696.72,2613.16,500,12595.35,4769.768,500
2023/4/7,4074.311,4532.568,7121.097,17189,5297.084,6566.548,1,1,1,1,1,1,1,1,1,1,1,1,,,4074.311,4532.568,7121.097,17189,5297.084,6566.548
2023/4/8,9267.441,14087.16,1553.39,1761.958,13023.69,28362.03,1,1,1,1,1,1,1,1,1,1,1,1,,,9267.441,14087.16,1553.39,1761.958,13023.69,28362.03
2023/4/9,2312.528,9498.612,4950.869,2172.519,3143.595,1449.943,1,1,1,1,1,1,1,1,1,1,1,1,,,2312.528,9498.612,4950.869,2172.519,3143.595,1449.943
2023/4/10,5791.718,1961.873,1319.165,500,500,2838.222,1,1,1,1,1,1,1,1,1,0,0,1,,,5791.718,1961.873,1319.165,500,500,2838.222
2023/4/11,1780.394,8722.484,9428.081,4291.795,5540.465,2824.266,1,1,1,1,1,1,1,1,1,1,1,1,,,1780.394,8722.484,9428.081,4291.795,5540.465,2824.266
2023/4/12,2993.287,2786.622,110029.6,1554.054,2025.689,4329.085,1,1,1,1,1,1,1,1,1,1,1,1,,,2993.287,2786.622,110029.6,1554.054,2025.689,4329.085
2023/4/13,3612.926,500,25825.21,4537.582,2493.6,1922.744,1,1,1,1,1,1,1,0,1,1,1,1,,,3612.926,500,25825.21,4537.582,2493.6,1922.744
2023/4/14,1487.327,3082.778,5404.296,500,500,4038.965,1,1,1,1,1,1,1,1,1,0,0,1,,,1487.327,3082.778,5404.296,500,500,4038.965
2023/4/15,2051.195,1259.034,500,3653.293,500,2279.757,1,1,1,1,1,1,1,1,0,1,0,1,,,2051.195,1259.034,500,3653.293,500,2279.757
2023/4/16,3258.186,500,500,500,2215.277,1800.781,1,1,1,1,1,1,1,0,0,0,1,1,,,3258.186,500,500,500,2215.277,1800.781
2023/4/17,2146.532,500,1448.245,500,500,1461.125,1,1,1,1,1,1,1,0,1,0,0,1,,,2146.532,500,1448.245,500,500,1461.125
2023/4/18,2008.65,500,500,500,2550.14,500,1,1,1,1,1,1,1,0,0,0,1,0,,,2008.65,500,500,500,2550.14,500
2023/4/19,2935.562,500,2235.236,3352.74,2344.904,2120.399,1,1,1,1,1,1,1,0,1,1,1,1,,,2935.562,500,2235.236,3352.74,2344.904,2120.399
2023/4/20,2149.231,500,3139.437,1736.612,2454.921,2696.032,1,1,1,1,1,1,1,0,1,1,1,1,,,2149.231,500,3139.437,1736.612,2454.921,2696.032
2023/4/21,2169.698,5302.502,500,1708.487,4497.663,2338.991,1,1,1,1,1,1,1,1,0,1,1,1,,,2169.698,5302.502,500,1708.487,4497.663,2338.991
2023/4/22,4956.129,1620.889,500,500,1173.905,1092.274,1,1,1,1,1,1,1,1,0,0,1,1,,,4956.129,1620.889,500,500,1173.905,1092.274
2023/4/23,500,500,500,500,500,1148.993,1,1,1,1,1,1,0,0,0,0,0,1,,,500,500,500,500,500,1148.993
2023/4/24,500,500,500,8062.199,500,500,1,1,1,1,1,1,0,0,0,1,0,0,,,500,500,500,8062.199,500,500
2023/4/25,500,500,500,1541.738,500,2619.308,1,1,1,1,1,1,0,0,0,1,0,1,,,500,500,500,1541.738,500,2619.308
2023/4/26,827.7788,500,1970.191,500,1548.17,700.1884,1,1,1,1,1,1,1,0,1,0,1,1,,,827.7788,500,1970.191,500,1548.17,700.1884
2023/4/27,1414.258,1722.844,500,1550.572,500,1948.494,1,1,1,1,1,1,1,1,0,1,0,1,,,1414.258,1722.844,500,1550.572,500,1948.494
2023/4/28,1644.619,500,1833.617,500,500,500,1,1,1,1,1,1,1,0,1,0,0,0,,,1644.619,500,1833.617,500,500,500
2023/4/29,500,1012.449,500,500,3485.325,1492.37,1,1,1,1,1,1,0,1,0,0,1,1,,,500,1012.449,500,500,3485.325,1492.37
2023/4/30,500,500,500,500,500,1391.144,1,1,1,1,1,1,0,0,0,0,0,1,,,500,500,500,500,500,1391.144
2023/5/1,500,500,500,2144.24,500,500,1,1,1,1,1,1,0,0,0,1,0,0,,,500,500,500,2144.24,500,500
2023/5/2,500,2639.477,4094.822,500,500,500,1,1,1,1,1,1,0,1,1,0,0,0,,,500,2639.477,4094.822,500,500,500
2023/5/3,1016.993,939.2402,500,5174.695,1014.934,500,1,1,1,1,1,1,1,1,0,1,1,0,,,1016.993,939.2402,500,5174.695,1014.934,500
2023/5/4,500,500,500,6581.803,3182.494,4767.704,1,1,1,1,1,1,0,0,0,1,1,1,,,500,500,500,6581.803,3182.494,4767.704
2023/5/5,3909.191,1895.631,1005.124,3147.02,500,500,1,1,1,1,1,1,1,1,1,1,0,0,,,3909.191,1895.631,1005.124,3147.02,500,500
2023/5/6,2372.67,3480.315,500,500,1123.296,500,1,1,1,1,1,1,1,1,0,0,1,0,,,2372.67,3480.315,500,500,1123.296,500
2023/5/7,1458.9,1232.995,500,2891.026,500,500,1,1,1,1,1,1,1,1,0,1,0,0,,,1458.9,1232.995,500,2891.026,500,500
2023/5/8,1234.335,976.0728,500,2368.577,500,1244.864,1,1,1,1,1,1,1,1,0,1,0,1,,,1234.335,976.0728,500,2368.577,500,1244.864
2023/5/9,14344.53,3337.425,500,1598.745,500,500,1,1,1,1,1,1,1,1,0,1,0,0,,,14344.53,3337.425,500,1598.745,500,500
2023/5/10,500,1332.804,500,3627.659,500,500,1,1,1,1,1,1,0,1,0,1,0,0,,,500,1332.804,500,3627.659,500,500
2023/5/11,3234.27,2207.41,1582.247,1946.977,500,1899.232,1,1,1,1,1,1,1,1,1,1,0,1,,,3234.27,2207.41,1582.247,1946.977,500,1899.232
2023/5/12,500,2967.116,500,1255.663,500,500,1,1,1,1,1,1,0,1,0,1,0,0,,,500,2967.116,500,1255.663,500,500
2023/5/13,2164.193,2069.24,500,1150.644,500,500,1,1,1,1,1,1,1,1,0,1,0,0,,,2164.193,2069.24,500,1150.644,500,500
2023/5/14,1437.676,1039.571,500,2498.015,1375.374,500,1,1,1,1,1,1,1,1,0,1,1,0,,,1437.676,1039.571,500,2498.015,1375.374,500
2023/5/15,500,1938.611,500,500,500,3886.477,1,1,1,1,1,1,0,1,0,0,0,1,,,500,1938.611,500,500,500,3886.477
2023/5/16,1961.856,1067.846,500,1297.125,500,500,1,1,1,1,1,1,1,1,0,1,0,0,,,1961.856,1067.846,500,1297.125,500,500
2023/5/17,500,500,3451.019,2326.792,500,4020.758,1,1,1,1,1,1,0,0,1,1,0,1,,,500,500,3451.019,2326.792,500,4020.758
2023/5/18,2481.409,2180.681,4526.894,3993.23,1547.895,1613.209,1,1,1,1,1,1,1,1,1,1,1,1,,,2481.409,2180.681,4526.894,3993.23,1547.895,1613.209
2023/5/19,3079.137,1164.604,500,500,3576.458,500,1,1,1,1,1,1,1,1,0,0,1,0,,,3079.137,1164.604,500,500,3576.458,500
2023/5/20,4945.037,500,1976.344,1396.49,500,500,1,1,1,1,1,1,1,0,1,1,0,0,,,4945.037,500,1976.344,1396.49,500,500
2023/5/21,1348.232,500,1860.674,2362.451,1810.908,1165.535,1,1,1,1,1,1,1,0,1,1,1,1,,,1348.232,500,1860.674,2362.451,1810.908,1165.535
2023/5/22,8293.496,2043.09,500,2830.413,822.2599,1014.774,1,1,1,1,1,1,1,1,0,1,1,1,,,8293.496,2043.09,500,2830.413,822.2599,1014.774
2023/5/23,2149.638,1716.576,1238.21,500,2079.075,500,1,1,1,1,1,1,1,1,1,0,1,0,,,2149.638,1716.576,1238.21,500,2079.075,500
2023/5/24,1240.529,500,500,1456.508,1590.935,1583.89,1,1,1,1,1,1,1,0,0,1,1,1,,,1240.529,500,500,1456.508,1590.935,1583.89
2023/5/25,500,500,18371.21,7174.714,500,500,1,1,1,1,1,1,0,0,1,1,0,0,,,500,500,18371.21,7174.714,500,500
2023/5/26,957.534,2806.677,3237.365,500,1136.803,500,1,1,1,1,1,1,1,1,1,0,1,0,,,957.534,2806.677,3237.365,500,1136.803,500
2023/5/27,500,2579.564,500,500,500,500,1,1,1,1,1,1,0,1,0,0,0,0,,,500,2579.564,500,500,500,500
2023/5/28,500,3753.917,500,2356.214,500,1100.486,1,1,1,1,1,1,0,1,0,1,0,1,,,500,3753.917,500,2356.214,500,1100.486
2023/5/29,500,500,500,500,500,1484.738,1,1,1,1,1,1,0,0,0,0,0,1,,,500,500,500,500,500,1484.738
2023/5/30,1203.624,500,500,2446.739,500,1075.034,1,1,1,1,1,1,1,0,0,1,0,1,,,1203.624,500,500,2446.739,500,1075.034
2023/5/31,500,4008.093,500,2181.047,500,2210.282,1,1,1,1,1,1,0,1,0,1,0,1,,,500,4008.093,500,2181.047,500,2210.282
,500,7661.64,3984.617,500,500,1305.155,,,,,,,,,,,,,,,500,7661.64,3984.617,500,500,1305.155
,2822.104,3197.15,500,1435.657,500,7865.23,,,,,,,,,,,,,,,2822.104,3197.15,500,1435.657,500,7865.23
,500,500,500,1574.447,916.3985,2405.468,,,,,,,,,,,,,,,500,500,500,1574.447,916.3985,2405.468
,500,500,500,500,500,1929.768,,,,,,,,,,,,,,,500,500,500,500,500,1929.768
,500,500,500,500,500,1651.126,,,,,,,,,,,,,,,500,500,500,500,500,1651.126
,2287.919,500,500,500,500,6239.834,,,,,,,,,,,,,,,2287.919,500,500,500,500,6239.834
,1083.232,500,1890.334,2876.508,1428.301,500,,,,,,,,,,,,,,,1083.232,500,1890.334,2876.508,1428.301,500
,3277.989,500,1757.267,1409.314,11744.64,3155.844,,,,,,,,,,,,,,,3277.989,500,1757.267,1409.314,11744.64,3155.844
,3006.132,500,500,500,3491.275,1292.078,,,,,,,,,,,,,,,3006.132,500,500,500,3491.275,1292.078
,5378.075,500,500,1672.571,500,500,,,,,,,,,,,,,,,5378.075,500,500,1672.571,500,500
,2879.823,500,500,984.9872,500,2011.05,,,,,,,,,,,,,,,2879.823,500,500,984.9872,500,2011.05
,3050.043,500,500,500,2283.339,500,,,,,,,,,,,,,,,3050.043,500,500,500,2283.339,500
,500,1812.067,500,500,500,500,,,,,,,,,,,,,,,500,1812.067,500,500,500,500
,500,,500,2719.32,500,855.9898,,,,,,,,,,,,,,,500,,500,2719.32,500,855.9898
,2577.672,1192.091,2753.012,500,500,1313.221,,,,,,,,,,,,,,,2577.672,1192.091,2753.012,500,500,1313.221
,500,1850.82,500,500,500,500,,,,,,,,,,,,,,,500,1850.82,500,500,500,500
,500,6092.441,500,500,500,500,,,,,,,,,,,,,,,500,6092.441,500,500,500,500
,500,500,500,500,3724.664,1324.031,,,,,,,,,,,,,,,500,500,500,500,3724.664,1324.031
,500,500,500,500,500,1726.836,,,,,,,,,,,,,,,500,500,500,500,500,1726.836
,500,835.4943,500,1449.536,500,500,,,,,,,,,,,,,,,500,835.4943,500,1449.536,500,500
,500,500,500,4305.961,500,1633.665,,,,,,,,,,,,,,,500,500,500,4305.961,500,1633.665
,500,500,1943.468,500,500,1889.46,,,,,,,,,,,,,,,500,500,1943.468,500,500,1889.46
,1380.33,500,500,500,500,2016.153,,,,,,,,,,,,,,,1380.33,500,500,500,500,2016.153
,500,500,500,1620.754,500,500,,,,,,,,,,,,,,,500,500,500,1620.754,500,500
,500,500,500,500,500,1074.844,,,,,,,,,,,,,,,500,500,500,500,500,1074.844
,500,3822.265,500,1928.59,500,2251.163,,,,,,,,,,,,,,,500,3822.265,500,1928.59,500,2251.163
,500,1404.379,500,2843.139,2076.447,500,,,,,,,,,,,,,,,500,1404.379,500,2843.139,2076.447,500
,1195.339,1550.042,500,1579.857,500,993.9247,,,,,,,,,,,,,,,1195.339,1550.042,500,1579.857,500,993.9247
,1280.883,500,8781.84,1867.532,1212.282,1459.507,,,,,,,,,,,,,,,1280.883,500,8781.84,1867.532,1212.282,1459.507
,500,500,500,2151.56,1732.919,1878.751,,,,,,,,,,,,,,,500,500,500,2151.56,1732.919,1878.751
,1498.594,500,500,500,500,1196.588,,,,,,,,,,,,,,,1498.594,500,500,500,500,1196.588
,1545.11,2981.987,500,500,1161.777,500,,,,,,,,,,,,,,,1545.11,2981.987,500,500,1161.777,500
,500,1584.877,2125.247,500,500,905.8291,,,,,,,,,,,,,,,500,1584.877,2125.247,500,500,905.8291
,845.5689,6651.37,3395.166,3265.665,500,1316.908,,,,,,,,,,,,,,,845.5689,6651.37,3395.166,3265.665,500,1316.908
,2026.908,3734.683,500,1223.061,3297.973,3823.408,,,,,,,,,,,,,,,2026.908,3734.683,500,1223.061,3297.973,3823.408
,739.4837,5824.495,500,1279.228,500,1800.918,,,,,,,,,,,,,,,739.4837,5824.495,500,1279.228,500,1800.918
,1076.697,500,2864.112,3052.225,500,4772.125,,,,,,,,,,,,,,,1076.697,500,2864.112,3052.225,500,4772.125
,500,500,500,1100.823,7760.873,1206.433,,,,,,,,,,,,,,,500,500,500,1100.823,7760.873,1206.433
,500,500,500,2112.475,2689.837,500,,,,,,,,,,,,,,,500,500,500,2112.475,2689.837,500
,500,5450.586,1488.913,1046.01,3258.804,2301.053,,,,,,,,,,,,,,,500,5450.586,1488.913,1046.01,3258.804,2301.053
,5861.646,500,500,865.41,1659.524,2860.744,,,,,,,,,,,,,,,5861.646,500,500,865.41,1659.524,2860.744
,1320.667,,1331.729,2176.507,500,835.699,,,,,,,,,,,,,,,1320.667,,1331.729,2176.507,500,835.699
,1609.605,2937.623,500,500,500,1462.995,,,,,,,,,,,,,,,1609.605,2937.623,500,500,500,1462.995
,2152.321,500,21403.11,2044.441,2637.455,1249.648,,,,,,,,,,,,,,,2152.321,500,21403.11,2044.441,2637.455,1249.648
,500,500,500,2915.259,500,1343.019,,,,,,,,,,,,,,,500,500,500,2915.259,500,1343.019
,2277.243,500,2752.761,1776.831,500,1737.103,,,,,,,,,,,,,,,2277.243,500,2752.761,1776.831,500,1737.103
,2974.771,,500,1968.209,500,941.5561,,,,,,,,,,,,,,,2974.771,,500,1968.209,500,941.5561
,500,5255.093,2478.448,1444.046,4696.614,3361.681,,,,,,,,,,,,,,,500,5255.093,2478.448,1444.046,4696.614,3361.681
,1537.994,2673.371,500,15067.01,4158.879,12639.26,,,,,,,,,,,,,,,1537.994,2673.371,500,15067.01,4158.879,12639.26
,500,,500,1253.227,4411.672,500,,,,,,,,,,,,,,,500,,500,1253.227,4411.672,500
,1229.268,1647.167,500,2774.249,1916.291,1062.579,,,,,,,,,,,,,,,1229.268,1647.167,500,2774.249,1916.291,1062.579
,789.4606,500,500,887.8262,500,500,,,,,,,,,,,,,,,789.4606,500,500,887.8262,500,500
,500,500,1336.758,2312.994,500,1084.232,,,,,,,,,,,,,,,500,500,1336.758,2312.994,500,1084.232
,1978.837,,500,1062.583,500,2615.354,,,,,,,,,,,,,,,1978.837,,500,1062.583,500,2615.354
,3525.524,2467.789,500,2744.447,500,2409.746,,,,,,,,,,,,,,,3525.524,2467.789,500,2744.447,500,2409.746
,2718.967,2968.839,5729.08,11109.01,1938.377,3583.239,,,,,,,,,,,,,,,2718.967,2968.839,5729.08,11109.01,1938.377,3583.239
,3341.983,18939.18,500,2180.396,500,1537.35,,,,,,,,,,,,,,,3341.983,18939.18,500,2180.396,500,1537.35
,4237.024,,5578.393,4007.422,2189.442,2231.747,,,,,,,,,,,,,,,4237.024,,5578.393,4007.422,2189.442,2231.747
,2468.986,500,500,1575.009,500,1546.732,,,,,,,,,,,,,,,2468.986,500,500,1575.009,500,1546.732
,1092.877,2842.307,2886.264,500,500,500,,,,,,,,,,,,,,,1092.877,2842.307,2886.264,500,500,500
,,,,,,,,,,,,,,,,,,,,,,,,,,
,,,,,,,,,,,,,,,,,,,,,,,,,,
