date,concentration_north_1,low_north_1,med_north_1,upr_north_1,concentrationnorth_2,low_north_2,med_north_2,upr_north_2
2022/1/1,NA,2.784734454,3.492728912,4.27718134,NA,2.774526002,3.513076045,4.289884405
2022/1/2,NA,2.807678916,3.49261174,4.248837474,NA,2.802917146,3.510909031,4.258041358
2022/1/3,NA,2.831586039,3.491276449,4.221902747,NA,2.826396249,3.511065025,4.232264902
2022/1/4,NA,2.852902732,3.490013703,4.190441353,NA,2.85186796,3.507725936,4.204628034
2022/1/5,NA,2.870587892,3.4897739,4.164891273,NA,2.870328833,3.505484499,4.179189446
2022/1/6,NA,2.891132079,3.491099524,4.145973,NA,2.893796724,3.502477201,4.159088165
2022/1/7,NA,2.913781951,3.490875991,4.127234637,NA,2.914035306,3.502727746,4.137286022
2022/1/8,NA,2.930414004,3.489750026,4.102959852,NA,2.930428444,3.503775232,4.113231381
2022/1/9,NA,2.942499762,3.490158234,4.079050012,NA,2.943340256,3.504252388,4.0945425
2022/1/10,NA,2.952280187,3.489628189,4.062874002,NA,2.953871283,3.503912377,4.071517208
2022/1/11,NA,2.959316224,3.488084928,4.045906187,NA,2.964808963,3.50176644,4.053809053
2022/1/12,NA,2.970348313,3.48890749,4.031684381,NA,2.976243359,3.500345681,4.035352137
2022/1/13,NA,2.982026361,3.488930411,4.019715739,NA,2.985234897,3.500354031,4.012349101
2022/1/14,NA,2.990441003,3.488078557,4.005900453,NA,2.993058767,3.498764565,3.992678333
2022/1/15,NA,3.004509924,3.489678399,3.994916988,NA,3.005895206,3.496909011,3.978343171
2022/1/16,NA,3.019078883,3.489817148,3.986150012,NA,3.015727451,3.495565855,3.968102639
2022/1/17,NA,3.028386565,3.490802933,3.971280499,NA,3.023368634,3.494301992,3.956626725
2022/1/18,NA,3.039051065,3.490514261,3.95881293,NA,3.03090637,3.495027891,3.946893938
2022/1/19,NA,3.050859196,3.490668627,3.94753005,NA,3.039717368,3.495820793,3.934886447
2022/1/20,NA,3.057380491,3.490973636,3.940346886,NA,3.047661885,3.492951195,3.924819861
2022/1/21,NA,3.066591673,3.492467559,3.931786353,NA,3.054546598,3.489706072,3.919846087
2022/1/22,NA,3.073485743,3.492793061,3.924080415,NA,3.059199453,3.489661775,3.91084288
2022/1/23,NA,3.077750063,3.494487163,3.914324417,NA,3.064115953,3.488493714,3.904662955
2022/1/24,NA,3.082577725,3.497136851,3.907816434,NA,3.067695273,3.487189166,3.899788807
2022/1/25,NA,3.089667814,3.497753418,3.904004798,NA,3.072139997,3.484756936,3.898345134
2022/1/26,NA,3.096864956,3.499438155,3.899040974,NA,3.077789124,3.483667711,3.895294288
2022/1/27,NA,3.108811467,3.499444952,3.895674487,NA,3.083841032,3.483057975,3.889258009
2022/1/28,NA,3.116006332,3.500090288,3.893570188,NA,3.085417829,3.480994887,3.885005353
2022/1/29,NA,3.122778125,3.501873974,3.890405253,NA,3.087421729,3.479700733,3.883400513
2022/1/30,NA,3.130321265,3.50279093,3.886348052,NA,3.092167623,3.47733755,3.88085785
2022/1/31,NA,3.13433028,3.503100648,3.883363223,NA,3.09591626,3.473707481,3.88533669
2022/2/1,NA,3.138034028,3.503095835,3.878704532,NA,3.095508786,3.47217435,3.879403202
2022/2/2,NA,3.142543134,3.503439962,3.877102922,NA,3.097615553,3.471762003,3.877275221
2022/2/3,NA,3.148065447,3.503845998,3.877519683,NA,3.095084305,3.470984687,3.878329196
2022/2/4,NA,3.152006815,3.504029269,3.875163527,NA,3.089303558,3.46948246,3.879771234
2022/2/5,NA,3.152186852,3.504200027,3.873936389,NA,3.09255859,3.469054525,3.879296357
2022/2/6,NA,3.157223374,3.503804384,3.874164561,NA,3.0921269,3.468659783,3.88625015
2022/2/7,NA,3.161169368,3.503565304,3.873818115,NA,3.090011381,3.466914216,3.886843331
2022/2/8,NA,3.162275605,3.503685354,3.873134752,NA,3.087089935,3.467292605,3.889388761
2022/2/9,NA,3.165434275,3.504839611,3.87256947,NA,3.084927557,3.466418574,3.888271313
2022/2/10,NA,3.164626977,3.505108184,3.875930628,NA,3.083481517,3.465613329,3.886947938
2022/2/11,NA,3.166375951,3.504766714,3.876521855,NA,3.0838307,3.463827868,3.888907866
2022/2/12,NA,3.17013631,3.505404612,3.873716825,NA,3.08764903,3.462358495,3.890522639
2022/2/13,NA,3.168377695,3.504862528,3.874026692,NA,3.08476931,3.462918268,3.89012399
2022/2/14,NA,3.171782513,3.504940244,3.877362667,NA,3.088294205,3.462013404,3.88762244
2022/2/15,NA,3.17091225,3.505545364,3.875599053,NA,3.086632171,3.461209505,3.885924594
2022/2/16,NA,3.171078014,3.506156477,3.873951682,NA,3.089477735,3.461298279,3.883046153
2022/2/17,NA,3.169191596,3.506858045,3.872926581,NA,3.090872903,3.460525535,3.880989501
2022/2/18,NA,3.165289377,3.506475444,3.870437902,NA,3.0892432,3.460994929,3.879294899
2022/2/19,NA,3.163035081,3.50797168,3.868327892,NA,3.090359931,3.461365805,3.875731558
2022/2/20,NA,3.163378157,3.507387059,3.868836297,NA,3.096497231,3.462170533,3.875268846
2022/2/21,NA,3.158232547,3.507721555,3.867987551,NA,3.094867481,3.463098499,3.871428843
2022/2/22,NA,3.16036832,3.507064361,3.866527511,NA,3.095346542,3.462882366,3.868253773
2022/2/23,NA,3.154155616,3.508322623,3.868696378,NA,3.096796574,3.463067435,3.862709075
2022/2/24,NA,3.147914958,3.509300579,3.867719663,NA,3.095842205,3.46417194,3.860232673
2022/2/25,NA,3.147372007,3.509968079,3.867610643,NA,3.097384992,3.46472886,3.858738447
2022/2/26,NA,3.145810208,3.509738678,3.86848746,NA,3.099456767,3.465623486,3.855258026
2022/2/27,NA,3.142275506,3.510024683,3.872783711,NA,3.098816884,3.465497594,3.856047884
2022/2/28,NA,3.141989217,3.511418285,3.87299291,NA,3.097858617,3.466448681,3.85855402
2022/3/1,NA,3.1335534,3.512665484,3.872862346,NA,3.098913616,3.466916568,3.853435914
2022/3/2,NA,3.128926287,3.512625714,3.874632167,NA,3.101181969,3.46754339,3.855075258
2022/3/3,NA,3.128281271,3.513601392,3.874812473,NA,3.103248916,3.467885613,3.855066605
2022/3/4,NA,3.125925737,3.513891157,3.873047328,NA,3.106624326,3.468860451,3.85770813
2022/3/5,NA,3.12244895,3.513459646,3.87515072,NA,3.108478521,3.469340184,3.860352821
2022/3/6,NA,3.127878484,3.513805376,3.878865427,NA,3.107299702,3.471238798,3.858707836
2022/3/7,NA,3.125494083,3.514815777,3.878328261,NA,3.108712243,3.472357343,3.857847099
2022/3/8,NA,3.124420462,3.516796349,3.876914039,NA,3.111565696,3.474482519,3.854029868
2022/3/9,NA,3.12571293,3.517507729,3.878240861,NA,3.110173915,3.476023417,3.855608084
2022/3/10,NA,3.125907079,3.518203299,3.879589886,NA,3.112966887,3.477494286,3.855988295
2022/3/11,NA,3.124763142,3.519921069,3.879295811,NA,3.11137376,3.478524113,3.855753405
2022/3/12,NA,3.127533296,3.520973029,3.878218489,NA,3.110162546,3.480360522,3.858440989
2022/3/13,NA,3.127190505,3.522019384,3.876324081,NA,3.110100533,3.481998761,3.858054824
2022/3/14,NA,3.12376484,3.522983989,3.877359297,NA,3.112853057,3.483481797,3.860497284
2022/3/15,NA,3.120677817,3.524391362,3.880137733,NA,3.115926528,3.484831892,3.8627397
2022/3/16,NA,3.12028955,3.5245244,3.880069429,NA,3.118721377,3.487014264,3.865623564
2022/3/17,NA,3.118433884,3.526088062,3.882037316,NA,3.121542681,3.489560446,3.867030578
2022/3/18,NA,3.116239691,3.527318655,3.881761732,NA,3.123202993,3.492147098,3.868601777
2022/3/19,NA,3.116790421,3.528873278,3.884960986,NA,3.121663721,3.494021196,3.870937639
2022/3/20,NA,3.116168567,3.531088377,3.884807925,NA,3.12565758,3.497384123,3.87241629
2022/3/21,NA,3.11683307,3.532897062,3.88953744,NA,3.128263389,3.500247577,3.871342315
2022/3/22,NA,3.115980639,3.536029763,3.889702164,NA,3.130204735,3.504648014,3.871886366
2022/3/23,NA,3.117152358,3.536556614,3.894172399,NA,3.135884316,3.507689294,3.870820641
2022/3/24,NA,3.116462634,3.538556665,3.89435744,NA,3.141133676,3.51079201,3.87643152
2022/3/25,NA,3.116758341,3.54051294,3.891011577,NA,3.145531791,3.514161854,3.882434999
2022/3/26,NA,3.12168856,3.541473416,3.89119292,NA,3.148871395,3.51744576,3.882981368
2022/3/27,NA,3.120926238,3.542031453,3.889746822,NA,3.150751304,3.519786017,3.885785035
2022/3/28,NA,3.121885383,3.544215713,3.888585056,NA,3.156978873,3.524445912,3.890654001
2022/3/29,NA,3.121411863,3.545181445,3.88797883,NA,3.160335141,3.528656035,3.890695041
2022/3/30,NA,3.1188137,3.545811856,3.884607289,NA,3.163573994,3.530769318,3.895627054
2022/3/31,NA,3.117630826,3.547781731,3.883633207,NA,3.163762503,3.532404585,3.900803421
2022/4/1,NA,3.117337828,3.548777439,3.884849873,NA,3.167446315,3.537082984,3.904081504
2022/4/2,NA,3.12089274,3.550101255,3.881551428,NA,3.170695625,3.540557568,3.908118541
2022/4/3,NA,3.125668172,3.551903656,3.879002156,NA,3.176029991,3.543690497,3.908022897
2022/4/4,NA,3.128434087,3.551923254,3.87828421,NA,3.177910426,3.546988169,3.909913059
2022/4/5,NA,3.129660897,3.553937838,3.878058142,NA,3.179543816,3.549804137,3.912488366
2022/4/6,NA,3.132507793,3.556192652,3.879585966,NA,3.181188598,3.55362745,3.913343005
2022/4/7,NA,3.136029853,3.556250745,3.881276262,NA,3.182324961,3.557999282,3.919812854
2022/4/8,NA,3.142015861,3.557026027,3.881930172,NA,3.184784255,3.561522453,3.921624711
2022/4/9,NA,3.144697424,3.557900551,3.885925755,NA,3.189346599,3.566255664,3.926715607
2022/4/10,NA,3.151049038,3.559240688,3.888554077,NA,3.191986415,3.569384759,3.92876042
2022/4/11,NA,3.15466261,3.559684843,3.889466231,NA,3.199107314,3.572755753,3.932749716
2022/4/12,NA,3.15619409,3.55985221,3.892832756,NA,3.201823343,3.573654566,3.934816767
2022/4/13,NA,3.157753928,3.560507379,3.894138553,NA,3.204138132,3.578521097,3.935751976
2022/4/14,NA,3.162428592,3.55978348,3.894040903,NA,3.209156935,3.582534152,3.936688902
2022/4/15,NA,3.168805828,3.559547917,3.89234626,NA,3.212607028,3.587855202,3.939640274
2022/4/16,NA,3.174606803,3.559859739,3.890217493,NA,3.21829549,3.591889054,3.940767865
2022/4/17,NA,3.184262909,3.559554432,3.889246352,NA,3.22559243,3.594490879,3.94375799
2022/4/18,NA,3.189537308,3.558134456,3.888606433,NA,3.232490843,3.598344487,3.944587792
2022/4/19,NA,3.192488105,3.559276481,3.888013155,NA,3.238417171,3.600927176,3.945948311
2022/4/20,NA,3.195826362,3.559602656,3.886572012,NA,3.245428689,3.606207069,3.947743616
2022/4/21,NA,3.199461039,3.558653272,3.885335752,NA,3.256413756,3.610183485,3.949759714
2022/4/22,NA,3.206157694,3.557981645,3.883070549,NA,3.261011583,3.612204208,3.949450519
2022/4/23,NA,3.213504754,3.558642001,3.883099664,NA,3.268921337,3.616589465,3.95132277
2022/4/24,NA,3.220682931,3.558224526,3.883041927,NA,3.277776386,3.619356732,3.949233101
2022/4/25,NA,3.226774405,3.557067626,3.879406273,NA,3.281414094,3.622564935,3.948406085
2022/4/26,NA,3.230521527,3.556545179,3.875540159,NA,3.290517285,3.62571413,3.947383777
2022/4/27,NA,3.234947848,3.556241664,3.871994791,NA,3.301313699,3.629590079,3.950504665
2022/4/28,NA,3.236724834,3.554808152,3.866728037,NA,3.309225655,3.633086794,3.954146869
2022/4/29,NA,3.242565894,3.554377124,3.862903168,NA,3.314175554,3.635799979,3.955303633
2022/4/30,NA,3.243361629,3.554940455,3.859293523,NA,3.322184296,3.637675955,3.951406328
2022/5/1,NA,3.245266717,3.552900872,3.858333652,NA,3.329669972,3.63911439,3.94892469
2022/5/2,NA,3.247042725,3.552201812,3.855940017,NA,3.338105839,3.641763616,3.946123331
2022/5/3,NA,3.247943727,3.551484484,3.853327422,NA,3.346953809,3.643968385,3.945680859
2022/5/4,NA,3.251117896,3.549865462,3.849185116,NA,3.350216489,3.645914021,3.944835595
2022/5/5,NA,3.254338139,3.549328906,3.843552829,NA,3.35274627,3.649182514,3.94383799
2022/5/6,NA,3.258604803,3.547895039,3.840146284,NA,3.358785938,3.650217884,3.937145714
2022/5/7,NA,3.262627494,3.545337192,3.831335447,NA,3.361145393,3.652665595,3.929865918
2022/5/8,NA,3.264982263,3.543465109,3.824356824,NA,3.362861126,3.653757596,3.926377441
2022/5/9,NA,3.268317807,3.540870773,3.816694487,NA,3.366225313,3.653936765,3.922129498
2022/5/10,NA,3.26845546,3.53886517,3.808694916,NA,3.370203976,3.654256824,3.917936553
2022/5/11,NA,3.267168365,3.536760427,3.803065513,NA,3.37271076,3.654004572,3.912151009
2022/5/12,NA,3.269485678,3.53425592,3.797909091,NA,3.372894615,3.654204601,3.906051127
2022/5/13,NA,3.269428568,3.530936242,3.790065295,NA,3.375725318,3.653877365,3.898891379
2022/5/14,NA,3.271652301,3.527821603,3.783860399,NA,3.376050609,3.652753224,3.891014596
2022/5/15,NA,3.267829791,3.523364315,3.775177463,NA,3.375235936,3.651340449,3.884331472
2022/5/16,5776.320895,3.263382063,3.519382491,3.765839274,500,3.374041722,3.649484704,3.879243431
2022/5/17,500,3.260572948,3.513861882,3.756618138,9889.418549,3.373630735,3.646129353,3.873358891
2022/5/18,500,3.256732685,3.508781769,3.74879685,500,3.374333245,3.644344133,3.867485348
2022/5/19,NA,3.251636299,3.504757092,3.741010218,NA,3.372856803,3.641816021,3.859913292
2022/5/20,NA,3.247793546,3.500809366,3.733423822,NA,3.37024274,3.637457627,3.852439803
2022/5/21,NA,3.242292027,3.496037534,3.727183792,NA,3.362179736,3.632573916,3.842893279
2022/5/22,NA,3.239757289,3.491898734,3.719046901,NA,3.359423064,3.627016737,3.835756338
2022/5/23,500,3.232219691,3.486879668,3.711618442,5160.8576,3.353941954,3.621998107,3.828636053
2022/5/24,500,3.226250301,3.482426077,3.7042531,500,3.346919445,3.614914927,3.821242222
2022/5/25,500,3.223803807,3.477169604,3.697727831,500,3.343585131,3.608547848,3.817854981
2022/5/26,NA,3.220428106,3.472421952,3.691032472,NA,3.334695018,3.600097532,3.809048102
2022/5/27,NA,3.220434229,3.467022378,3.685825874,NA,3.329786868,3.593289482,3.803239573
2022/5/28,NA,3.218864855,3.462911829,3.679445875,NA,3.321171353,3.585050184,3.796257259
2022/5/29,NA,3.214854785,3.458197547,3.675769057,NA,3.315654755,3.577005009,3.79168111
2022/5/30,NA,3.210959233,3.454748258,3.673134798,NA,3.307598445,3.570053586,3.786118129
2022/5/31,500,3.208936533,3.451964641,3.669938829,500,3.29710527,3.562843677,3.783359646
2022/6/1,500,3.206745163,3.449301654,3.664718789,500,3.289136254,3.555559509,3.776941029
2022/6/2,500,3.207431718,3.445902067,3.660302833,500,3.28071722,3.548390993,3.770711396
2022/6/3,NA,3.203605007,3.444167567,3.65860974,NA,3.269740555,3.542115487,3.762782684
2022/6/4,NA,3.201838065,3.442265969,3.655577053,NA,3.262642873,3.535155639,3.760115462
2022/6/5,NA,3.203362655,3.440771364,3.653268909,NA,3.253451672,3.528650017,3.752976697
2022/6/6,500,3.202743036,3.439563292,3.654106999,500,3.242820619,3.522894046,3.747995901
2022/6/7,500,3.201534759,3.438440178,3.653794344,500,3.238031834,3.516827516,3.74037253
2022/6/8,500,3.201185153,3.438350067,3.653489029,500,3.231484694,3.510266255,3.734493707
2022/6/9,NA,3.203161059,3.438760452,3.655190828,NA,3.223216348,3.505367653,3.729413736
2022/6/10,NA,3.206164518,3.439270709,3.654681413,NA,3.215102875,3.501000106,3.726483836
2022/6/11,NA,3.206635733,3.439688422,3.653555622,NA,3.208111079,3.496311591,3.724807724
2022/6/12,NA,3.208780775,3.440201163,3.653004181,NA,3.206326506,3.491599342,3.722501822
2022/6/13,500,3.208031334,3.441295587,3.652933605,500,3.202916066,3.486947128,3.717907415
2022/6/14,500,3.210485769,3.443096411,3.654937808,500,3.199826255,3.482734728,3.715603793
2022/6/15,500,3.211313675,3.445425206,3.656564818,500,3.198008392,3.480159692,3.712709724
2022/6/16,NA,3.214202421,3.446778875,3.660107157,NA,3.194827757,3.478051644,3.710804117
2022/6/17,NA,3.218100013,3.450045348,3.662945331,NA,3.192751955,3.474701995,3.70816725
2022/6/18,NA,3.220386198,3.452933648,3.667975451,NA,3.191233002,3.472031731,3.704450752
2022/6/19,NA,3.222115513,3.456220737,3.672300361,NA,3.188334895,3.469921015,3.705318373
2022/6/20,500,3.224880984,3.459873948,3.676837608,500,3.185274958,3.467047556,3.704750609
2022/6/21,500,3.22855897,3.462733555,3.681635034,500,3.183263034,3.465290425,3.701679351
2022/6/22,500,3.23278625,3.466401963,3.682716819,500,3.181508779,3.463426738,3.703055345
2022/6/23,NA,3.232578379,3.470724542,3.688787507,NA,3.183410577,3.46301063,3.701722149
2022/6/24,NA,3.236962982,3.473456743,3.692894099,NA,3.180637647,3.462773666,3.700982094
2022/6/25,NA,3.241334341,3.477386469,3.698508794,NA,3.178403105,3.461796863,3.70124733
2022/6/26,NA,3.243854882,3.481520459,3.701785685,NA,3.174019697,3.461214381,3.701175388
2022/6/27,3426.174769,3.248090875,3.484910086,3.706662395,500,3.169597702,3.460921983,3.70090028
2022/6/28,500,3.252499234,3.489472282,3.708651092,500,3.169126975,3.461272024,3.700077677
2022/6/29,500,3.253969099,3.492501423,3.713467511,500,3.170072916,3.461111296,3.700321612
2022/6/30,NA,3.257487012,3.495544663,3.717306228,NA,3.17108111,3.461077456,3.701238722
2022/7/1,NA,3.26132196,3.499675663,3.720565711,NA,3.169237698,3.461233603,3.703111811
2022/7/2,NA,3.265597177,3.502799186,3.723618499,NA,3.166999387,3.461271166,3.70262806
2022/7/3,NA,3.269060487,3.50561505,3.725043451,NA,3.167448956,3.460436118,3.704300379
2022/7/4,NA,3.27397337,3.508749835,3.727929649,NA,3.167769415,3.459566031,3.705803809
2022/7/5,500,3.280194451,3.510782413,3.730449295,500,3.167084671,3.458233139,3.705139022
2022/7/6,500,3.286211096,3.514777275,3.7327586,22743.79234,3.167660546,3.456297679,3.704099228
2022/7/7,500,3.288348499,3.51854397,3.731938628,500,3.166612209,3.452841062,3.703991429
2022/7/8,NA,3.292028673,3.521173326,3.73277725,NA,3.1638603,3.449423348,3.70471535
2022/7/9,NA,3.296279001,3.525299814,3.734081602,NA,3.163576865,3.44652674,3.703869817
2022/7/10,NA,3.299492853,3.528743046,3.733432346,NA,3.162851649,3.444120353,3.702283524
2022/7/11,500,3.300813124,3.532092141,3.732927326,500,3.160561421,3.440517465,3.696723197
2022/7/12,3182.176015,3.303581969,3.535653409,3.735388885,500,3.156690394,3.438043211,3.692149612
2022/7/13,500,3.30910589,3.538009584,3.73697733,500,3.151486365,3.435073137,3.69103857
2022/7/14,NA,3.30875324,3.539936232,3.738199814,NA,3.148548182,3.431169315,3.688741125
2022/7/15,NA,3.309650787,3.542754163,3.740017788,NA,3.146942973,3.427379603,3.689182818
2022/7/16,NA,3.314929327,3.54500525,3.745538356,NA,3.141985884,3.423484192,3.68738185
2022/7/17,NA,3.316318909,3.549146243,3.745995694,NA,3.138723799,3.420622339,3.683785799
2022/7/18,500,3.320283121,3.552364501,3.747273927,500,3.133052882,3.41788215,3.681260272
2022/7/19,500,3.325496354,3.555539864,3.750041741,500,3.132597303,3.4145267,3.677967411
2022/7/20,500,3.327695326,3.558861862,3.752701298,500,3.128341265,3.411614443,3.674286941
2022/7/21,NA,3.332653491,3.56247947,3.756528801,NA,3.126815671,3.407471864,3.675226008
2022/7/22,NA,3.334238205,3.566658829,3.760913618,NA,3.124767949,3.405177729,3.674528852
2022/7/23,NA,3.333781831,3.570217878,3.765072592,NA,3.122860114,3.4019346,3.673839397
2022/7/24,NA,3.338226643,3.573551561,3.769518609,NA,3.120399259,3.399024076,3.673677197
2022/7/25,3961.944088,3.341629184,3.577026008,3.77418806,500,3.118838938,3.397495271,3.674542
2022/7/26,NA,3.34593397,3.581100102,3.779448242,500,3.119264454,3.395323333,3.678251749
2022/7/27,500,3.353749989,3.585571061,3.781845526,500,3.11836023,3.394260233,3.6724677
2022/7/28,NA,3.356381687,3.589679086,3.787242439,NA,3.119082712,3.392586902,3.672064529
2022/7/29,NA,3.3625112,3.593078567,3.789925938,NA,3.118427706,3.392504045,3.674344939
2022/7/30,NA,3.366436746,3.597104396,3.79270124,NA,3.120156213,3.392264169,3.672664332
2022/7/31,NA,3.374309557,3.601788549,3.794939115,NA,3.121076878,3.392174057,3.671093191
2022/8/1,500,3.381914311,3.606145898,3.798202896,500,3.124716519,3.393346103,3.671933492
2022/8/2,500,3.386319309,3.610789166,3.804100653,500,3.12713681,3.394144311,3.672891821
2022/8/3,500,3.391362116,3.615860434,3.810123677,NA,3.132606556,3.39504997,3.674063122
2022/8/4,NA,3.396601843,3.620974683,3.81650745,NA,3.136060273,3.397021568,3.673434759
2022/8/5,NA,3.407172989,3.625547205,3.822054769,NA,3.138596568,3.399103266,3.6764286
2022/8/6,NA,3.416394587,3.630858779,3.828751355,NA,3.142281354,3.400255591,3.678687795
2022/8/7,NA,3.422574904,3.63765924,3.836428766,NA,3.149299192,3.403186319,3.683333716
2022/8/8,500,3.429693523,3.6446046,3.845093708,500,3.153045755,3.406650541,3.687666043
2022/8/9,500,3.437698839,3.650589973,3.85176786,500,3.158904243,3.409278806,3.688129221
2022/8/10,500,3.444305147,3.65670149,3.855928571,500,3.164443889,3.413963593,3.688862062
2022/8/11,NA,3.450299014,3.663350933,3.859360297,NA,3.172074367,3.418245469,3.690637122
2022/8/12,NA,3.458424793,3.670634733,3.866548561,NA,3.178124153,3.423342133,3.692809158
2022/8/13,NA,3.463260595,3.676576276,3.87123381,NA,3.185907055,3.428647587,3.695102973
2022/8/14,NA,3.473598351,3.682801912,3.879976155,NA,3.194397477,3.433689298,3.693920218
2022/8/15,500,3.480747639,3.689655032,3.886759531,500,3.202195742,3.439991902,3.699629895
2022/8/16,500,3.485686061,3.695541383,3.894993486,500,3.212179483,3.447706777,3.7039851
2022/8/17,2788.627557,3.490444349,3.701298487,3.899222515,500,3.222326575,3.455163348,3.708157258
2022/8/18,NA,3.498770048,3.707877016,3.904822303,NA,3.231914724,3.462622388,3.713457787
2022/8/19,NA,3.504526512,3.713606933,3.912110526,NA,3.242378678,3.470383731,3.719597851
2022/8/20,NA,3.510939787,3.718455658,3.918490888,NA,3.252554239,3.479197026,3.72682537
2022/8/21,NA,3.515967032,3.722436312,3.923966419,NA,3.263286177,3.488516634,3.732296694
2022/8/22,67063.10368,3.520854699,3.725562497,3.929753625,500,3.272517652,3.497140315,3.73708369
2022/8/23,500,3.520671139,3.726928839,3.930290205,500,3.282817499,3.505735648,3.743766081
2022/8/24,109523.6398,3.52178381,3.728804345,3.928284969,500,3.29392654,3.514620753,3.749850359
2022/8/25,NA,3.521758405,3.729930208,3.927355614,NA,3.30473346,3.52472861,3.751656251
2022/8/26,NA,3.523352704,3.729916726,3.927165887,NA,3.316863789,3.533718814,3.755789176
2022/8/27,NA,3.524413798,3.728775351,3.926102542,NA,3.325713737,3.543252306,3.763971576
2022/8/28,NA,3.524803999,3.727625958,3.924733842,NA,3.338838716,3.554063171,3.772105285
2022/8/29,3739.94575,3.525103606,3.725817194,3.919656318,500,3.349811325,3.563902435,3.777856501
2022/8/30,500,3.52546198,3.723612166,3.916421661,4839.012736,3.361378478,3.574000428,3.783759702
2022/8/31,500,3.523596884,3.722188552,3.912118499,5633.14834,3.372236582,3.582976053,3.790440234
2022/9/1,NA,3.521482926,3.721013477,3.908593303,NA,3.384917284,3.59186993,3.796811386
2022/9/2,NA,3.51952144,3.718741071,3.904584185,NA,3.399802238,3.601427125,3.803707784
2022/9/3,NA,3.518585557,3.716940824,3.899070188,NA,3.413263048,3.610918372,3.812117876
2022/9/4,NA,3.518947277,3.715519633,3.895555039,NA,3.42648443,3.620666258,3.821002577
2022/9/5,NA,3.519085665,3.714788904,3.891139533,NA,3.437092773,3.630839752,3.829130589
2022/9/6,500,3.517276493,3.713716635,3.886591683,500,3.448967855,3.641087977,3.837159896
2022/9/7,500,3.51751907,3.714270976,3.883169327,500,3.463019809,3.651182862,3.847454008
2022/9/8,NA,3.517479514,3.715197917,3.883085461,NA,3.474229604,3.662432531,3.858355028
2022/9/9,NA,3.516392338,3.715899417,3.882939024,NA,3.486781369,3.674627751,3.869384128
2022/9/10,NA,3.520235449,3.717813106,3.885052594,NA,3.500494805,3.687228944,3.883433489
2022/9/11,NA,3.521505574,3.72055963,3.886060357,NA,3.515805635,3.700901596,3.896644634
2022/9/12,500,3.523367997,3.724201632,3.889604281,500,3.532715391,3.715040189,3.910034647
2022/9/13,500,3.527876852,3.729226432,3.894276256,500,3.547955752,3.729694127,3.925524487
2022/9/14,500,3.533013735,3.733393535,3.898677101,500,3.563408892,3.745806845,3.940359987
2022/9/15,NA,3.541422341,3.73924177,3.90525225,NA,3.579114078,3.763226288,3.957096165
2022/9/16,NA,3.54964918,3.745821136,3.911505385,NA,3.597986059,3.779918805,3.975547358
2022/9/17,NA,3.558344541,3.752736072,3.918389762,NA,3.613747919,3.798583483,3.992508
2022/9/18,NA,3.568803843,3.761028266,3.926392188,NA,3.633090876,3.81825297,4.010412783
2022/9/19,500,3.579830925,3.771013684,3.936260323,500,3.654117258,3.839178251,4.027865207
2022/9/20,500,3.593626814,3.780368309,3.947048106,500,3.675755144,3.860053349,4.046263913
2022/9/21,12655.31265,3.606996606,3.790160466,3.957301635,9280.658904,3.695849505,3.882200553,4.0671768
2022/9/22,NA,3.621171757,3.802024711,3.967001995,NA,3.717248156,3.905896688,4.089562
2022/9/23,NA,3.634046565,3.814115464,3.977598715,NA,3.740150728,3.928813429,4.112194011
2022/9/24,NA,3.65161579,3.826862792,3.992932538,NA,3.765261966,3.953047856,4.133787771
2022/9/25,NA,3.66879396,3.839454391,4.006674688,NA,3.788680313,3.977606958,4.157660137
2022/9/26,4226.164133,3.686885738,3.852928196,4.019781823,500,3.811806302,4.003114502,4.182498211
2022/9/27,500,3.703739334,3.86701323,4.035440342,41819.80584,3.836920609,4.028355132,4.208590731
2022/9/28,2034.014628,3.71822559,3.881731569,4.051288686,500,3.86470727,4.054203754,4.233900357
2022/9/29,NA,3.73514812,3.897444771,4.067915925,NA,3.888783062,4.080516553,4.259319735
2022/9/30,NA,3.753849059,3.914073721,4.084893077,NA,3.915003743,4.105757661,4.28549779
2022/10/1,NA,3.77246248,3.931716066,4.104553342,NA,3.941466179,4.132468746,4.311293315
2022/10/2,NA,3.790412683,3.949463135,4.122835935,NA,3.967484326,4.157214643,4.337663965
2022/10/3,3704.680337,3.810126438,3.96750762,4.141007434,12044.01371,3.995054549,4.182660262,4.364256683
2022/10/4,500,3.830161437,3.985487947,4.159276887,57244.59981,4.019275555,4.208058355,4.390247263
2022/10/5,22987.62929,3.851858749,4.004084014,4.176379553,196342.5026,4.04095428,4.232065351,4.414805227
2022/10/6,NA,3.869292245,4.023263255,4.195011629,NA,4.065926738,4.256003696,4.440542004
2022/10/7,NA,3.888437161,4.042147541,4.217405393,NA,4.086303329,4.278991515,4.463634682
2022/10/8,NA,3.906534113,4.06170915,4.23592224,NA,4.107996092,4.301863486,4.48708937
2022/10/9,NA,3.924260651,4.080864661,4.254520333,NA,4.13057396,4.323962051,4.510534327
2022/10/10,12947.18671,3.9390965,4.099529343,4.272964351,3891.956445,4.153287253,4.345650098,4.533057062
2022/10/11,39755.59736,3.954562239,4.117686742,4.292293901,99137.05248,4.170189284,4.367122332,4.555092552
2022/10/12,29064.51543,3.971290351,4.137023507,4.310456418,86797.26918,4.189273758,4.387783102,4.574040677
2022/10/13,NA,3.987295964,4.154626743,4.329107804,NA,4.208692205,4.407580562,4.596450038
2022/10/14,NA,4.00355858,4.172915907,4.346206378,NA,4.225023051,4.425391661,4.614137023
2022/10/15,NA,4.019571172,4.190306708,4.362466213,NA,4.244399909,4.442589416,4.63093802
2022/10/16,NA,4.035620543,4.207675352,4.379996732,NA,4.259977642,4.459695864,4.650353955
2022/10/17,12577.29303,4.048916828,4.225200313,4.396266067,96843.68509,4.276287221,4.476226103,4.666789613
2022/10/18,24208.47505,4.061986895,4.241895129,4.41397204,199362.956,4.289785107,4.491520463,4.684526833
2022/10/19,43448.83713,4.074998425,4.258334334,4.430254426,34322.82777,4.303235768,4.506981794,4.700815721
2022/10/20,NA,4.088106454,4.273985762,4.448259139,NA,4.315658083,4.521237597,4.716202099
2022/10/21,NA,4.100006032,4.289266808,4.463279074,NA,4.328124661,4.535095745,4.730723607
2022/10/22,NA,4.109177328,4.303413365,4.477489528,NA,4.341512364,4.548353974,4.743670299
2022/10/23,NA,4.121297998,4.317313173,4.489553805,NA,4.353039257,4.560385276,4.760123792
2022/10/24,31300.1668,4.133279344,4.33115612,4.503300875,14030.16475,4.364340792,4.571870627,4.770112153
2022/10/25,78740.53021,4.143689668,4.34355859,4.513829351,56981.91233,4.37625892,4.583410596,4.782221159
2022/10/26,54996.03795,4.155099004,4.356632578,4.527921003,101395.5371,4.386426221,4.594136613,4.793655415
2022/10/27,NA,4.166345181,4.368172013,4.539700188,NA,4.397169907,4.603428436,4.803212596
2022/10/28,NA,4.176540848,4.379191011,4.550354558,NA,4.40551874,4.612027073,4.812813595
2022/10/29,NA,4.185192097,4.390299719,4.561244909,NA,4.412477437,4.621685474,4.818910331
2022/10/30,NA,4.196314253,4.400812983,4.572185517,NA,4.41745959,4.629632434,4.82582672
2022/10/31,13636.03604,4.207426241,4.410822765,4.583018312,54994.53552,4.424322611,4.636500378,4.832858763
2022/11/1,34707.88372,4.216368607,4.419600071,4.592922436,62457.39032,4.429590127,4.643717412,4.839645802
2022/11/2,68973.61991,4.228812754,4.428127046,4.60286361,89642.06363,4.434951462,4.649906287,4.847712887
2022/11/3,NA,4.236516655,4.437138086,4.611804852,NA,4.438632067,4.655386497,4.854435663
2022/11/4,NA,4.242789609,4.445357965,4.620596425,NA,4.442725008,4.660385473,4.857949275
2022/11/5,NA,4.253317701,4.453818311,4.628627158,NA,4.445193308,4.665642986,4.86193033
2022/11/6,NA,4.262197273,4.460459687,4.636526731,NA,4.446232326,4.67058464,4.867758489
2022/11/7,62813.11281,4.268735973,4.468764827,4.644437744,37712.70116,4.450571891,4.674674272,4.871857456
2022/11/8,31103.85045,4.27659679,4.476466694,4.653729211,41445.59775,4.451142512,4.677659995,4.875860708
2022/11/9,17767.58427,4.28287886,4.482697298,4.661066077,541128.6866,4.450377549,4.680644112,4.876116105
2022/11/10,NA,4.290341792,4.48877856,4.669131383,NA,4.450152534,4.682868673,4.879467952
2022/11/11,NA,4.297440099,4.49482707,4.678457305,NA,4.449545328,4.685492012,4.881895794
2022/11/12,NA,4.302559835,4.499981798,4.687786819,NA,4.448505618,4.686970678,4.883446152
2022/11/13,NA,4.310166467,4.505328159,4.694729591,NA,4.449462368,4.687668608,4.883352023
2022/11/14,33902.4258,4.316418718,4.509797802,4.701916462,NA,4.449345586,4.687247139,4.884700106
2022/11/15,71410.11102,4.321753766,4.515112658,4.706647012,52250.05782,4.452076388,4.68842569,4.88268911
2022/11/16,NA,4.32585682,4.519022568,4.713618799,56620.58621,4.452988934,4.688542819,4.883690367
2022/11/17,NA,4.330434543,4.523241626,4.720155771,NA,4.453082731,4.688263975,4.885009331
2022/11/18,NA,4.334503672,4.527689381,4.724251346,NA,4.453082398,4.687143392,4.882949544
2022/11/19,NA,4.339272768,4.530719274,4.72818613,NA,4.452059195,4.685746455,4.884402621
2022/11/20,NA,4.340851878,4.533030363,4.732754537,NA,4.451091153,4.684588328,4.884353445
2022/11/21,38563.83537,4.345215562,4.536104502,4.736722441,70230.43286,4.449796891,4.68242654,4.882162675
2022/11/22,82465.68796,4.345680753,4.538850043,4.738760096,178255.2373,4.449661831,4.679372569,4.878456719
2022/11/23,93365.35759,4.348519905,4.54079029,4.740047933,52431.20464,4.449084981,4.67677885,4.876641207
2022/11/24,NA,4.348627007,4.542355334,4.739970581,NA,4.446008904,4.673904268,4.874395792
2022/11/25,NA,4.34972432,4.543176939,4.740432118,NA,4.444027112,4.67097141,4.871044298
2022/11/26,NA,4.349187269,4.543118399,4.739216114,NA,4.444253029,4.667892367,4.866308602
2022/11/27,NA,4.349433061,4.543578582,4.73596033,NA,4.438169648,4.663784753,4.862781285
2022/11/28,79390.60426,4.349475954,4.543253481,4.735631757,54354.82853,4.43511433,4.659193884,4.859328398
2022/11/29,91230.14957,4.350807152,4.542313267,4.733422074,123368.3047,4.434095272,4.653931436,4.852132422
2022/11/30,118843.6765,4.351075447,4.541156621,4.730736448,107748.3245,4.43127161,4.648182456,4.845944224
2022/12/1,NA,4.349908778,4.538877979,4.730581517,NA,4.427148208,4.641344142,4.837149056
2022/12/2,NA,4.348069469,4.53577602,4.725960321,NA,4.422840794,4.634502198,4.829576989
2022/12/3,NA,4.344773512,4.533124131,4.723428393,NA,4.417443678,4.627003299,4.822610314
2022/12/4,NA,4.345274236,4.530266347,4.719936889,NA,4.411707184,4.619190285,4.817017681
2022/12/5,7624.276926,4.344070628,4.526947329,4.71709426,63533.02491,4.405102604,4.610945985,4.809471586
2022/12/6,26149.08681,4.339647742,4.523943177,4.714777751,161459.0355,4.399146428,4.603278851,4.802558061
2022/12/7,181834.4265,4.336984805,4.52090512,4.712377049,298541.0154,4.393960942,4.594379047,4.793376664
2022/12/8,NA,4.333621839,4.516619169,4.710250066,NA,4.385417211,4.584573111,4.784133094
2022/12/9,NA,4.329198956,4.513192613,4.707606607,NA,4.374965228,4.575426094,4.775355336
2022/12/10,NA,4.32160023,4.508956661,4.705379865,NA,4.364533227,4.564682305,4.762908832
2022/12/11,NA,4.31381574,4.505134275,4.7027735,NA,4.351985159,4.553729143,4.754298206
2022/12/12,65307.42558,4.307274347,4.500922732,4.696831401,51776.20635,4.339445769,4.542960517,4.7408601
2022/12/13,79753.82487,4.299973034,4.496983953,4.693831965,267881.9283,4.329677442,4.532959415,4.730921431
2022/12/14,37138.07,4.289409418,4.4917954,4.687791138,12813.24474,4.319898594,4.521904399,4.722264656
2022/12/15,NA,4.282496316,4.486199275,4.683309465,NA,4.307061651,4.511687261,4.711835766
2022/12/16,NA,4.276902235,4.481756012,4.677951896,NA,4.294192269,4.501094521,4.703049818
2022/12/17,NA,4.268778444,4.476778115,4.672557182,NA,4.281914925,4.490760433,4.693912477
2022/12/18,NA,4.258355048,4.472141885,4.66506727,NA,4.272565574,4.480901062,4.686449359
2022/12/19,27318.50446,4.251169312,4.46653252,4.659170873,29195.11679,4.26395566,4.470244756,4.676542346
2022/12/20,57991.68845,4.243240657,4.460554998,4.654209668,21370.20684,4.251653809,4.459914802,4.667616861
2022/12/21,NA,4.235205347,4.455237425,4.64623482,3938.763201,4.243147903,4.451235905,4.659873169
2022/12/22,NA,4.228798699,4.449972193,4.639636786,NA,4.233430245,4.442222707,4.649808691
2022/12/23,NA,4.224427285,4.444108631,4.634195566,NA,4.226966866,4.433888024,4.640313891
2022/12/24,NA,4.218669507,4.438552226,4.63192537,NA,4.219933658,4.426854694,4.630771937
2022/12/25,NA,4.214477704,4.432548181,4.624297185,NA,4.211454612,4.4192604,4.623825438
2022/12/26,NA,4.209806466,4.425908249,4.616849039,NA,4.205690578,4.411315209,4.616892887
2022/12/27,16674.01557,4.204637971,4.419565202,4.608973407,23950.6478,4.201554582,4.405495022,4.608649038
2022/12/28,7822.553991,4.1985356,4.413058921,4.600947609,8385.428027,4.195828091,4.39990535,4.602447133
2022/12/29,NA,4.193344035,4.408140273,4.595040574,NA,4.193639199,4.394064202,4.595065662
2022/12/30,NA,4.185578989,4.401671676,4.588141401,NA,4.188926498,4.389206761,4.588948342
2022/12/31,NA,4.181015636,4.396428371,4.580822726,NA,4.185267678,4.38435244,4.582382769
2023/1/1,NA,4.176372569,4.390451579,4.573881784,NA,4.181398069,4.379568419,4.578965991
2023/1/2,NA,4.168919334,4.383848777,4.566427859,NA,4.178691949,4.374370605,4.573571172
2023/1/3,39551.28459,4.166177727,4.378094233,4.560872514,25658.23295,4.176343869,4.368147465,4.568424183
2023/1/4,445179.6735,4.159361053,4.370408193,4.553096622,80577.3627,4.171542499,4.362612134,4.56315225
2023/1/5,NA,4.154122038,4.363385298,4.545977568,NA,4.169256139,4.357583173,4.557149345
2023/1/6,NA,4.149116831,4.355415746,4.536965854,NA,4.162756512,4.350902437,4.55102693
2023/1/7,NA,4.144779843,4.347158965,4.527525078,NA,4.159285326,4.345617582,4.546052338
2023/1/8,NA,4.140690804,4.338868779,4.519572802,NA,4.154120034,4.339229703,4.538157415
2023/1/9,51020.93352,4.132546959,4.330323132,4.510530754,70357.52182,4.14830949,4.33290477,4.52955133
2023/1/10,24478.06705,4.125697113,4.321047826,4.502595769,48638.66624,4.143502064,4.326201884,4.520852559
2023/1/11,17775.60234,4.119577482,4.311940987,4.492740399,108724.68,4.138842079,4.318611298,4.511584605
2023/1/12,NA,4.11026937,4.302409999,4.484254326,NA,4.134418894,4.311598341,4.502059593
2023/1/13,NA,4.102706709,4.292301067,4.474188912,NA,4.125625655,4.302973873,4.493903195
2023/1/14,NA,4.094792996,4.28224164,4.466266728,NA,4.117906743,4.29366947,4.48203987
2023/1/15,NA,4.085845582,4.272571774,4.455569646,NA,4.109653145,4.283086896,4.470016399
2023/1/16,NA,4.078796762,4.262752221,4.445108183,NA,4.099395963,4.273983199,4.458038734
2023/1/17,53319.08532,4.070286489,4.252580577,4.434661104,20956.35948,4.087211909,4.263034682,4.445545174
2023/1/18,6092.718046,4.061784429,4.241754957,4.424083031,20099.0967,4.077769903,4.252232984,4.433641079
2023/1/19,12293.88405,4.052677574,4.230686813,4.413589163,16546.98621,4.067622344,4.241295189,4.42067665
2023/1/20,25942.9872,4.044185951,4.220752102,4.398314206,31734.63593,4.055131519,4.229440631,4.409573775
2023/1/21,NA,4.033103359,4.209994336,4.388370993,NA,4.043533089,4.21772344,4.394619804
2023/1/22,NA,4.023235845,4.198593109,4.376702356,NA,4.030147308,4.204415273,4.380457556
2023/1/23,54327.5663,4.012243399,4.187129107,4.365891576,26875.03432,4.017410131,4.191115713,4.36619007
2023/1/24,10471.37048,3.99993103,4.17584392,4.352088082,11717.21485,4.004394994,4.178665336,4.35002419
2023/1/25,16017.72415,3.986986137,4.164692465,4.339028641,10352.76542,3.991631675,4.166024329,4.336187299
2023/1/26,NA,3.9769883,4.152293428,4.327275214,NA,3.97796888,4.152516978,4.323947442
2023/1/27,NA,3.963479415,4.140522174,4.3155127,NA,3.964104552,4.139049674,4.313289067
2023/1/28,NA,3.950414737,4.128557506,4.302795094,NA,3.950141668,4.125674802,4.299171858
2023/1/29,NA,3.938473697,4.117621013,4.293072222,NA,3.937785374,4.11225548,4.287436922
2023/1/30,500,3.927870418,4.106178935,4.279680545,19019.15113,3.925215577,4.098319914,4.272120439
2023/1/31,20496.39339,3.915188006,4.094137102,4.268453487,500,3.911572545,4.084894889,4.257171641
2023/2/1,25123.63403,3.902440072,4.082308412,4.256726922,10401.20313,3.898266765,4.0721858,4.245235928
2023/2/2,NA,3.890685392,4.070874312,4.244878134,NA,3.88411447,4.05951566,4.229790149
2023/2/3,NA,3.87992524,4.059854675,4.232086686,NA,3.869952636,4.047504565,4.217672006
2023/2/4,NA,3.869263952,4.048313458,4.21960827,NA,3.854942325,4.034913034,4.205054352
2023/2/5,NA,3.858708492,4.037713035,4.209161267,NA,3.842428692,4.023881677,4.193774899
2023/2/6,41097.68484,3.848918012,4.026932555,4.199103652,500,3.830248657,4.012564313,4.180854233
2023/2/7,10922.19778,3.837401415,4.016760446,4.186307057,4064.138419,3.81698415,4.001069633,4.171617191
2023/2/8,6350.602561,3.828852158,4.005657897,4.17536941,10633.6489,3.806611464,3.990020275,4.162150049
2023/2/9,NA,3.818321258,3.995142716,4.164898539,NA,3.795910488,3.979444845,4.150961429
2023/2/10,NA,3.80692218,3.985429066,4.154585295,NA,3.786876796,3.969945509,4.142004016
2023/2/11,NA,3.796335955,3.976779798,4.147230102,NA,3.773050539,3.960001799,4.13338989
2023/2/12,NA,3.786994788,3.967548102,4.138995271,NA,3.759742892,3.950679934,4.124091472
2023/2/13,500,3.777367268,3.959296049,4.131844889,500,3.748613057,3.941351466,4.11647049
2023/2/14,500,3.770495661,3.952267942,4.123058026,45942.76177,3.739695025,3.932010777,4.107907981
2023/2/15,6676.654623,3.765329968,3.94533206,4.115604509,12441.13006,3.731996183,3.923352394,4.099878411
2023/2/16,NA,3.759069157,3.938687507,4.10881183,NA,3.719381096,3.913815533,4.090222449
2023/2/17,NA,3.753456691,3.932874368,4.101626696,NA,3.707345216,3.90522197,4.083460489
2023/2/18,NA,3.74803821,3.92739361,4.095161009,NA,3.700301527,3.896391386,4.076709073
2023/2/19,NA,3.742670614,3.922787854,4.09199161,NA,3.691875355,3.887914085,4.069996737
2023/2/20,NA,3.737593349,3.919247166,4.088843635,NA,3.685176286,3.880419214,4.064865237
2023/2/21,4930.652144,3.732787641,3.916060793,4.085492932,8641.389245,3.680998925,3.872879914,4.057736279
2023/2/22,4222.462332,3.729124717,3.913170448,4.082460157,500,3.673904763,3.865741559,4.051972468
2023/2/23,500,3.726325272,3.910345372,4.079737573,500,3.66672894,3.859147013,4.047480931
2023/2/24,NA,3.724807622,3.908117891,4.079619208,NA,3.662549516,3.853967045,4.042495389
2023/2/25,NA,3.724647166,3.905749717,4.077564756,NA,3.657645727,3.848678908,4.036748037
2023/2/26,NA,3.723275454,3.904545581,4.076454749,NA,3.655163674,3.844058849,4.033429099
2023/2/27,9702.194549,3.721252166,3.903712279,4.074823453,500,3.652659242,3.840552051,4.031151776
2023/2/28,500,3.720426591,3.903184436,4.074130364,500,3.649998994,3.836762317,4.028876906
2023/3/1,500,3.719812587,3.902987227,4.073951961,500,3.648276281,3.833956204,4.025774885
2023/3/2,NA,3.720650067,3.903077674,4.072400804,NA,3.647017751,3.831259816,4.024158537
2023/3/3,NA,3.721211869,3.902496511,4.071209333,NA,3.645156059,3.829606461,4.021195851
2023/3/4,NA,3.721739706,3.902550602,4.069093136,NA,3.64674293,3.82864089,4.016816787
2023/3/5,NA,3.723580029,3.901455378,4.069293604,NA,3.647486262,3.827301668,4.015739038
2023/3/6,69190.45921,3.724055552,3.900744615,4.068054305,29044.91378,3.6469926,3.82708785,4.014119298
2023/3/7,6862.36057,3.723167668,3.899835148,4.064478967,500,3.648579433,3.825442739,4.013791532
2023/3/8,500,3.721825879,3.897573374,4.064481116,500,3.647645163,3.824483587,4.012063714
2023/3/9,NA,3.720350115,3.895540378,4.061455544,NA,3.647409737,3.824045265,4.011287728
2023/3/10,NA,3.719513236,3.892900798,4.059676218,NA,3.64651554,3.822841459,4.00903176
2023/3/11,NA,3.717421257,3.889984095,4.056467018,NA,3.645223948,3.820475568,4.009033909
2023/3/12,NA,3.712599045,3.886792825,4.051204303,NA,3.641397272,3.819979295,4.005808254
2023/3/13,6349.03424,3.713319016,3.883035846,4.04734278,3589.372151,3.636959409,3.81776479,4.002337159
2023/3/14,49125.79646,3.709410841,3.878900624,4.044248321,12624.02081,3.634168568,3.816195715,4.000322107
2023/3/15,7559.240349,3.703840913,3.873214839,4.03952285,11172.94335,3.629437715,3.812839903,3.99769117
2023/3/16,NA,3.697451988,3.866371327,4.033763976,NA,3.625849813,3.80913032,3.992986573
2023/3/17,NA,3.690449458,3.858852651,4.026962601,NA,3.62047966,3.805199498,3.988162942
2023/3/18,NA,3.68269596,3.851316778,4.020119261,NA,3.616850132,3.799603303,3.981818482
2023/3/19,NA,3.673296249,3.843298751,4.012264378,NA,3.610798672,3.794184124,3.976757134
2023/3/20,8909.496289,3.663396338,3.834521852,4.004320291,4255.677626,3.60474599,3.787359543,3.971893896
2023/3/21,500,3.650480536,3.824826745,3.994761551,500,3.596200785,3.780038379,3.965828803
2023/3/22,500,3.638819279,3.815199108,3.986442503,500,3.587752917,3.772539559,3.960406203
2023/3/23,NA,3.622921855,3.804838684,3.976622978,NA,3.577540122,3.766524409,3.953576537
2023/3/24,NA,3.610717474,3.794765719,3.967442519,NA,3.569900725,3.757813586,3.945417012
2023/3/25,NA,3.599185978,3.783858116,3.96025954,NA,3.56154024,3.750058335,3.938080451
2023/3/26,NA,3.585527981,3.773650748,3.951011516,NA,3.551042986,3.742311146,3.932041812
2023/3/27,9614.795096,3.572152063,3.762028269,3.940039746,2940.064501,3.541557882,3.734300292,3.922269367
2023/3/28,500,3.557743111,3.750338703,3.929430371,2504.517724,3.531413367,3.725426014,3.915862281
2023/3/29,4484.856112,3.543684141,3.738259442,3.916943566,500,3.521355384,3.715998211,3.907704585
2023/3/30,NA,3.527573993,3.726041342,3.906751195,NA,3.512583789,3.705643544,3.900632728
2023/3/31,NA,3.515508155,3.714946647,3.896084803,NA,3.502401854,3.696562765,3.894535769
2023/4/1,NA,3.502246735,3.703520717,3.88423715,NA,3.490345962,3.686511534,3.885548137
2023/4/2,NA,3.486161744,3.691581866,3.872566099,NA,3.475859106,3.676982535,3.87726249
2023/4/3,500,3.470861026,3.679376807,3.860439718,5079.752286,3.462310843,3.667033662,3.867065885
2023/4/4,500,3.457298003,3.667589336,3.849127268,500,3.449995485,3.657280948,3.858782664
2023/4/5,500,3.440683933,3.655468684,3.838868854,500,3.437544108,3.647917927,3.852694957
2023/4/6,NA,3.425541006,3.644459361,3.828688982,NA,3.426926149,3.636908636,3.843912658
2023/4/7,NA,3.409656075,3.632980981,3.819586666,NA,3.415934004,3.627139614,3.836705545
2023/4/8,NA,3.39725612,3.622852637,3.809316141,NA,3.406409341,3.618387557,3.828222654
2023/4/9,NA,3.384513032,3.611373569,3.799621832,NA,3.395999168,3.609684954,3.81976747
2023/4/10,500,3.373491352,3.600997295,3.790100416,500,3.387312374,3.600993973,3.811958784
2023/4/11,500,3.361358048,3.590473544,3.781960359,500,3.380117509,3.592790056,3.804489789
2023/4/12,500,3.34839722,3.580610262,3.773471597,500,3.371755017,3.586373275,3.796204924
2023/4/13,NA,3.337830786,3.570804689,3.765214449,NA,3.361439506,3.580080486,3.793116206
2023/4/14,NA,3.328895309,3.562192027,3.757180129,NA,3.353131967,3.574019732,3.787285305
2023/4/15,NA,3.318321275,3.552939436,3.751400599,NA,3.345678314,3.568430645,3.781937515
2023/4/16,NA,3.308377832,3.544700285,3.744890677,NA,3.337905434,3.563502041,3.777423726
2023/4/17,500,3.300744686,3.537325203,3.736631068,500,3.332380275,3.558404114,3.772748707
2023/4/18,500,3.293140939,3.529805714,3.729017795,500,3.32341287,3.554099556,3.769687523
2023/4/19,500,3.284702627,3.522794705,3.721409014,500,3.319967605,3.550327949,3.767102287
2023/4/20,NA,3.274967271,3.516667112,3.717336019,NA,3.317503921,3.547332917,3.763980663
2023/4/21,NA,3.266957938,3.510530807,3.71178962,NA,3.313406736,3.545637037,3.7629942
2023/4/22,NA,3.262678654,3.502562052,3.704750764,NA,3.31149426,3.544469941,3.758306968
2023/4/23,NA,3.255531769,3.495116461,3.698829875,NA,3.308092862,3.543600818,3.755367606
2023/4/24,500,3.246338845,3.488513548,3.691438865,500,3.308467404,3.543913716,3.754208498
2023/4/25,7373.25312,3.238805585,3.481513057,3.685054794,500,3.308796628,3.544056466,3.753187499
2023/4/26,500,3.231583211,3.475028626,3.676918533,500,3.30600981,3.544866711,3.750932065
2023/4/27,NA,3.224484269,3.466950857,3.669593313,NA,3.305729589,3.547132372,3.752090995
2023/4/28,NA,3.216005116,3.458365454,3.662311503,NA,3.309224361,3.548914844,3.753223421
2023/4/29,NA,3.206010219,3.45176143,3.656868249,NA,3.314441235,3.552490121,3.755371724
2023/4/30,NA,3.1994603,3.444964523,3.648169757,NA,3.318201034,3.555222635,3.758571849
2023/5/1,500,3.193070516,3.438732498,3.641946176,500,3.323531431,3.55907369,3.760709136
2023/5/2,500,3.182706746,3.432369744,3.636100831,500,3.326695806,3.563579564,3.76496549
2023/5/3,500,3.173990769,3.425610871,3.629819993,500,3.334255281,3.567769301,3.767817317
2023/5/4,NA,3.165241892,3.418820206,3.624880558,NA,3.33682413,3.571992215,3.772291905
2023/5/5,NA,3.15853022,3.413071926,3.621992214,NA,3.343814347,3.576503704,3.777143084
2023/5/6,NA,3.152305614,3.406737928,3.619344426,NA,3.349961659,3.582063803,3.778809782
2023/5/7,NA,3.144320208,3.401794472,3.617136016,NA,3.35728345,3.587230702,3.783570895
2023/5/8,500,3.135832326,3.396687522,3.614534791,4608.077203,3.365717182,3.592592993,3.787370769
2023/5/9,500,3.131093104,3.390819037,3.607845019,500,3.373347324,3.597753892,3.792374952
2023/5/10,500,3.126677582,3.386144247,3.605030911,500,3.379039053,3.603790547,3.795985135
2023/5/11,NA,3.121811384,3.381309885,3.603405265,NA,3.387983791,3.609208845,3.800482683
2023/5/12,NA,3.11886677,3.376618205,3.599049472,NA,3.394777247,3.615368625,3.809186114
2023/5/13,NA,3.115510586,3.371833755,3.59790583,NA,3.400705618,3.620110281,3.815679296
2023/5/14,NA,3.114247514,3.36824507,3.59912296,NA,3.404332872,3.625039363,3.820323254
2023/5/15,500,3.109223029,3.365055014,3.599502595,500,3.411008247,3.63044352,3.823451247
2023/5/16,500,3.104650955,3.362558582,3.599231764,7144.994199,3.417064275,3.635898265,3.827771001
2023/5/17,500,3.09989722,3.358779037,3.602970406,500,3.422685486,3.640026363,3.835601453
2023/5/18,NA,3.094577548,3.357184634,3.605244951,NA,3.424970518,3.64455929,3.839916348
2023/5/19,NA,3.093630291,3.355642573,3.604592704,NA,3.430544713,3.648909696,3.842691935
2023/5/20,NA,3.090555901,3.353895761,3.606296757,NA,3.433663252,3.653217259,3.846674522
2023/5/21,NA,3.089500861,3.353039201,3.609299097,NA,3.435703313,3.658117652,3.850053845
2023/5/22,500,3.0844949,3.351865141,3.608820516,500,3.436287775,3.661621339,3.855530182
2023/5/23,500,3.077565394,3.351827027,3.611923398,500,3.438674603,3.665410251,3.861671525
2023/5/24,500,3.075647957,3.352502503,3.618406375,500,3.441343721,3.669629368,3.866350395
2023/5/25,NA,3.069665574,3.353818782,3.621193623,NA,3.442524416,3.673278964,3.872288867
2023/5/26,NA,3.06665284,3.354347168,3.624927068,NA,3.441258726,3.676901501,3.879255903
2023/5/27,NA,3.06600804,3.354682532,3.630298049,NA,3.441147484,3.67944215,3.884283619
2023/5/28,NA,3.064737296,3.356288818,3.637606732,NA,3.441384651,3.68212936,3.89108041
2023/5/29,NA,3.067651585,3.357011146,3.640339681,NA,3.439364927,3.684320264,3.895661382
2023/5/30,500,3.066801094,3.358527227,3.646952769,500,3.436793504,3.686222295,3.902210874
2023/5/31,500,3.068522735,3.360273782,3.651243878,19701.6221,3.434176981,3.686883393,3.90973049
2023/6/1,NA,3.066495233,3.362701184,3.655399922,NA,3.428447718,3.686737773,3.917283538
2023/6/2,NA,3.069466952,3.363698028,3.662154961,NA,3.427877995,3.686069848,3.92563288
2023/6/3,NA,3.068460182,3.366509408,3.667840599,NA,3.423265339,3.686384828,3.930247506
2023/6/4,NA,3.067146279,3.368454117,3.672598857,NA,3.421281935,3.686276499,3.936836645
2023/6/5,500,3.06747272,3.371228842,3.676038131,500,3.416636651,3.684959585,3.942880444
2023/6/6,500,3.068684552,3.373488265,3.682031467,500,3.413667623,3.683496504,3.947307925
2023/6/7,500,3.069348346,3.375929088,3.689571769,500,3.411120992,3.682103019,3.94940194
2023/6/8,NA,3.068545544,3.37912521,3.690955333,NA,3.409010287,3.680345204,3.952523851
2023/6/9,NA,3.06757541,3.382506298,3.696923411,NA,3.406733286,3.677480592,3.955623928
2023/6/10,NA,3.06857619,3.384793658,3.704472648,NA,3.40339626,3.674755101,3.958708097
2023/6/11,NA,3.071059774,3.388554274,3.710158944,NA,3.394798736,3.67314927,3.959261943
2023/6/12,500,3.070712066,3.391489438,3.71398002,2010.957071,3.388931243,3.669666095,3.960918186
2023/6/13,500,3.073259977,3.395743,3.71909933,500,3.381504578,3.665777919,3.960100152
2023/6/14,500,3.070724644,3.399927303,3.72644111,500,3.373022159,3.662954019,3.95787859
2023/6/15,NA,3.069717669,3.403329294,3.731192518,NA,3.365875619,3.658927413,3.957591271
2023/6/16,NA,3.071232766,3.407713618,3.735558367,NA,3.357828757,3.655840116,3.956768804
2023/6/17,NA,3.065404542,3.411059112,3.742877629,NA,3.345441497,3.651684906,3.956598107
2023/6/18,NA,3.065187794,3.413329895,3.752583333,NA,3.337198324,3.649036351,3.959441855
2023/6/19,500,3.066669378,3.415961426,3.75864305,500,3.329655751,3.645810601,3.960310836
2023/6/20,500,3.064200777,3.418731094,3.765703224,500,3.320584377,3.642839154,3.960902495
2023/6/21,500,3.065576091,3.421646176,3.769898946,500,3.31179409,3.639996443,3.958427647
2023/6/22,NA,3.065443673,3.42593542,3.774348859,NA,3.301062137,3.635879127,3.957736838
2023/6/23,NA,3.066367558,3.429043558,3.780074407,NA,3.292759449,3.630367295,3.953665082
2023/6/24,NA,3.066911029,3.432216735,3.786740885,NA,3.286321695,3.626130425,3.952752769
2023/6/25,NA,3.068157176,3.433440882,3.79072332,NA,3.279032952,3.62058648,3.953020358
2023/6/26,500,3.061176701,3.434507629,3.793372095,500,3.269633097,3.615155989,3.950479004
2023/6/27,500,3.061477551,3.436777067,3.795841352,500,3.259395363,3.611536852,3.949822353
2023/6/28,500,3.060678073,3.439590595,3.797727001,500,3.250270171,3.606609739,3.950334902
2023/6/29,NA,3.06007685,3.440209672,3.799096351,NA,3.239621888,3.6018311,3.949502257
2023/6/30,NA,3.05904434,3.442960213,3.797188007,NA,3.231087487,3.597113911,3.947474141
2023/7/1,NA,3.059588117,3.444770879,3.801232897,NA,3.222238629,3.593138416,3.944877131
2023/7/2,NA,3.059130351,3.447091989,3.805021705,NA,3.210891721,3.587372612,3.946911981
2023/7/3,3467.012597,3.062459755,3.450459917,3.802231778,500,3.199697718,3.583002158,3.944757857
2023/7/4,NA,3.063303219,3.452011919,3.80588725,NA,3.189468745,3.578636554,3.946790635
2023/7/5,500,3.060064706,3.453713147,3.811213844,500,3.178838843,3.574102197,3.943995117
2023/7/6,NA,3.063042954,3.456385402,3.814434068,NA,3.169347842,3.568971169,3.944972208
2023/7/7,NA,3.057636926,3.458397445,3.820763236,NA,3.15311418,3.563766472,3.947203398
2023/7/8,NA,3.054760154,3.460712518,3.824215619,NA,3.144121597,3.559368088,3.94707693
2023/7/9,NA,3.051103096,3.462850289,3.829133243,NA,3.131758883,3.554270166,3.949695623
2023/7/10,500,3.048903401,3.464548975,3.842522288,500,3.124086421,3.550129276,3.950267814
2023/7/11,500,3.040808365,3.46558026,3.849844926,500,3.106251193,3.544601622,3.952331158
2023/7/12,NA,3.035257336,3.467612293,3.855593103,NA,3.100370443,3.540793718,3.950514308
2023/7/13,500,3.028745074,3.468726364,3.863405,500,3.085190451,3.535350896,3.949576716
2023/7/14,NA,3.023377851,3.471789137,3.872783568,NA,3.072900917,3.529935289,3.950513344
2023/7/15,NA,3.011417394,3.472870209,3.8809123,NA,3.058368998,3.524095022,3.957865992
2023/7/16,NA,3.005258423,3.474502748,3.894905865,NA,3.048295563,3.518924133,3.965151227
2023/7/17,500,2.993047833,3.476693345,3.910388811,500,3.035761592,3.515095726,3.971345939
2023/7/18,5980.103848,2.978668115,3.477141566,3.923982538,500,3.020360478,3.511945246,3.979863935
2023/7/19,500,2.962378057,3.47917578,3.936694119,5712.175855,3.00552934,3.507239634,3.982706698
2023/7/20,NA,2.950375,3.479866048,3.950598594,NA,2.983307511,3.501887959,3.994847664
2023/7/21,NA,2.935671237,3.481010775,3.9625622,NA,2.965878123,3.497298843,4.00664232
2023/7/22,NA,2.922707794,3.482914397,3.977919997,NA,2.944092639,3.492798842,4.014620144
2023/7/23,NA,2.903347157,3.485936728,3.995961607,NA,2.921458693,3.487622555,4.025069038
2023/7/24,500,2.887554723,3.48667422,4.016768176,500,2.901260884,3.484347057,4.03830357
2023/7/25,500,2.873416004,3.48792856,4.035089841,500,2.875532773,3.482334915,4.050736663
2023/7/26,500,2.855532949,3.490052001,4.054924446,500,2.852005186,3.478554055,4.061614066
2023/7/27,NA,2.836715495,3.491718924,4.077144303,NA,2.825740018,3.474671288,4.075719348
2023/7/28,NA,2.814527091,3.491489135,4.098223358,NA,2.799750998,3.470069901,4.08945223
2023/7/29,NA,2.7966356,3.49146676,4.119342479,NA,2.776644729,3.466642557,4.104903657
2023/7/30,NA,2.778507279,3.490951547,4.13794721,NA,2.749257472,3.461949336,4.122592778
2023/7/31,NA,2.76151634,3.49424318,4.162904241,NA,2.720943197,3.459986346,4.142827737
2023/8/1,NA,2.73922123,3.496865582,4.188136034,NA,2.691809087,3.454607282,4.161884025
