date,low_eastern,med_eastern,upr_eastern,low_north,med_north,upr_north,low_south,med_south,upr_south
2022/1/8,0.812681728,1.01884586,1.262937875,0.820688073,1.024081446,1.266114131,0.81955212,1.038149474,1.305596354
2022/1/9,0.816878546,1.019618781,1.257743722,0.824582609,1.024025631,1.261314334,0.824789705,1.036581061,1.297524572
2022/1/10,0.820318218,1.020093841,1.250330136,0.827329585,1.024635903,1.259126401,0.828833481,1.036116711,1.29349753
2022/1/11,0.822242341,1.020720427,1.245237151,0.828396169,1.025756284,1.25363732,0.836089349,1.037179141,1.288491972
2022/1/12,0.822129376,1.021192297,1.239167241,0.831851876,1.025502624,1.250657539,0.84445468,1.037678057,1.281656649
2022/1/13,0.823682444,1.021038536,1.233985218,0.834513022,1.024456336,1.248092468,0.844001292,1.037215881,1.275811904
2022/1/14,0.822908499,1.021114885,1.231042363,0.838138963,1.023696869,1.239116234,0.847732349,1.037191121,1.26896003
2022/1/15,0.82998416,1.020339578,1.227330939,0.840555205,1.022782141,1.234635655,0.851010773,1.037120677,1.265134214
2022/1/16,0.8328937,1.021236525,1.224165702,0.844086547,1.022939473,1.231168831,0.853203631,1.03694696,1.257947275
2022/1/17,0.835124878,1.021104847,1.217222749,0.848177913,1.023229887,1.228766592,0.858655101,1.037630174,1.255259255
2022/1/18,0.839695873,1.021136171,1.21332772,0.852110438,1.022963776,1.22128221,0.861731872,1.036776408,1.249601148
2022/1/19,0.843769886,1.020592488,1.208956324,0.856213055,1.022905509,1.218497931,0.866022777,1.036585785,1.242356225
2022/1/20,0.847961072,1.021761466,1.203676583,0.858236097,1.022530911,1.216156432,0.868090293,1.03584869,1.233571121
2022/1/21,0.849224636,1.02170702,1.199208687,0.861606522,1.022721951,1.216742144,0.870919535,1.035671308,1.232039068
2022/1/22,0.852560222,1.021423556,1.198584328,0.866190294,1.022674647,1.20803784,0.873368275,1.036287117,1.228883349
2022/1/23,0.857335579,1.021565485,1.195895851,0.870085727,1.022591046,1.204107664,0.876301822,1.037044267,1.223253744
2022/1/24,0.861305196,1.021686683,1.193941644,0.8723706,1.022154698,1.19971036,0.879177004,1.037997222,1.218988438
2022/1/25,0.863806046,1.02092915,1.190983008,0.876100867,1.02187989,1.195899637,0.881019963,1.037987538,1.215196416
2022/1/26,0.865298575,1.020996425,1.185879517,0.879961542,1.023168952,1.195041124,0.883205319,1.037991983,1.214138221
2022/1/27,0.867457653,1.02128422,1.182650346,0.881863514,1.023370971,1.187055181,0.885731997,1.037261425,1.207402115
2022/1/28,0.868852145,1.021877406,1.181645739,0.884608657,1.023015747,1.183189956,0.887989305,1.037437632,1.203114059
2022/1/29,0.869706635,1.021974482,1.181184442,0.884789272,1.023169064,1.182172438,0.89061452,1.038444173,1.200158307
2022/1/30,0.872192223,1.021833044,1.177756645,0.887153629,1.023816853,1.177504094,0.89304316,1.039271134,1.196311272
2022/1/31,0.875055999,1.022499297,1.177266503,0.88852378,1.024018116,1.172080569,0.895809929,1.038522862,1.195058919
2022/2/1,0.878535058,1.022432308,1.17281838,0.88948082,1.024530124,1.16896989,0.897356868,1.039506583,1.19279541
2022/2/2,0.880166238,1.023244843,1.171652938,0.891762039,1.024727007,1.168889288,0.901221116,1.040429188,1.194843923
2022/2/3,0.881305312,1.023949269,1.171508427,0.89330209,1.025391851,1.165349571,0.902776574,1.040985488,1.193838723
2022/2/4,0.884708628,1.023444825,1.167490636,0.897839411,1.025494537,1.162839866,0.903215921,1.042415147,1.189989871
2022/2/5,0.887514216,1.023227947,1.167157353,0.898645647,1.025579693,1.161718594,0.904413093,1.042618048,1.189157982
2022/2/6,0.888306364,1.022797447,1.165960888,0.899388282,1.025614161,1.160091979,0.908438463,1.043083737,1.187811763
2022/2/7,0.890180651,1.022708049,1.164844598,0.901461331,1.025327709,1.157136715,0.91007018,1.043500041,1.18604238
2022/2/8,0.891854044,1.022868792,1.163569079,0.902435822,1.024977849,1.156887287,0.911039636,1.044767927,1.182239559
2022/2/9,0.892816999,1.022597246,1.163326236,0.904585659,1.025556476,1.154204524,0.913112307,1.044811542,1.184483387
2022/2/10,0.893770665,1.022731727,1.160326903,0.905613607,1.025160906,1.155579561,0.916309288,1.044921769,1.185383154
2022/2/11,0.897593793,1.02287573,1.159025643,0.905597557,1.025633875,1.154066561,0.916993558,1.04548233,1.184191485
2022/2/12,0.900092261,1.023420609,1.158271481,0.904390805,1.026703323,1.156097428,0.916665907,1.045361866,1.183767668
2022/2/13,0.901712732,1.024291628,1.156639587,0.906578124,1.026752958,1.155064251,0.917028333,1.044400447,1.182195962
2022/2/14,0.903295948,1.024593922,1.153243183,0.905842909,1.027093738,1.15321893,0.919043065,1.04383052,1.179026748
2022/2/15,0.906195098,1.023913462,1.151386619,0.9076282,1.027790361,1.153036785,0.919897615,1.044235787,1.178044041
2022/2/16,0.90709564,1.023952463,1.15084915,0.90816922,1.028535575,1.151874254,0.919483194,1.044824612,1.178000216
2022/2/17,0.906648013,1.023629161,1.150327219,0.911528302,1.028329057,1.15382726,0.921487393,1.045410017,1.179061333
2022/2/18,0.908806068,1.023180511,1.149619969,0.913332068,1.029103401,1.152963266,0.922605606,1.04676505,1.179530177
2022/2/19,0.909131329,1.023765125,1.149129998,0.915173234,1.028537206,1.152889695,0.922340096,1.046370043,1.179429069
2022/2/20,0.908844349,1.024733362,1.148947121,0.914401879,1.02857575,1.149339407,0.924624922,1.047330164,1.180697304
2022/2/21,0.909828586,1.025209645,1.151225554,0.91489985,1.028866161,1.149280566,0.926699939,1.047479683,1.18230023
2022/2/22,0.910190887,1.025087937,1.149716981,0.918262093,1.029269246,1.150108819,0.929942402,1.047909052,1.183854105
2022/2/23,0.912286467,1.024290967,1.149414191,0.918596329,1.030112803,1.150421169,0.930501705,1.048144578,1.183633622
2022/2/24,0.910887004,1.023984227,1.147839713,0.919477081,1.029549542,1.152829029,0.933863889,1.048733229,1.179989422
2022/2/25,0.911778514,1.024308182,1.148480402,0.919827356,1.029838926,1.153852569,0.93479431,1.049330794,1.17987069
2022/2/26,0.912658364,1.024398182,1.150242254,0.921201664,1.030959901,1.154327935,0.935654499,1.049742168,1.179979586
2022/2/27,0.914091381,1.024079989,1.14884302,0.922537587,1.030929016,1.154936581,0.933873464,1.050330107,1.181263795
2022/2/28,0.914504482,1.024745503,1.150485325,0.919332233,1.031773553,1.157226035,0.934578549,1.050403816,1.181618035
2022/3/1,0.912990998,1.024560391,1.150817701,0.921152803,1.032534404,1.155841229,0.935853673,1.050192667,1.180753634
2022/3/2,0.912158134,1.025192178,1.149761459,0.92236919,1.033648419,1.15478993,0.93999753,1.050846541,1.183144453
2022/3/3,0.913141005,1.025493814,1.149697107,0.923694072,1.035055603,1.155275921,0.940852432,1.050518086,1.179170572
2022/3/4,0.914722116,1.025482207,1.147926013,0.92582473,1.036158114,1.154204087,0.941394731,1.050555561,1.178809524
2022/3/5,0.913826605,1.024991943,1.149580906,0.92706275,1.037136195,1.155587106,0.940876437,1.051095778,1.177500014
2022/3/6,0.913422818,1.024925219,1.147338837,0.926877272,1.037950664,1.156160596,0.941708882,1.051782148,1.179081218
2022/3/7,0.913649707,1.025015762,1.14845203,0.927273333,1.038281557,1.157842991,0.943509923,1.051653828,1.176135073
2022/3/8,0.9129979,1.024666808,1.148462424,0.926769827,1.039147599,1.155372461,0.942650765,1.051464859,1.175143296
2022/3/9,0.91337817,1.024653415,1.148226321,0.925884756,1.039630073,1.152585996,0.943147322,1.051297364,1.173065844
2022/3/10,0.91184848,1.025501321,1.148922465,0.9253289,1.040838637,1.151702807,0.941672392,1.05152157,1.172299477
2022/3/11,0.912359147,1.025354732,1.151333377,0.923150149,1.041279581,1.152734632,0.942305661,1.051108083,1.17483192
2022/3/12,0.91308213,1.026209609,1.151842769,0.926135177,1.041677836,1.154627705,0.941571274,1.051010916,1.172663737
2022/3/13,0.913306671,1.026537912,1.152129815,0.927449657,1.041928296,1.155228985,0.939441682,1.05065372,1.171404823
2022/3/14,0.91693446,1.027064139,1.149331681,0.929648404,1.042392938,1.153859739,0.940101212,1.050982525,1.169305479
2022/3/15,0.916735361,1.027682513,1.151988954,0.930486178,1.042702003,1.156575295,0.937457384,1.050607542,1.168925909
2022/3/16,0.916527946,1.027771569,1.151776008,0.931628025,1.043386841,1.157248253,0.938660403,1.051293494,1.166282293
2022/3/17,0.917102898,1.028674195,1.153234364,0.932775385,1.043762527,1.159239559,0.938632193,1.050379149,1.166128563
2022/3/18,0.919706186,1.029352164,1.154378688,0.933102203,1.043533056,1.159265694,0.939535587,1.049605948,1.165479539
2022/3/19,0.920342354,1.029965431,1.153360284,0.932314125,1.044782247,1.162678616,0.940733196,1.049051643,1.166484901
2022/3/20,0.92162245,1.030743828,1.153432208,0.935217861,1.045711029,1.162296746,0.940390423,1.04899324,1.166246649
2022/3/21,0.922447821,1.031790095,1.152429649,0.934636711,1.046536697,1.159410237,0.940399992,1.048511415,1.166182401
2022/3/22,0.922782723,1.032783705,1.152364413,0.935673871,1.047582137,1.160633302,0.939837124,1.047992473,1.165320223
2022/3/23,0.922879946,1.033860096,1.153990231,0.938681255,1.047959543,1.162793668,0.939160152,1.04818745,1.166475053
2022/3/24,0.925446197,1.034790207,1.155667986,0.939337626,1.048433053,1.160787244,0.93744634,1.047115644,1.165089589
2022/3/25,0.926043716,1.036839695,1.15916131,0.937764246,1.048629117,1.160548141,0.93888169,1.046066944,1.167127128
2022/3/26,0.926264889,1.037871549,1.158657397,0.937646942,1.048553295,1.161410456,0.938657705,1.045151355,1.163868815
2022/3/27,0.929500613,1.03870889,1.158877885,0.937222367,1.049166169,1.163782838,0.935834323,1.043532432,1.163717808
2022/3/28,0.930651936,1.0403861,1.161091623,0.937657108,1.049861101,1.164823645,0.936172689,1.042174955,1.165454181
2022/3/29,0.933052619,1.041813278,1.161635094,0.939326081,1.051080862,1.168817934,0.933813124,1.040836512,1.166292709
2022/3/30,0.93651576,1.043039129,1.162643706,0.943271367,1.051087509,1.167970691,0.932651708,1.040511105,1.165439648
2022/3/31,0.938872572,1.045499518,1.164853759,0.941830078,1.051402711,1.167834672,0.931329715,1.038559563,1.165622332
2022/4/1,0.941542213,1.046483502,1.165949766,0.943297719,1.052203978,1.168603479,0.930793673,1.037102574,1.16391521
2022/4/2,0.944421857,1.048742415,1.167619263,0.945203537,1.052195267,1.166706439,0.930817612,1.036572622,1.160581652
2022/4/3,0.945846012,1.050729763,1.166328678,0.946190304,1.053503545,1.167937986,0.93038692,1.034718036,1.158564587
2022/4/4,0.949782903,1.052469254,1.16770457,0.947050233,1.054692808,1.168750837,0.929436302,1.03443661,1.154573901
2022/4/5,0.95108281,1.054791458,1.169138149,0.948832832,1.055132697,1.169298733,0.926612448,1.032905793,1.15182232
2022/4/6,0.95141287,1.05741561,1.171348514,0.949873479,1.05593823,1.170305859,0.925150976,1.031133938,1.148386215
2022/4/7,0.951976693,1.060067347,1.173010992,0.950849733,1.056333673,1.17003174,0.921474449,1.029536403,1.144890331
2022/4/8,0.955220245,1.061882095,1.176184583,0.949875755,1.056508903,1.170059588,0.918507563,1.028032133,1.142170621
2022/4/9,0.957806853,1.063078961,1.181035586,0.952208653,1.057453174,1.171174432,0.91643754,1.026168897,1.14005862
2022/4/10,0.960648597,1.064244928,1.182302414,0.954852684,1.057604765,1.171496906,0.916247911,1.023952455,1.137539721
2022/4/11,0.964385757,1.065796991,1.185321085,0.956702455,1.058772479,1.1699707,0.916215426,1.022800646,1.133838056
2022/4/12,0.967934419,1.066858799,1.187917681,0.958277925,1.059654484,1.170933549,0.917012587,1.02265898,1.130402033
2022/4/13,0.969529186,1.068127888,1.187289931,0.95886752,1.061740219,1.170553981,0.919417436,1.022570595,1.128410098
2022/4/14,0.973168221,1.069357456,1.187958753,0.959461704,1.061760595,1.1721124,0.919556047,1.021677384,1.125602769
2022/4/15,0.975374476,1.070067472,1.187810256,0.962330895,1.063758484,1.172762858,0.920247266,1.02124782,1.123494515
2022/4/16,0.97738189,1.071035265,1.187474177,0.962704246,1.064258139,1.172553225,0.921461096,1.020664059,1.121108316
2022/4/17,0.976311814,1.071708249,1.185990568,0.964419006,1.065556498,1.175414467,0.922942536,1.021338207,1.120572264
2022/4/18,0.975482903,1.072384999,1.187053816,0.968118953,1.066936264,1.175499586,0.924471435,1.022285418,1.117354643
2022/4/19,0.975238576,1.072234871,1.18648443,0.970212619,1.068515707,1.175464002,0.926324828,1.022955769,1.118224473
2022/4/20,0.9760906,1.072058144,1.184666496,0.973538195,1.069873283,1.178106928,0.927998684,1.024199291,1.12055694
2022/4/21,0.978460584,1.070795713,1.182858351,0.975704733,1.070828861,1.176193554,0.929547912,1.026442603,1.122971736
2022/4/22,0.978648547,1.071620707,1.182702993,0.974916502,1.071315137,1.17741367,0.932510381,1.028365337,1.124674384
2022/4/23,0.98049949,1.071980977,1.183729739,0.97663123,1.072177161,1.178649366,0.935921252,1.029748818,1.127442286
2022/4/24,0.981506866,1.073289558,1.180653059,0.978913534,1.072696317,1.177104601,0.939237222,1.032900196,1.128738997
2022/4/25,0.983559702,1.07348916,1.180498874,0.981223389,1.073891349,1.17605116,0.942645538,1.03559976,1.132637618
2022/4/26,0.985314875,1.07485299,1.180567403,0.98254363,1.073941779,1.177084256,0.944745583,1.037137732,1.133319067
2022/4/27,0.989552756,1.075633701,1.181597215,0.982200435,1.073644698,1.178663098,0.948123496,1.03956664,1.135489459
2022/4/28,0.989938783,1.075892774,1.180811323,0.982673539,1.072741236,1.177716249,0.949667497,1.041808798,1.13763877
2022/4/29,0.991749331,1.076528793,1.181282774,0.981857519,1.072994592,1.177667921,0.952959651,1.043958862,1.139066077
2022/4/30,0.991393677,1.07811034,1.181876364,0.98445817,1.07297073,1.175080574,0.954402995,1.045932243,1.141251912
2022/5/1,0.991590124,1.078775253,1.18395517,0.984229571,1.073086712,1.174650804,0.95749012,1.048018463,1.143330679
2022/5/2,0.991278413,1.080073788,1.182736049,0.985457791,1.073375135,1.175511115,0.958339447,1.050080301,1.146071206
2022/5/3,0.992407281,1.081434794,1.181971869,0.98559955,1.07410654,1.175221143,0.961558869,1.05172084,1.145679953
2022/5/4,0.993250467,1.081926929,1.182944096,0.986011095,1.07490637,1.17442575,0.962080282,1.052876365,1.148137343
2022/5/5,0.994372375,1.082213355,1.185283386,0.988305502,1.07528216,1.173398714,0.961545948,1.053782681,1.148944487
2022/5/6,0.994354649,1.082518566,1.183492548,0.98820467,1.076315275,1.17268232,0.96338863,1.055365974,1.150524709
2022/5/7,0.994440903,1.083526925,1.18238164,0.988054024,1.077268382,1.172685896,0.963878876,1.055669789,1.151575729
2022/5/8,0.995571606,1.08441721,1.182649017,0.989920238,1.077662552,1.173168018,0.964265949,1.055701915,1.152981529
2022/5/9,0.997502602,1.085077971,1.182782833,0.988988684,1.077845432,1.175227247,0.964018015,1.056580878,1.150229422
2022/5/10,1.000069265,1.086860521,1.182925076,0.988786846,1.07788662,1.177936677,0.966035146,1.055815113,1.149750854
2022/5/11,0.999346619,1.08758903,1.182651786,0.988606087,1.077762133,1.177173704,0.966361101,1.056106303,1.149503667
2022/5/12,1.000136996,1.088418162,1.182082394,0.988988454,1.07734726,1.174801251,0.966719372,1.056046698,1.149813563
2022/5/13,1.001317755,1.089451638,1.180566895,0.989198802,1.07658255,1.173463,0.96787257,1.05724371,1.150078662
2022/5/14,1.00135442,1.090568049,1.180551339,0.988773424,1.076425883,1.170255325,0.969071077,1.057776328,1.150774587
2022/5/15,1.000937559,1.090913118,1.181378226,0.987584778,1.075482082,1.170160607,0.97151747,1.05949392,1.153703207
2022/5/16,1.001950473,1.090783783,1.18160633,0.988148028,1.073759321,1.168309058,0.97723496,1.061847678,1.157496335
2022/5/17,1.001549282,1.090712502,1.182170691,0.987027422,1.071679187,1.166250244,0.981320722,1.065001456,1.161529004
2022/5/18,1.001626904,1.090945503,1.180842045,0.983564932,1.070122871,1.164688128,0.985402194,1.067502807,1.163508878
2022/5/19,1.002532378,1.090771868,1.180240214,0.981772218,1.068245136,1.161231743,0.986380291,1.070503072,1.168846301
2022/5/20,1.003653798,1.091345563,1.180387567,0.97893452,1.065589598,1.156648751,0.987779564,1.073641496,1.173295053
2022/5/21,1.005117948,1.091471879,1.180728329,0.975027336,1.063394297,1.154240999,0.991950253,1.076577459,1.177798572
2022/5/22,1.005416157,1.090752017,1.180017824,0.973449799,1.060814998,1.151299808,0.996264777,1.079718953,1.18018015
2022/5/23,1.007062941,1.089903228,1.179276008,0.971753119,1.058930358,1.149862697,0.997621929,1.082314052,1.182964665
2022/5/24,1.007075073,1.09005334,1.180221204,0.970203915,1.056173704,1.147680831,1.000655649,1.084139767,1.185789857
2022/5/25,1.0065186,1.090043207,1.178264725,0.968819098,1.054308764,1.143714686,1.001918795,1.085807148,1.187406934
2022/5/26,1.007683474,1.089711844,1.180025365,0.968179564,1.050873797,1.144406853,1.00279031,1.087956225,1.190869183
2022/5/27,1.008157306,1.089847872,1.178737876,0.96574353,1.04834994,1.140266365,1.00493711,1.089113993,1.192991388
2022/5/28,1.006633596,1.08976972,1.178495134,0.963071377,1.045540474,1.136147543,1.004417358,1.089875844,1.195789321
2022/5/29,1.006291298,1.089301613,1.178586906,0.958756116,1.040923456,1.130380084,1.004571522,1.090728105,1.194907539
2022/5/30,1.006057519,1.088650498,1.177584749,0.95289733,1.036654371,1.1267736,1.004975014,1.089844425,1.194181012
2022/5/31,1.003888714,1.08658222,1.17669176,0.947009958,1.031805319,1.120247627,1.002302593,1.088425021,1.19268054
2022/6/1,1.002527182,1.08516463,1.175419566,0.940630104,1.027219868,1.114223371,0.99848543,1.086207144,1.191421191
2022/6/2,1.001294514,1.082127516,1.17485697,0.938910609,1.022459814,1.110014581,0.995409668,1.082855764,1.185344898
2022/6/3,0.996500518,1.079568564,1.169896561,0.935414898,1.017682397,1.103785095,0.994085517,1.078222915,1.178919476
2022/6/4,0.991379449,1.075818989,1.166930713,0.92895167,1.013188011,1.099887353,0.98814165,1.073819363,1.171334941
2022/6/5,0.986162953,1.070675504,1.160679388,0.923252702,1.008447539,1.094621417,0.983103456,1.068177643,1.165267937
2022/6/6,0.981452781,1.065627029,1.15526326,0.917676157,1.003781915,1.091103191,0.978273715,1.062309164,1.158941566
2022/6/7,0.977744474,1.059231201,1.148601779,0.913455185,0.999800834,1.086134063,0.969942693,1.055885673,1.151005966
2022/6/8,0.971580646,1.053630805,1.141662425,0.90926269,0.995921485,1.081244895,0.961666953,1.048299273,1.141505329
2022/6/9,0.966189002,1.04716102,1.133899772,0.90711034,0.99252598,1.077605234,0.95450603,1.041661906,1.133475176
2022/6/10,0.958839654,1.041641843,1.129914545,0.904415751,0.989849114,1.073159924,0.94628386,1.034613604,1.124595381
2022/6/11,0.950976536,1.035972189,1.124088146,0.901168639,0.987703464,1.07041994,0.939029221,1.028333512,1.119064942
2022/6/12,0.946016173,1.030294259,1.119762151,0.898967766,0.985430702,1.068487018,0.932671229,1.022670593,1.111175363
2022/6/13,0.940522089,1.025018784,1.113703294,0.897086411,0.983866262,1.066749178,0.92522052,1.017662767,1.104280565
2022/6/14,0.935805978,1.020448663,1.106415639,0.896133712,0.983199839,1.064753104,0.917831512,1.013921884,1.102106417
2022/6/15,0.930806693,1.016571046,1.101646932,0.896360537,0.981526319,1.06563658,0.912961645,1.011096725,1.097159602
2022/6/16,0.926935246,1.013330141,1.09846347,0.893768445,0.98162618,1.066354577,0.912831898,1.008751853,1.096991119
2022/6/17,0.925243054,1.011528971,1.094878674,0.897233903,0.982714892,1.0661758,0.912933081,1.007794956,1.0982182
2022/6/18,0.92514758,1.010752508,1.0933564,0.899640158,0.983707178,1.068511484,0.911717687,1.008354961,1.100220513
2022/6/19,0.925445343,1.009756511,1.095397227,0.901844926,0.985738838,1.070921901,0.913390788,1.009696507,1.102257307
2022/6/20,0.928359057,1.010330722,1.095875033,0.904627858,0.987947893,1.073018779,0.91584345,1.012714672,1.102273005
2022/6/21,0.930082942,1.011182239,1.097021367,0.907979408,0.990333344,1.07953889,0.920415834,1.015620572,1.106286112
2022/6/22,0.93067353,1.012516718,1.098407322,0.910712694,0.993942634,1.082078842,0.924714173,1.019075013,1.109942976
2022/6/23,0.932876762,1.014090879,1.099359676,0.915605895,0.997714657,1.085474265,0.930608991,1.024456598,1.115059946
2022/6/24,0.935020506,1.015390202,1.101351256,0.922074316,1.002154263,1.08939521,0.936104653,1.029737794,1.12000307
2022/6/25,0.936698888,1.01683476,1.104068055,0.926208435,1.006457636,1.09452249,0.944560741,1.03566973,1.124047361
2022/6/26,0.93955511,1.019372318,1.105959831,0.930311028,1.011824597,1.102390105,0.949422481,1.040713467,1.128437266
2022/6/27,0.944077527,1.022190348,1.108303612,0.936256527,1.016346697,1.10777284,0.95769533,1.045822446,1.135877612
2022/6/28,0.947012494,1.024710074,1.112657027,0.940607424,1.021382742,1.112852055,0.964761982,1.05169602,1.141734081
2022/6/29,0.94910696,1.028259752,1.114429048,0.946294067,1.026768342,1.116735791,0.969795739,1.057309891,1.149951922
2022/6/30,0.950996172,1.031725523,1.117280005,0.951773385,1.03258897,1.122737979,0.972688212,1.062256425,1.156231015
2022/7/1,0.953831337,1.034576696,1.12124286,0.956175013,1.037887422,1.129895796,0.980123005,1.067207683,1.163905351
2022/7/2,0.955988416,1.037818935,1.124981255,0.961645295,1.043487328,1.135134373,0.983007569,1.072062985,1.170795216
2022/7/3,0.959939386,1.041646229,1.129079008,0.967510564,1.04842419,1.143382482,0.988764673,1.075482435,1.172921917
2022/7/4,0.96159067,1.045085575,1.132221957,0.969707461,1.052209029,1.148507126,0.992894427,1.078488745,1.178302648
2022/7/5,0.966095545,1.047581322,1.133344892,0.973355105,1.056106415,1.1511319,0.996755399,1.081190644,1.183257566
2022/7/6,0.969620673,1.048601143,1.136573298,0.977280142,1.061498862,1.154237943,0.998490481,1.082283437,1.185463899
2022/7/7,0.972211228,1.051420101,1.137570049,0.980384907,1.065205697,1.159518438,0.999831146,1.083421245,1.189485014
2022/7/8,0.974277153,1.05293801,1.137108011,0.984429822,1.068135998,1.162562737,0.999451249,1.083642829,1.190630652
2022/7/9,0.976326187,1.054112134,1.141426217,0.988034907,1.070909579,1.165412509,0.998882259,1.082806351,1.191137884
2022/7/10,0.975321683,1.054777368,1.142926077,0.990378278,1.073477119,1.168441306,0.996831714,1.081147601,1.190643512
2022/7/11,0.973135857,1.054286268,1.14429384,0.991709855,1.07461163,1.171185942,0.994237448,1.079886822,1.188633493
2022/7/12,0.971578928,1.05329346,1.143913118,0.99068804,1.076255251,1.173303851,0.991274117,1.077000521,1.183384867
2022/7/13,0.970588782,1.051764426,1.140787884,0.991196826,1.077195861,1.171988601,0.987358754,1.074162788,1.177122944
2022/7/14,0.967404687,1.050071368,1.138387594,0.993290939,1.07673756,1.171441756,0.983366852,1.069401656,1.169072404
2022/7/15,0.965994232,1.048453275,1.135618634,0.991936074,1.075907611,1.171690263,0.978102037,1.063827263,1.161493533
2022/7/16,0.964536251,1.047143899,1.132661625,0.989987304,1.075346184,1.172063332,0.972914946,1.057832962,1.152590519
2022/7/17,0.962555421,1.045523775,1.130269826,0.988071247,1.074485176,1.17026145,0.966275037,1.05209127,1.145417377
2022/7/18,0.96192787,1.044102456,1.129889374,0.98627547,1.072583715,1.166583109,0.960146218,1.04562183,1.13787275
2022/7/19,0.959741802,1.043233975,1.126326943,0.985726442,1.071031147,1.164031644,0.95427597,1.038795729,1.12943171
2022/7/20,0.958338142,1.042145765,1.126838605,0.985150858,1.069780255,1.162519919,0.949526506,1.032137803,1.122301506
2022/7/21,0.956843401,1.041894634,1.125875401,0.982488242,1.068607537,1.160603758,0.944282883,1.025561334,1.115814529
2022/7/22,0.958561267,1.042648522,1.126018264,0.980357468,1.066833507,1.158060017,0.937009048,1.019211256,1.108368486
2022/7/23,0.961075356,1.0422786,1.125810787,0.979195473,1.065328773,1.15548405,0.9322423,1.01294044,1.102285665
2022/7/24,0.961628406,1.041581156,1.127540512,0.978178673,1.064254506,1.153400813,0.925232703,1.00697277,1.095930752
2022/7/25,0.961608725,1.041739428,1.127393308,0.97754243,1.06299656,1.150111794,0.918431182,1.001088542,1.088069278
2022/7/26,0.961682955,1.04128475,1.128238158,0.977804209,1.062186188,1.148423542,0.913163527,0.995257518,1.081806362
2022/7/27,0.962153038,1.041096138,1.130069361,0.976345622,1.060821925,1.148883178,0.906938748,0.989774123,1.078482224
2022/7/28,0.963692247,1.040895383,1.128965275,0.976579489,1.060161232,1.147382893,0.898024117,0.986036819,1.075393464
2022/7/29,0.962215904,1.039348364,1.129297353,0.976840043,1.059364201,1.147831389,0.894365708,0.981676473,1.070373344
2022/7/30,0.959741659,1.037885755,1.127641843,0.978445652,1.058819035,1.146956408,0.888295604,0.978656404,1.067015565
2022/7/31,0.95981048,1.036781284,1.125266263,0.978470692,1.059170252,1.148526031,0.886247897,0.975550501,1.061911233
2022/8/1,0.957319011,1.034812113,1.122300824,0.978649104,1.058729629,1.147080735,0.884804634,0.973243991,1.056049085
2022/8/2,0.954831993,1.032992676,1.119269447,0.97650775,1.058514276,1.147187724,0.884048567,0.97211805,1.054573166
2022/8/3,0.953195938,1.031729715,1.116757385,0.977358825,1.058287621,1.143998097,0.883698929,0.972029925,1.053637445
2022/8/4,0.95007066,1.030138231,1.115426256,0.977086834,1.058448925,1.14368369,0.884984451,0.973234513,1.054902253
2022/8/5,0.945983971,1.027772619,1.112950138,0.976725193,1.059022508,1.145122223,0.889251742,0.975599397,1.056240198
2022/8/6,0.944416929,1.02565316,1.109860384,0.977994295,1.059300401,1.144808587,0.891367947,0.977134933,1.058601655
2022/8/7,0.943016624,1.023646659,1.108195775,0.979168085,1.060154545,1.146258453,0.89371929,0.980542646,1.061932931
2022/8/8,0.940363096,1.022283588,1.10562944,0.980130075,1.061370547,1.147566258,0.897148923,0.984350427,1.064983779
2022/8/9,0.937464106,1.020848367,1.102906407,0.980003218,1.062590307,1.14803313,0.902591693,0.98798611,1.067388718
2022/8/10,0.936019576,1.019258368,1.102129739,0.980176755,1.063343031,1.14583739,0.907077348,0.992109032,1.073911128
2022/8/11,0.934845104,1.018358799,1.10116879,0.981098869,1.063802972,1.146327641,0.912171959,0.997060819,1.081483077
2022/8/12,0.934705803,1.01755434,1.098185321,0.98177263,1.0641316,1.147744665,0.917473651,1.001774896,1.089182569
2022/8/13,0.933071408,1.016362064,1.0971444,0.98144126,1.063080357,1.148086291,0.923959893,1.00722883,1.097327371
2022/8/14,0.93091692,1.015427236,1.096700269,0.980588362,1.061731006,1.147577799,0.928390136,1.012079556,1.103917417
2022/8/15,0.930804174,1.014707211,1.097745292,0.979565028,1.060463353,1.1460321,0.93223065,1.016950329,1.110077077
2022/8/16,0.928878973,1.015029114,1.098916221,0.979972462,1.058610615,1.14482242,0.935926943,1.021845792,1.117968546
2022/8/17,0.929449261,1.015538107,1.100917435,0.976758397,1.056084921,1.145090386,0.940573535,1.025436497,1.124461779
2022/8/18,0.931663225,1.016094211,1.102086976,0.973279661,1.054199438,1.141682608,0.945136579,1.030511601,1.125979795
2022/8/19,0.935018474,1.017527897,1.102912302,0.970377542,1.052311411,1.136898425,0.949421552,1.035634134,1.131136306
2022/8/20,0.939356993,1.018971385,1.10332173,0.967970519,1.049726171,1.133317854,0.955289328,1.040645508,1.136551882
2022/8/21,0.941499561,1.020998775,1.103942432,0.966452593,1.046829489,1.130839992,0.960868976,1.0456564,1.142062266
2022/8/22,0.942345022,1.023227435,1.106736188,0.965065816,1.044915098,1.128969404,0.964431856,1.050659825,1.147393027
2022/8/23,0.947745167,1.025432463,1.110616309,0.963538549,1.042591578,1.128715239,0.968020576,1.05516953,1.151598868
2022/8/24,0.950489647,1.027532045,1.114548501,0.961165196,1.041005333,1.127441171,0.973806406,1.060124811,1.156203426
2022/8/25,0.953518297,1.031256461,1.118686934,0.959430304,1.039837306,1.125841227,0.978336207,1.064578069,1.160101321
2022/8/26,0.95631471,1.034262586,1.120754895,0.956391983,1.038401268,1.122734142,0.984411117,1.069307238,1.164931206
2022/8/27,0.959703366,1.037489307,1.125520316,0.955496421,1.037203693,1.12248187,0.99029899,1.073857284,1.169330123
2022/8/28,0.960951141,1.040292551,1.127907457,0.95605563,1.036534163,1.1221412,0.993415815,1.078441492,1.171534822
2022/8/29,0.964553869,1.04351935,1.130053369,0.956383118,1.036375161,1.122215627,0.996273412,1.081529109,1.174533928
2022/8/30,0.968245407,1.046767429,1.134629291,0.956339132,1.036017123,1.122726398,0.999687645,1.084974589,1.177415399
2022/8/31,0.971433931,1.049898571,1.140404199,0.956377174,1.036209686,1.122915331,1.002386638,1.087791295,1.177913533
2022/9/1,0.973324085,1.051667525,1.143472288,0.95704166,1.036517971,1.125235955,1.004623412,1.089967436,1.179974278
2022/9/2,0.974262755,1.053437549,1.146510495,0.956657607,1.036696499,1.124133079,1.005373418,1.091416554,1.183013579
2022/9/3,0.977109638,1.054816114,1.146967338,0.954338801,1.036275296,1.124312854,1.007111484,1.091579716,1.183944633
2022/9/4,0.979879075,1.05579784,1.145678872,0.953153049,1.036470298,1.12176343,1.005483072,1.092499428,1.185473237
2022/9/5,0.981042033,1.057189749,1.14607897,0.955060244,1.035984005,1.121830462,1.006219854,1.093128007,1.184402534
2022/9/6,0.98095136,1.057735242,1.148606951,0.956092492,1.035625708,1.123344288,1.004952705,1.092697545,1.184175732
2022/9/7,0.980215739,1.058011738,1.145599753,0.957349764,1.035843235,1.122915517,1.00414073,1.092009404,1.184543456
2022/9/8,0.979989394,1.057829234,1.143120617,0.957572388,1.035595739,1.120746562,1.002662237,1.091493653,1.182581721
2022/9/9,0.979020943,1.057231531,1.140969271,0.957269332,1.035166949,1.119362578,1.002019691,1.089885872,1.180139578
2022/9/10,0.977223202,1.056257228,1.142705608,0.956062446,1.035129451,1.120986381,0.997579779,1.088457323,1.180394452
2022/9/11,0.974881033,1.055562803,1.145848333,0.956762413,1.035445383,1.12234756,0.996992204,1.086345087,1.180732293
2022/9/12,0.972747153,1.054155367,1.14644779,0.956238858,1.035543982,1.123766387,0.996241959,1.085230657,1.179362328
2022/9/13,0.974067494,1.05324902,1.146210254,0.957089871,1.036559811,1.125437598,0.996314273,1.08416944,1.179959583
2022/9/14,0.976510834,1.052662511,1.144475197,0.957818598,1.037247609,1.125142786,0.993569679,1.082758983,1.179906491
2022/9/15,0.976191303,1.052562972,1.141683967,0.958251868,1.038360503,1.127302113,0.991476261,1.082142016,1.179942801
2022/9/16,0.974824932,1.05135131,1.141934459,0.959501437,1.039814156,1.128991838,0.991360023,1.082295538,1.181814261
2022/9/17,0.971362841,1.051130811,1.142390048,0.961249043,1.041146842,1.127989558,0.992306488,1.083297523,1.182252699
2022/9/18,0.968206355,1.049928336,1.141049378,0.961633594,1.042797248,1.132968026,0.992900811,1.083665887,1.184297713
2022/9/19,0.968289628,1.049251578,1.139588707,0.963623056,1.044649072,1.134346856,0.995682202,1.084508201,1.186906505
2022/9/20,0.965899132,1.048471228,1.136681124,0.964474467,1.047019687,1.135909294,0.995411906,1.086969476,1.191546245
2022/9/21,0.962854752,1.046467751,1.132908145,0.965013816,1.047921718,1.137227473,0.999422181,1.088374843,1.191856525
2022/9/22,0.960933111,1.04517506,1.130135999,0.968057598,1.049243279,1.139549925,1.001163232,1.090218585,1.195221214
2022/9/23,0.95879209,1.042702247,1.127812452,0.969302547,1.051530534,1.142423309,1.004339604,1.092462249,1.197817919
2022/9/24,0.957067504,1.0404187,1.124944776,0.970463626,1.053602975,1.144601874,1.006496834,1.094377569,1.201155774
2022/9/25,0.954620523,1.038105986,1.123097695,0.972969441,1.054102333,1.146705103,1.010843971,1.095922663,1.20143152
2022/9/26,0.952447412,1.034965828,1.12056576,0.972321365,1.05515996,1.148198055,1.011688794,1.097918398,1.200249327
2022/9/27,0.951104716,1.032845248,1.119223935,0.972995283,1.055523086,1.147797502,1.013454769,1.100486399,1.202590398
2022/9/28,0.947748209,1.030773497,1.117188693,0.974891406,1.056055357,1.149121231,1.016119634,1.101869689,1.203909877
2022/9/29,0.945700421,1.028063295,1.113896351,0.97697295,1.057108614,1.150716012,1.016863942,1.103080388,1.206181303
2022/9/30,0.944381942,1.025710134,1.112505012,0.978977702,1.057536693,1.150159398,1.018925737,1.103404162,1.207519746
2022/10/1,0.944705828,1.023224067,1.109873228,0.981120693,1.058050634,1.149513618,1.018614059,1.104403048,1.205364337
2022/10/2,0.942812693,1.022095012,1.110215119,0.979613039,1.05811319,1.150610755,1.016834528,1.10397218,1.2027894
2022/10/3,0.943210137,1.020813024,1.107110018,0.97757603,1.057524655,1.150079511,1.014658005,1.103359532,1.203431897
2022/10/4,0.942825007,1.019632647,1.106894097,0.975891481,1.057432681,1.148309636,1.011339723,1.101489888,1.200731942
2022/10/5,0.942858121,1.018792117,1.104463415,0.974170364,1.056819221,1.147051584,1.008882402,1.09827072,1.195834266
2022/10/6,0.941033307,1.018281654,1.104066499,0.972251022,1.056482127,1.14576576,1.00640478,1.095559167,1.193760838
2022/10/7,0.939241742,1.018323492,1.104859299,0.973199649,1.054865857,1.141978302,1.00421161,1.091606368,1.190051181
2022/10/8,0.941080646,1.019084091,1.105244782,0.972982609,1.052945387,1.140216704,0.999873867,1.089027588,1.186920171
2022/10/9,0.942679563,1.020441759,1.10376258,0.971148619,1.051447133,1.139049976,0.997524905,1.086537935,1.181827258
2022/10/10,0.94545631,1.022597907,1.104788747,0.969364379,1.049342911,1.137177624,0.995213883,1.083023276,1.1814875
2022/10/11,0.947680086,1.023697597,1.106906254,0.967748179,1.048042291,1.138967425,0.99301017,1.079513658,1.175736254
2022/10/12,0.948839239,1.026537996,1.110671857,0.966983238,1.047405169,1.138210678,0.98966905,1.076045745,1.171329771
2022/10/13,0.950143695,1.029465534,1.115349799,0.965288327,1.04602394,1.138168093,0.985532416,1.072809029,1.167042626
2022/10/14,0.954510376,1.031639377,1.118296764,0.965343863,1.044386848,1.138140963,0.983875423,1.071153196,1.165842748
2022/10/15,0.956565001,1.034026904,1.12093272,0.96565018,1.043815021,1.135010605,0.981167556,1.069155411,1.164560108
2022/10/16,0.958003804,1.035701605,1.123654331,0.965205082,1.043807895,1.134189797,0.977961724,1.06711751,1.160042848
2022/10/17,0.95887897,1.037498993,1.125058821,0.965055076,1.044013927,1.134790514,0.976030382,1.064199474,1.157687105
2022/10/18,0.960125897,1.040071657,1.12827847,0.964993015,1.043723552,1.132398794,0.972825784,1.061641767,1.154203373
2022/10/19,0.959589436,1.041420827,1.130282585,0.964669147,1.043500281,1.129844635,0.971580604,1.059201945,1.151275453
2022/10/20,0.960192104,1.042189702,1.131923886,0.964337197,1.043623265,1.129483997,0.970456175,1.056697002,1.150511176
2022/10/21,0.960423336,1.043517207,1.131487203,0.963625104,1.043056809,1.128542904,0.967339432,1.05347216,1.146588715
2022/10/22,0.96181615,1.044124972,1.133479974,0.963409221,1.042294906,1.128303632,0.964467383,1.051570941,1.144073306
2022/10/23,0.961804715,1.045394518,1.135765619,0.962592711,1.041818751,1.126808414,0.962676945,1.049847949,1.141183066
2022/10/24,0.963249567,1.046935685,1.136464725,0.961490504,1.041864453,1.129686087,0.961044313,1.04822893,1.140188702
2022/10/25,0.965345678,1.048666223,1.137924667,0.961285347,1.041292435,1.127960168,0.960542861,1.046267684,1.136665031
2022/10/26,0.968107702,1.04930285,1.139349203,0.961432785,1.041145017,1.127848877,0.959479197,1.044851563,1.136441721
2022/10/27,0.970269596,1.051135871,1.141942485,0.96135688,1.040070706,1.127746883,0.956730552,1.043442217,1.133504938
2022/10/28,0.971802017,1.052880517,1.14148687,0.959425629,1.039123835,1.125998546,0.95402264,1.041665339,1.132718979
2022/10/29,0.973774083,1.05405507,1.143367634,0.957562234,1.037887986,1.126426387,0.949655261,1.040644259,1.13080583
2022/10/30,0.975131289,1.055720646,1.141987657,0.955743649,1.036879694,1.124617816,0.947046244,1.039764716,1.132772985
2022/10/31,0.976394199,1.057014428,1.144719357,0.9526624,1.035679594,1.12413119,0.945967876,1.038447496,1.130131815
2022/11/1,0.975932482,1.05944216,1.147540251,0.951266781,1.034753993,1.12547237,0.942776716,1.038470645,1.131783249
2022/11/2,0.976787492,1.060992895,1.149823743,0.948897045,1.033377821,1.124100899,0.940023793,1.037918616,1.131758718
2022/11/3,0.978800077,1.062969113,1.151283736,0.946200416,1.032001956,1.122858198,0.942494987,1.03773923,1.133806104
2022/11/4,0.980708513,1.06520881,1.152427604,0.94456244,1.031157265,1.121209477,0.939914062,1.037268315,1.13160356
2022/11/5,0.981108936,1.067563097,1.153934887,0.941914235,1.029953406,1.117663644,0.939841367,1.037731976,1.131462587
2022/11/6,0.9845259,1.069247554,1.15617477,0.941792704,1.029360687,1.117932629,0.941348194,1.038620213,1.130840439
2022/11/7,0.986730104,1.070103449,1.156046238,0.941335637,1.028823191,1.115785355,0.941778254,1.03850148,1.129899385
2022/11/8,0.987384686,1.071877147,1.159000596,0.941390305,1.029509853,1.116692369,0.943668635,1.037779266,1.127465295
2022/11/9,0.988949792,1.072716183,1.159806823,0.941589056,1.029111346,1.117570207,0.944875813,1.036770749,1.126147572
2022/11/10,0.991344346,1.074043912,1.159968056,0.942358824,1.028727642,1.117007232,0.945100811,1.036458821,1.128457648
2022/11/11,0.993295186,1.074975706,1.163181186,0.943656019,1.028267568,1.119564229,0.946020638,1.037093966,1.129930617
2022/11/12,0.994342133,1.075321442,1.165360706,0.943545486,1.029258372,1.119939241,0.945520896,1.036809627,1.130603372
2022/11/13,0.993404177,1.075300509,1.167386066,0.943329083,1.029859153,1.119165359,0.946301886,1.035906428,1.130118747
2022/11/14,0.993660962,1.074658131,1.166650708,0.944794108,1.030917704,1.120554823,0.946154312,1.035120714,1.128546781
2022/11/15,0.991977631,1.074401572,1.169303915,0.945672979,1.031852265,1.120941605,0.946441056,1.034035235,1.129086277
2022/11/16,0.99036824,1.073531103,1.170312193,0.949392962,1.032491628,1.12373634,0.94706313,1.03312994,1.128072522
2022/11/17,0.989740718,1.074416954,1.170444869,0.950660673,1.033218942,1.123555157,0.945735739,1.03189309,1.127273098
2022/11/18,0.989351315,1.074112431,1.169515805,0.952798014,1.034311264,1.123246543,0.947007364,1.030796357,1.124350694
2022/11/19,0.988206637,1.074257876,1.169455733,0.952633161,1.035227247,1.123844681,0.946146939,1.029735064,1.122233281
2022/11/20,0.987025513,1.073315847,1.167303415,0.953280735,1.035538319,1.125618848,0.943598318,1.02796423,1.121592605
2022/11/21,0.986705367,1.073142364,1.167282156,0.956430611,1.036196716,1.127343749,0.942677413,1.025651487,1.117781267
2022/11/22,0.98770612,1.073241984,1.166538131,0.957797613,1.036326554,1.126475015,0.940733084,1.023489512,1.116284465
2022/11/23,0.987603678,1.074013747,1.168011981,0.9585678,1.036569534,1.127095035,0.938852327,1.020910419,1.115028515
2022/11/24,0.988660077,1.073803574,1.168641135,0.958721858,1.03734667,1.124835178,0.938569787,1.018378971,1.111640603
2022/11/25,0.986967904,1.074246055,1.167762096,0.960190526,1.038382676,1.125926813,0.934619437,1.016453198,1.109609766
2022/11/26,0.986262757,1.073565531,1.168563401,0.9625688,1.039086631,1.126844549,0.931888662,1.013542312,1.108113834
2022/11/27,0.985322122,1.072934331,1.168995944,0.96027319,1.039519667,1.128379256,0.928518879,1.011388389,1.104699111
2022/11/28,0.98484837,1.071418328,1.165500513,0.958941958,1.04002896,1.129769825,0.924134756,1.008687759,1.101929481
2022/11/29,0.983002482,1.070093109,1.168218073,0.959519926,1.039965919,1.130771336,0.921778548,1.006729128,1.096292756
2022/11/30,0.979178808,1.068019765,1.1672685,0.959019519,1.041070445,1.133031216,0.91970011,1.004008343,1.093965595
2022/12/1,0.976432414,1.065355262,1.160068924,0.959097002,1.042286371,1.132495691,0.916108171,1.001557885,1.089807876
2022/12/2,0.974817098,1.062770453,1.15711672,0.958269996,1.042541091,1.133443983,0.913963377,0.998717213,1.088597562
2022/12/3,0.972165502,1.05917182,1.154269467,0.958917399,1.043124315,1.134243379,0.909638576,0.996872574,1.085846625
2022/12/4,0.969301385,1.055623429,1.15044346,0.957461834,1.043326118,1.134605615,0.906262906,0.995089336,1.084388695
2022/12/5,0.967988994,1.051790702,1.146279975,0.956103204,1.043829625,1.134328572,0.903914065,0.993087008,1.083548522
2022/12/6,0.964863225,1.049104588,1.140512915,0.954289928,1.042514689,1.13536443,0.901851755,0.991891379,1.083680074
2022/12/7,0.961198495,1.044963752,1.136890867,0.953790254,1.042477336,1.133249383,0.900893162,0.990473157,1.084333376
2022/12/8,0.958857101,1.041732446,1.135939718,0.95273091,1.042099521,1.134732882,0.901207487,0.990450947,1.082829134
2022/12/9,0.955525252,1.0387991,1.130799213,0.95226336,1.042111303,1.134412022,0.901144394,0.989078705,1.08252292
2022/12/10,0.950887305,1.035773141,1.126884509,0.950191524,1.040565044,1.134263167,0.900505399,0.988167604,1.081403465
2022/12/11,0.949970546,1.032907033,1.123124685,0.949723876,1.038965886,1.1320188,0.898297701,0.987105098,1.081180823
2022/12/12,0.947801001,1.030948794,1.122156615,0.949732419,1.037644437,1.130236042,0.899516999,0.986387235,1.079881684
2022/12/13,0.945352315,1.027531045,1.119530844,0.948651478,1.036615783,1.128122037,0.898495238,0.986319217,1.079668468
2022/12/14,0.941792041,1.024536194,1.116386789,0.949245777,1.03449695,1.12498456,0.898226636,0.985823941,1.078318824
2022/12/15,0.938718323,1.022891419,1.112730724,0.947695304,1.032962428,1.123022971,0.897939463,0.98519211,1.075213601
2022/12/16,0.935816714,1.01998309,1.1110212,0.946664784,1.031697218,1.120577667,0.896488245,0.984707719,1.074547863
2022/12/17,0.934648329,1.017157278,1.109047534,0.94533641,1.030816973,1.11854611,0.894596598,0.984173625,1.074463494
2022/12/18,0.931631338,1.015530574,1.107240932,0.943323502,1.030132123,1.119367836,0.895030903,0.983331223,1.075041919
2022/12/19,0.929882417,1.013162805,1.105383536,0.945527235,1.029439641,1.117336058,0.894525658,0.983336755,1.073163508
2022/12/20,0.927569335,1.010824944,1.102900467,0.945096797,1.027914174,1.115405799,0.895655814,0.983182485,1.071368728
2022/12/21,0.925451151,1.007823434,1.101234936,0.94518075,1.026103552,1.115270127,0.89635655,0.983118647,1.068838709
2022/12/22,0.923716588,1.005491348,1.096897833,0.94602092,1.026304294,1.115387672,0.897436722,0.984081753,1.068542342
2022/12/23,0.919380793,1.003008197,1.094259566,0.94733989,1.026065624,1.112292134,0.897578494,0.983829153,1.069773384
2022/12/24,0.916382094,1.000162117,1.091520151,0.946082351,1.024720626,1.109542734,0.899262358,0.983592611,1.067799278
2022/12/25,0.9132571,0.995930799,1.087691012,0.944476365,1.024658373,1.109161244,0.901503084,0.983750312,1.067924722
2022/12/26,0.910729569,0.992833051,1.08180339,0.944648769,1.023857575,1.108209668,0.90263522,0.984287022,1.06816314
2022/12/27,0.909409561,0.988508551,1.077079047,0.943873236,1.022972805,1.108261829,0.903135004,0.983859647,1.069655231
2022/12/28,0.902986485,0.985236664,1.073451479,0.943871772,1.021902455,1.10758189,0.903213276,0.983733127,1.06923342
2022/12/29,0.901151696,0.98216982,1.070552595,0.940509185,1.020974599,1.106192402,0.901164491,0.982815902,1.068603452
2022/12/30,0.89671354,0.978721838,1.0663498,0.938314536,1.019181888,1.10766162,0.901382437,0.982434897,1.070427076
2022/12/31,0.893959334,0.974680268,1.060489131,0.935292778,1.01713048,1.106360377,0.900980339,0.982327115,1.072730848
2023/1/1,0.890611642,0.971193681,1.05752564,0.933604994,1.014394891,1.102765893,0.900295502,0.982181033,1.073404361
2023/1/2,0.885362325,0.966712294,1.052662401,0.929607627,1.011131593,1.101963334,0.901401028,0.981383398,1.074197497
2023/1/3,0.881406276,0.962398129,1.050680449,0.927257392,1.007752983,1.100072017,0.897817207,0.98029445,1.073438526
2023/1/4,0.877479584,0.958829015,1.045606779,0.92280122,1.003634775,1.096860667,0.895530865,0.979051345,1.071959513
2023/1/5,0.872954695,0.955569598,1.042432141,0.918805501,0.999488301,1.091660869,0.893483222,0.978793303,1.071127272
2023/1/6,0.871064745,0.951350759,1.036283307,0.914230575,0.995700926,1.08764774,0.891697308,0.977746937,1.069975581
2023/1/7,0.868373557,0.947703406,1.032992018,0.910553496,0.991619191,1.081979851,0.890148353,0.97647327,1.067979945
2023/1/8,0.864691836,0.94546072,1.027903889,0.907039989,0.987528713,1.077852658,0.890780161,0.975193752,1.066373591
2023/1/9,0.863055741,0.942271792,1.024747313,0.902038933,0.983467108,1.072385069,0.888817555,0.974339374,1.063117909
2023/1/10,0.859830752,0.93933812,1.020723631,0.896565059,0.97878874,1.067719714,0.890215913,0.972830931,1.060792821
2023/1/11,0.857158211,0.936870471,1.016788333,0.893210453,0.973893542,1.063433622,0.889313021,0.971247142,1.058094675
2023/1/12,0.854756347,0.934517867,1.013910411,0.890135465,0.969839868,1.060517727,0.889553135,0.970101427,1.055744616
2023/1/13,0.851299685,0.932644682,1.010022778,0.887426899,0.966736217,1.056678904,0.888356503,0.969472267,1.056719925
2023/1/14,0.848779842,0.930212929,1.010107193,0.885611945,0.963032459,1.051692998,0.889045989,0.968478981,1.054489505
2023/1/15,0.846070451,0.928181181,1.007324143,0.882996329,0.960515957,1.047857919,0.890256071,0.968522672,1.054934103
2023/1/16,0.844678639,0.926199538,1.005800716,0.879552132,0.957385817,1.043699478,0.891195973,0.969273202,1.054760339
2023/1/17,0.843531128,0.924406251,1.003392429,0.877543045,0.954979357,1.040456188,0.893198948,0.97042755,1.053518143
2023/1/18,0.841262935,0.921396927,1.001285898,0.875976725,0.953049544,1.039710206,0.896566266,0.972648487,1.056101126
2023/1/19,0.839436186,0.919180138,0.998107043,0.875488331,0.951848823,1.036376934,0.899898961,0.974972949,1.060782531
2023/1/20,0.837975862,0.916999396,0.995530984,0.873133459,0.951696693,1.035801044,0.902597208,0.977322415,1.065552512
2023/1/21,0.835891291,0.916590654,0.993794203,0.87348748,0.951193898,1.035993162,0.906264374,0.981069861,1.069296657
2023/1/22,0.83515373,0.916857005,0.992962617,0.873760537,0.951336566,1.03559525,0.909281083,0.984106225,1.07275472
2023/1/23,0.836032463,0.917108304,0.994234383,0.875459695,0.951792916,1.035113119,0.911855347,0.987651687,1.075939047
2023/1/24,0.838768448,0.918854304,0.99565075,0.876665038,0.952479005,1.03427232,0.914040367,0.990570597,1.078309145
2023/1/25,0.841823933,0.92054765,0.998296026,0.878837933,0.954217567,1.035885416,0.917407992,0.993433785,1.081959599
2023/1/26,0.845443291,0.923870296,1.001018295,0.879538747,0.955900913,1.037809504,0.919790183,0.997396199,1.085262633
2023/1/27,0.850548251,0.927486519,1.006491776,0.88099455,0.957080484,1.037547713,0.922181924,1.000507397,1.08813388
2023/1/28,0.853939375,0.931575037,1.010029571,0.883184695,0.958813044,1.040230761,0.925607055,1.003605663,1.090918103
2023/1/29,0.858085703,0.936988357,1.015170055,0.88602126,0.960674502,1.043169398,0.926570786,1.005620719,1.092995881
2023/1/30,0.865343503,0.942235287,1.019677773,0.887818214,0.963264933,1.046688522,0.927302577,1.007097233,1.095508486
2023/1/31,0.870379048,0.9479774,1.026577164,0.889622626,0.965577809,1.048222627,0.929208075,1.009076531,1.096355287
2023/2/1,0.876850676,0.953640165,1.035154416,0.890586483,0.967033358,1.050064048,0.931911288,1.010572521,1.098687935
2023/2/2,0.882204931,0.959711162,1.04238887,0.892628701,0.969210402,1.053265603,0.932934843,1.01132468,1.100555292
2023/2/3,0.88865234,0.96478226,1.047695577,0.893003989,0.97110711,1.055311844,0.933241264,1.012252712,1.103877009
2023/2/4,0.892844948,0.970647197,1.05507564,0.894540567,0.972899778,1.056124339,0.934795918,1.013685147,1.105905348
2023/2/5,0.897279948,0.976341968,1.060693383,0.894869626,0.974338677,1.056503717,0.935274152,1.014440196,1.107116864
2023/2/6,0.901486077,0.983108943,1.069331769,0.893005085,0.974717221,1.057047053,0.937279811,1.015763681,1.108453147
2023/2/7,0.90754901,0.988870417,1.077712769,0.89505503,0.974981024,1.060309003,0.93756501,1.016554427,1.108236091
2023/2/8,0.911976068,0.994631815,1.08681417,0.895090467,0.974682918,1.061015645,0.937197434,1.016989761,1.108326695
2023/2/9,0.917132848,0.999244474,1.092040812,0.893952907,0.975159228,1.061999747,0.939393816,1.017394135,1.108975681
2023/2/10,0.922014738,1.003362699,1.096978487,0.893214354,0.974980001,1.064861915,0.937448609,1.017934038,1.108110231
2023/2/11,0.925447729,1.008145189,1.103059508,0.891966718,0.974903382,1.064073044,0.936655373,1.018398295,1.108142694
2023/2/12,0.929660904,1.012558863,1.104694308,0.891842081,0.975065283,1.066478538,0.93665387,1.018168838,1.105982356
2023/2/13,0.93288335,1.016555405,1.110093091,0.892549463,0.974748906,1.065269222,0.936389187,1.017724315,1.104365549
2023/2/14,0.937833945,1.020895013,1.11368727,0.894585435,0.975823998,1.064913221,0.93612432,1.017294652,1.10540837
2023/2/15,0.942378678,1.024784139,1.120167678,0.896852331,0.977528983,1.065209877,0.935628632,1.017279874,1.104069441
2023/2/16,0.945314724,1.027819224,1.124587488,0.895234965,0.97892971,1.065470979,0.936213193,1.018397762,1.103752351
2023/2/17,0.949158754,1.031049981,1.127695708,0.895301445,0.97996035,1.068861603,0.936408777,1.019150038,1.104792084
2023/2/18,0.950702634,1.033976866,1.131604326,0.898104521,0.981063627,1.069089569,0.93698519,1.020584774,1.105613327
2023/2/19,0.952530968,1.036502604,1.134490324,0.900076524,0.983082845,1.072552233,0.939834428,1.02150857,1.106237674
2023/2/20,0.957124078,1.038776656,1.137866877,0.901765133,0.985358796,1.076234946,0.940979103,1.022616373,1.109567353
2023/2/21,0.960560766,1.040714273,1.138073227,0.904434621,0.988232718,1.08053842,0.94135463,1.023787086,1.110453449
2023/2/22,0.962754181,1.043366421,1.140319514,0.90614627,0.990424012,1.082403303,0.942591872,1.024875387,1.109411727
2023/2/23,0.964992422,1.046141261,1.144520719,0.90753382,0.993272803,1.085474572,0.944558845,1.024638982,1.109879076
2023/2/24,0.965888281,1.048126275,1.142868343,0.90826054,0.995089283,1.087420026,0.944681176,1.024535285,1.111546149
2023/2/25,0.967253454,1.049939907,1.144191436,0.912837763,0.997758115,1.089452144,0.943949333,1.025573481,1.112217611
2023/2/26,0.968516111,1.051489486,1.147310559,0.915231831,1.000236216,1.091293678,0.943742494,1.025490108,1.114596788
2023/2/27,0.968251918,1.052336597,1.148410808,0.916648461,1.002597193,1.093239405,0.942600913,1.025563753,1.114301544
2023/2/28,0.969004304,1.052300865,1.147584173,0.916750231,1.004624778,1.096504205,0.942378487,1.026161447,1.115840109
2023/3/1,0.968673924,1.052093823,1.147141455,0.916953717,1.00617396,1.098247011,0.941601817,1.026656544,1.112946523
2023/3/2,0.968148227,1.050559186,1.146169518,0.917687323,1.008059738,1.099240368,0.943020222,1.026670007,1.113051058
2023/3/3,0.968026895,1.0502834,1.143127245,0.919891351,1.009193582,1.10177422,0.942417629,1.026621649,1.113203716
2023/3/4,0.966361684,1.04803127,1.139845489,0.921039223,1.010614126,1.103648468,0.942685205,1.026984673,1.114650768
2023/3/5,0.963615466,1.044419234,1.138678735,0.922582321,1.01168914,1.105709229,0.942215181,1.02675588,1.115247939
2023/3/6,0.961851992,1.041783728,1.137339822,0.922972919,1.012073867,1.107800658,0.943391159,1.02679403,1.117190005
2023/3/7,0.957276588,1.038852263,1.133681679,0.922553022,1.012144666,1.106925484,0.943841443,1.026878295,1.116124375
2023/3/8,0.954322504,1.035308133,1.129451999,0.920572771,1.011660149,1.110609809,0.944142447,1.027460311,1.117489389
2023/3/9,0.947661301,1.032381734,1.126998146,0.918269035,1.010736057,1.109637992,0.945247562,1.027313408,1.117737028
2023/3/10,0.942122346,1.029171649,1.124148936,0.918979714,1.010171913,1.10880693,0.943746533,1.026899523,1.120029585
2023/3/11,0.93989114,1.025697772,1.122853611,0.917367192,1.010009906,1.106378031,0.942375653,1.025826089,1.118453092
2023/3/12,0.937124264,1.022356455,1.118927327,0.915468479,1.008240044,1.104169871,0.940446339,1.024340052,1.118967204
2023/3/13,0.934043684,1.020148374,1.114020819,0.916496471,1.006985832,1.104193554,0.939198007,1.022926246,1.117794647
2023/3/14,0.931740893,1.017041554,1.110073491,0.916424709,1.006424466,1.102475081,0.937281548,1.021478469,1.116514755
2023/3/15,0.930413116,1.013996522,1.106092929,0.914597859,1.005692036,1.102012167,0.934764136,1.019123132,1.115422625
2023/3/16,0.925739249,1.012032551,1.103068771,0.913680364,1.005048359,1.101461654,0.932244075,1.01662076,1.110569196
2023/3/17,0.923148638,1.009264468,1.102649308,0.912075094,1.004479584,1.101422188,0.927225058,1.013160698,1.105000094
2023/3/18,0.920985526,1.006640194,1.099644358,0.911737706,1.003151184,1.10177491,0.924332581,1.010322292,1.099675987
2023/3/19,0.918191382,1.003875072,1.096096529,0.909884692,1.001941555,1.09789506,0.921746372,1.006405796,1.093495229
2023/3/20,0.916569142,1.00165061,1.093917086,0.909991934,1.001839072,1.095692393,0.919641975,1.002011686,1.088038006
2023/3/21,0.913285921,0.999306246,1.090439631,0.90966532,1.000937759,1.094932497,0.915045969,0.996978572,1.083426023
2023/3/22,0.909908219,0.996035301,1.087924593,0.907703265,1.000569325,1.09413634,0.909907388,0.993025088,1.07804624
2023/3/23,0.904978462,0.992319605,1.083387506,0.90782779,1.000139898,1.093942143,0.902777067,0.987526458,1.075351114
2023/3/24,0.903934888,0.989171447,1.081474214,0.907030169,0.999232791,1.093560546,0.896595225,0.983580203,1.069057843
2023/3/25,0.89980438,0.985935808,1.07827973,0.907643903,0.99855426,1.092931065,0.893299744,0.98012735,1.06631283
2023/3/26,0.894125719,0.983190872,1.074750368,0.908317381,0.998324685,1.093868326,0.892213387,0.977347655,1.06453977
2023/3/27,0.891400956,0.979611122,1.069476923,0.905957569,0.99770319,1.093192001,0.888913554,0.973809449,1.062363055
2023/3/28,0.888120894,0.976303683,1.065961213,0.906053793,0.997490472,1.094743405,0.887864939,0.970619291,1.059925876
2023/3/29,0.884980638,0.973404814,1.063790473,0.904957204,0.996771724,1.095792832,0.885320677,0.968140136,1.057890376
2023/3/30,0.881020831,0.970749796,1.061048471,0.904087145,0.996975971,1.092047298,0.881472896,0.966009662,1.055940695
2023/3/31,0.876339369,0.967579133,1.060498643,0.903534335,0.995715979,1.090010933,0.878393485,0.963437619,1.053954782
2023/4/1,0.873547034,0.965342329,1.057365873,0.905107594,0.995520401,1.091963832,0.874255146,0.961212527,1.051680766
2023/4/2,0.871267552,0.963898142,1.055202951,0.904795863,0.994800657,1.092395349,0.869600365,0.959290295,1.049839941
2023/4/3,0.871665115,0.962758138,1.054036666,0.902291739,0.993386161,1.092804241,0.86699346,0.957858494,1.048631183
2023/4/4,0.87125842,0.96247317,1.052094383,0.900349248,0.99345778,1.093448193,0.864267014,0.95628648,1.047234064
2023/4/5,0.868368059,0.963155039,1.050494049,0.897373266,0.991885714,1.09438435,0.859524684,0.955038867,1.047716173
2023/4/6,0.86851886,0.963338811,1.050109491,0.895237121,0.990086663,1.092571571,0.859130518,0.95398432,1.047816968
2023/4/7,0.868814617,0.964376675,1.05119235,0.893133113,0.98808348,1.090950736,0.860281109,0.953713673,1.045710514
2023/4/8,0.8685956,0.96505105,1.053377444,0.890591884,0.987008445,1.091126719,0.859989744,0.953033148,1.044399912
2023/4/9,0.868657297,0.966908465,1.056443147,0.889121122,0.984904321,1.091374799,0.858422076,0.952416303,1.041160976
2023/4/10,0.870116963,0.969200969,1.057949312,0.888497125,0.983849698,1.090914778,0.856604399,0.952085783,1.041947679
2023/4/11,0.872851437,0.970978382,1.058498794,0.886718181,0.982886838,1.089369086,0.854176986,0.952030877,1.040976976
2023/4/12,0.87381497,0.972665911,1.064499773,0.885614039,0.982220551,1.088345448,0.852485337,0.952149323,1.042023482
2023/4/13,0.876697219,0.974597703,1.069465704,0.886837006,0.982019369,1.08747642,0.852215308,0.951390397,1.042707447
2023/4/14,0.879928148,0.976660283,1.071212603,0.885887179,0.982404083,1.087224944,0.852279127,0.950479444,1.042196006
2023/4/15,0.882831091,0.978885662,1.07380756,0.885787086,0.982254193,1.086540069,0.853362442,0.950937842,1.04328896
2023/4/16,0.883527768,0.981077733,1.076651388,0.885468208,0.982389887,1.087063877,0.854031027,0.951363488,1.044234477
2023/4/17,0.885722143,0.98420169,1.077428069,0.88586677,0.982994361,1.090582852,0.855915237,0.952375021,1.044376634
2023/4/18,0.88991073,0.986990462,1.080152478,0.884611106,0.98398122,1.09072114,0.858991892,0.952399201,1.043603283
2023/4/19,0.890994718,0.989666762,1.082555226,0.88451448,0.985090431,1.093344665,0.859257022,0.954173117,1.046355063
2023/4/20,0.89708593,0.992006131,1.086499996,0.884579855,0.986382493,1.09490802,0.861338422,0.955412381,1.049329809
2023/4/21,0.8977861,0.994423873,1.092251235,0.887026668,0.987750144,1.095283297,0.861380324,0.957024701,1.050621328
2023/4/22,0.901851926,0.996985708,1.094583195,0.887586832,0.988625405,1.094319736,0.864880773,0.958804227,1.052458757
2023/4/23,0.906556647,0.99923173,1.096795103,0.888295045,0.989565312,1.096053213,0.867600853,0.960717871,1.055769871
2023/4/24,0.910106968,1.002240799,1.099094424,0.889412446,0.990301262,1.096266655,0.868892219,0.962338296,1.059977068
2023/4/25,0.9131607,1.005263825,1.103169455,0.889241784,0.990748423,1.097375113,0.869135112,0.964107255,1.061757072
2023/4/26,0.916163247,1.008446171,1.106210009,0.890907294,0.992100171,1.09900072,0.869957602,0.96615626,1.063655947
2023/4/27,0.919603171,1.011023901,1.111335692,0.892317276,0.992944085,1.101248749,0.870863775,0.968601978,1.066058094
2023/4/28,0.92208923,1.014129695,1.115220744,0.894290216,0.994688947,1.104723243,0.874137089,0.970920504,1.068279307
2023/4/29,0.925154057,1.017705936,1.119451349,0.895073826,0.995910622,1.108190665,0.876926055,0.97271003,1.07056451
2023/4/30,0.927276443,1.02060157,1.124620438,0.894831785,0.997017568,1.107544487,0.877203958,0.974820489,1.070557847
2023/5/1,0.930216694,1.023408836,1.127648398,0.895726997,0.999301441,1.109148794,0.879383962,0.977358395,1.074047006
2023/5/2,0.932099398,1.025720498,1.131391413,0.896894357,1.000433445,1.111870958,0.881929829,0.980025273,1.076474434
2023/5/3,0.935001972,1.028488162,1.135427284,0.900999323,1.001135428,1.115550983,0.88599101,0.982699004,1.080224087
2023/5/4,0.936389803,1.031394787,1.139143716,0.90336316,1.003331311,1.118494613,0.890090375,0.985050367,1.083872717
2023/5/5,0.938706602,1.034494464,1.139840778,0.903467487,1.00502613,1.118948292,0.892340805,0.988188439,1.086743098
2023/5/6,0.941582636,1.036244856,1.142727931,0.905733814,1.006234948,1.12190212,0.895546477,0.990316404,1.089967175
2023/5/7,0.942322723,1.039276282,1.145006723,0.906266419,1.008176149,1.122590095,0.897470831,0.992130341,1.095024889
2023/5/8,0.941191219,1.042035737,1.148887823,0.907354127,1.009769139,1.12447346,0.900925658,0.994424837,1.099131261
2023/5/9,0.944704618,1.044388447,1.151857981,0.911914189,1.012036871,1.1281294,0.902622032,0.997499414,1.100707711
2023/5/10,0.944479393,1.047081617,1.156961271,0.916045277,1.014292431,1.131785719,0.904400207,1.000318836,1.105495945
2023/5/11,0.946917318,1.048712731,1.160479996,0.918607903,1.016121362,1.132537571,0.904514025,1.002464929,1.110533438
2023/5/12,0.947961042,1.051402133,1.163853259,0.920354248,1.018306043,1.134121659,0.905703067,1.005087268,1.113010755
2023/5/13,0.949466783,1.052703878,1.169116304,0.92041996,1.019905594,1.135325206,0.906511111,1.008138764,1.114609778
2023/5/14,0.951609886,1.053025934,1.170297973,0.920113622,1.021610522,1.135731244,0.908333711,1.011397502,1.120522027
2023/5/15,0.953813522,1.053957735,1.173027903,0.921000905,1.023810925,1.134634668,0.90986802,1.013523784,1.122930348
2023/5/16,0.953783517,1.05469616,1.176377154,0.923752399,1.025488542,1.13610487,0.910698955,1.016020367,1.124474053
2023/5/17,0.954076568,1.05514412,1.177708451,0.924851886,1.027122132,1.141916233,0.9120544,1.018706752,1.128015645
2023/5/18,0.953168445,1.055171995,1.182733505,0.923441376,1.028917028,1.145498042,0.914345976,1.020957368,1.130530395
2023/5/19,0.954260983,1.055205496,1.183685107,0.923923821,1.030116807,1.145551658,0.91563186,1.023377517,1.134693462
2023/5/20,0.953834921,1.055892678,1.185694204,0.92359923,1.031789474,1.148487599,0.91628427,1.025626627,1.137312594
2023/5/21,0.951776215,1.05651513,1.187057917,0.926117845,1.03330431,1.153769516,0.919670237,1.027764126,1.13853075
2023/5/22,0.949282525,1.055290574,1.187452843,0.926592619,1.034775215,1.157334932,0.922019126,1.029322447,1.142128266
2023/5/23,0.948614609,1.054589813,1.188708288,0.929849586,1.036099568,1.158567072,0.923455775,1.031991592,1.143783395
2023/5/24,0.946813192,1.054102109,1.18723241,0.930567785,1.037397568,1.162558111,0.92647108,1.033569098,1.144023085
2023/5/25,0.946475701,1.053596726,1.185204562,0.930442194,1.03850726,1.162762637,0.926910867,1.035150915,1.147611922
2023/5/26,0.946460643,1.05276901,1.185652011,0.931775314,1.040045716,1.165336582,0.928039096,1.036903926,1.152847594
2023/5/27,0.94299094,1.052349269,1.183715972,0.932438516,1.041170869,1.16680535,0.930442295,1.038674136,1.158529399
2023/5/28,0.943175324,1.050980428,1.186145732,0.934644208,1.042310602,1.168849835,0.93170264,1.040254069,1.162013372
2023/5/29,0.942130999,1.05034155,1.183224471,0.934352307,1.044005169,1.172472346,0.934185804,1.042181381,1.165261768
2023/5/30,0.94149328,1.04913424,1.181725839,0.933636743,1.044892635,1.173580484,0.936126233,1.04418819,1.166751219
2023/5/31,0.943184306,1.046976655,1.180198357,0.935022109,1.045562769,1.174393831,0.93695805,1.045713169,1.169575533
