date,concentration_eastern,low_eastern,med_eastern,upr_eastern,concentration_north,low_north,med_north,upr_north,concentration_south,low_south,med_south,upr_south
2022/1/1,NA,2.754355477,3.468598071,4.232247312,NA,2.656721746,3.447845772,4.254773199,NA,2.74717261,3.445191218,4.168614198
2022/1/2,NA,2.775528499,3.468338903,4.204950083,NA,2.689366001,3.448874529,4.234872351,NA,2.778005706,3.445851154,4.144504888
2022/1/3,NA,2.798894741,3.466257828,4.178382531,NA,2.720167106,3.452678016,4.21588623,NA,2.797067484,3.447550411,4.125832122
2022/1/4,NA,2.822730822,3.466918324,4.15754007,NA,2.751739977,3.45561005,4.194476183,NA,2.810647007,3.447840952,4.110974874
2022/1/5,NA,2.845965843,3.467285777,4.133804548,NA,2.779162905,3.459580119,4.166983416,NA,2.830581594,3.448821866,4.094019295
2022/1/6,NA,2.869389851,3.46870367,4.114313838,NA,2.802008744,3.460362636,4.142671036,NA,2.852506357,3.448953197,4.069946818
2022/1/7,NA,2.888880239,3.470512255,4.105907904,NA,2.82761784,3.459014389,4.117475379,NA,2.870878777,3.450293061,4.058128081
2022/1/8,NA,2.90913476,3.469008443,4.08505946,NA,2.84923644,3.462770274,4.100481093,NA,2.887565043,3.451341599,4.037173723
2022/1/9,NA,2.927407816,3.468152197,4.072035446,NA,2.87088193,3.463072126,4.089708508,NA,2.911556631,3.453149928,4.020618679
2022/1/10,NA,2.947529266,3.466706352,4.053928515,NA,2.890196327,3.46439923,4.078271288,NA,2.928432868,3.453324315,4.003411136
2022/1/11,NA,2.965105626,3.466030969,4.040235846,NA,2.908429471,3.464272229,4.059640555,NA,2.946342921,3.455080978,3.987030703
2022/1/12,NA,2.981478979,3.466702022,4.026247913,NA,2.930007387,3.465144653,4.042809358,NA,2.956502959,3.456289361,3.976177681
2022/1/13,NA,2.998202113,3.46707761,4.007624543,NA,2.942506989,3.465386653,4.0262495,NA,2.974216576,3.456958138,3.965718442
2022/1/14,NA,3.00729888,3.469564804,3.995982205,NA,2.954974513,3.465473559,4.012988476,NA,2.981947866,3.456512262,3.955019824
2022/1/15,NA,3.022719159,3.469786111,3.98763164,NA,2.971802089,3.464771319,3.998861509,NA,2.990898058,3.456943863,3.940735674
2022/1/16,NA,3.032593649,3.46880089,3.976379562,NA,2.984058377,3.46687504,3.99003584,NA,2.996704307,3.457257433,3.929694231
2022/1/17,NA,3.039678718,3.468562856,3.962476482,NA,2.997485683,3.467951354,3.975159801,NA,3.003651092,3.457131489,3.923495998
2022/1/18,NA,3.048545232,3.467761424,3.950142038,NA,3.009787578,3.468368215,3.974071738,NA,3.014803112,3.457889963,3.91239032
2022/1/19,NA,3.057109015,3.4679286,3.941591745,NA,3.024342655,3.467821272,3.964821369,NA,3.028722992,3.457973566,3.901536189
2022/1/20,NA,3.069534711,3.46806201,3.937500164,NA,3.030654174,3.466464058,3.958220458,NA,3.038703058,3.45839702,3.897664437
2022/1/21,NA,3.070957704,3.468772173,3.932851659,NA,3.035631493,3.469591933,3.954114516,NA,3.048166238,3.459864001,3.897047611
2022/1/22,NA,3.081191914,3.471321207,3.925026721,NA,3.042485049,3.471723248,3.946111164,NA,3.053774025,3.45995359,3.893750391
2022/1/23,NA,3.087886448,3.474125247,3.916624332,NA,3.053800596,3.47328863,3.937205134,NA,3.060483905,3.460624214,3.886479317
2022/1/24,NA,3.092299059,3.477093523,3.909620467,NA,3.063981078,3.474945985,3.931437025,NA,3.068911917,3.460785733,3.886379844
2022/1/25,NA,3.090654974,3.476689111,3.900086179,NA,3.070901654,3.476424555,3.927181253,NA,3.076131816,3.461795256,3.882765615
2022/1/26,NA,3.095798338,3.47631735,3.894691388,NA,3.076200895,3.478399421,3.924728521,NA,3.076313334,3.4622112,3.879856374
2022/1/27,NA,3.097704968,3.477013445,3.88674446,NA,3.077228527,3.479406519,3.920739417,NA,3.082744022,3.463609803,3.877272211
2022/1/28,NA,3.100146341,3.478802803,3.878841323,NA,3.083070168,3.482057128,3.91928436,NA,3.087212753,3.465396248,3.876739428
2022/1/29,NA,3.103414676,3.479593495,3.871958331,NA,3.087322739,3.482657267,3.917618377,NA,3.089479534,3.466812729,3.876798936
2022/1/30,NA,3.108594669,3.480915403,3.87157727,NA,3.091130642,3.485560451,3.915515674,NA,3.098139788,3.465786658,3.876909525
2022/1/31,NA,3.111439149,3.48226045,3.866310201,NA,3.095415666,3.487004495,3.920280609,NA,3.10086607,3.466896346,3.878884677
2022/2/1,NA,3.114819558,3.484009914,3.864439782,NA,3.095676615,3.48759583,3.921863409,NA,3.104557681,3.467771067,3.875288694
2022/2/2,NA,3.116236536,3.486679498,3.859350392,NA,3.092115977,3.490484887,3.919361098,NA,3.108997495,3.46775576,3.878485063
2022/2/3,NA,3.116583972,3.48730903,3.860913188,NA,3.091215143,3.492951345,3.919203384,NA,3.111978489,3.469091679,3.878583636
2022/2/4,NA,3.115873501,3.489649481,3.85699964,NA,3.097175757,3.495485061,3.921441161,NA,3.115888375,3.469428895,3.876004009
2022/2/5,NA,3.115843822,3.489157052,3.856904106,NA,3.104188396,3.495881168,3.921482523,NA,3.118001781,3.471752089,3.872796204
2022/2/6,NA,3.119051307,3.488448486,3.855758824,NA,3.105511107,3.497259392,3.92395097,NA,3.121956383,3.47421037,3.871029694
2022/2/7,NA,3.123726122,3.490647793,3.855038938,NA,3.107213593,3.497408094,3.925999276,NA,3.122874734,3.476612154,3.868797043
2022/2/8,NA,3.126905884,3.491416059,3.853550851,NA,3.108715627,3.500578086,3.927267587,NA,3.125239956,3.478119139,3.869020878
2022/2/9,NA,3.132714084,3.492469377,3.855535803,NA,3.115183465,3.502414231,3.933331166,NA,3.124063723,3.47989901,3.867091371
2022/2/10,NA,3.135195638,3.493420409,3.85487597,NA,3.116771358,3.505357386,3.932058483,NA,3.12630538,3.48207847,3.865265733
2022/2/11,NA,3.137193773,3.494691641,3.85526141,NA,3.117535034,3.507160748,3.930912313,NA,3.123878723,3.48449058,3.865212759
2022/2/12,NA,3.141570996,3.495521679,3.857290198,NA,3.1187734,3.510160637,3.929007624,NA,3.12647633,3.485967184,3.871482516
2022/2/13,NA,3.143164412,3.498064126,3.853717064,NA,3.120411838,3.512839176,3.933180847,NA,3.129977269,3.487953544,3.868046525
2022/2/14,NA,3.145612364,3.499479156,3.85655071,NA,3.128077148,3.515688123,3.934051702,NA,3.125524186,3.489817453,3.869324395
2022/2/15,NA,3.146469465,3.50022269,3.857199852,NA,3.131436871,3.518821669,3.935921472,NA,3.127583258,3.492908623,3.867902027
2022/2/16,NA,3.150558293,3.501307788,3.857351032,NA,3.138521252,3.520581563,3.939048337,NA,3.133163715,3.496509308,3.864700361
2022/2/17,NA,3.154627863,3.503544107,3.858944331,NA,3.143716436,3.522096384,3.934578596,NA,3.135852451,3.499793423,3.86602126
2022/2/18,NA,3.15641294,3.505429701,3.862096465,NA,3.144925547,3.522122047,3.935544625,NA,3.140626697,3.50363579,3.866034158
2022/2/19,NA,3.162877742,3.507493208,3.860794111,NA,3.15179836,3.525486554,3.937875033,NA,3.144101217,3.506264639,3.866891358
2022/2/20,NA,3.166956241,3.508546202,3.857385688,NA,3.153706867,3.527728121,3.941326443,NA,3.146269132,3.509567971,3.862156064
2022/2/21,NA,3.17074394,3.510107454,3.85663678,NA,3.158253889,3.530806706,3.947352287,NA,3.145552167,3.512518516,3.862367427
2022/2/22,NA,3.17218954,3.512098272,3.860830257,NA,3.161436837,3.535198017,3.948928292,NA,3.145370092,3.514669129,3.86203465
2022/2/23,NA,3.174308206,3.513933207,3.856718917,NA,3.167156498,3.539484818,3.955280716,NA,3.147570718,3.517650391,3.862208128
2022/2/24,NA,3.178288508,3.516436984,3.858492878,NA,3.171149521,3.543048668,3.953473504,NA,3.153805031,3.519723431,3.863370132
2022/2/25,NA,3.186176758,3.519403756,3.861884001,NA,3.176444822,3.546030532,3.956584319,NA,3.157683951,3.522513412,3.861326659
2022/2/26,NA,3.190478682,3.521622374,3.862731973,NA,3.184660412,3.550332604,3.960287956,NA,3.158788654,3.52466304,3.863951639
2022/2/27,NA,3.196318878,3.524103397,3.86329351,NA,3.189442962,3.553825985,3.960516867,NA,3.160245787,3.526684698,3.864134924
2022/2/28,NA,3.201550334,3.526013398,3.865044176,NA,3.195129072,3.558130496,3.960067228,NA,3.165308922,3.52946451,3.86567114
2022/3/1,NA,3.205344504,3.529188503,3.862219229,NA,3.199370757,3.561696052,3.960809513,NA,3.170627387,3.531974945,3.865465877
2022/3/2,NA,3.211606552,3.531259139,3.864610788,NA,3.204947399,3.564911433,3.963000423,NA,3.174822098,3.536706468,3.866863978
2022/3/3,NA,3.214310809,3.535343963,3.862859355,NA,3.211620832,3.571076418,3.965703084,NA,3.182391412,3.539463594,3.867610712
2022/3/4,NA,3.222034315,3.538071842,3.863263877,NA,3.220460787,3.574880549,3.964442559,NA,3.190516012,3.542692807,3.869028373
2022/3/5,NA,3.230339776,3.540663589,3.863036073,NA,3.228235246,3.579835366,3.96925813,NA,3.196911453,3.545745807,3.867496342
2022/3/6,NA,3.234451737,3.545876702,3.86564888,NA,3.235889925,3.58344412,3.970123606,NA,3.205805088,3.549848596,3.872170218
2022/3/7,NA,3.237779796,3.547913376,3.866418819,NA,3.243114112,3.587782905,3.970903792,NA,3.210977044,3.553145962,3.873743621
2022/3/8,NA,3.241697043,3.552831468,3.865983059,NA,3.25138672,3.592842153,3.970675431,NA,3.221357552,3.556696942,3.868794927
2022/3/9,NA,3.250176585,3.557088001,3.863988875,NA,3.263922936,3.597567594,3.970458056,NA,3.230512243,3.55954768,3.869679053
2022/3/10,NA,3.258805121,3.56117004,3.864611196,NA,3.270236344,3.602844229,3.966954203,NA,3.24012935,3.563434778,3.866129151
2022/3/11,NA,3.26649868,3.565381239,3.865274663,NA,3.278279875,3.608172327,3.967371178,NA,3.250790638,3.567242588,3.865996574
2022/3/12,NA,3.276206963,3.570172088,3.86797488,NA,3.290120419,3.61416253,3.968596742,NA,3.254983901,3.571656409,3.866549669
2022/3/13,NA,3.284525332,3.575523089,3.869489192,NA,3.300344564,3.619702398,3.967373908,NA,3.2637613,3.574941434,3.862983098
2022/3/14,NA,3.292457742,3.581589894,3.868367863,NA,3.31133961,3.625969428,3.96831032,NA,3.27025806,3.577690487,3.865189514
2022/3/15,NA,3.300320123,3.586313518,3.871898636,NA,3.321133873,3.631850313,3.973143652,NA,3.279412498,3.581299002,3.863017429
2022/3/16,NA,3.308868636,3.592620869,3.873392917,NA,3.333116784,3.636998073,3.972861857,NA,3.289108738,3.585437638,3.86188491
2022/3/17,NA,3.319137369,3.598944423,3.875268736,NA,3.34507328,3.643470691,3.969129224,NA,3.299783825,3.589537198,3.858739074
2022/3/18,NA,3.330499367,3.605077244,3.87843526,NA,3.35490702,3.649311349,3.967781513,NA,3.308315458,3.593294087,3.860821416
2022/3/19,NA,3.341407769,3.612661507,3.881090568,NA,3.365815906,3.655899522,3.964781985,NA,3.316967736,3.597202426,3.861299575
2022/3/20,NA,3.354203078,3.618820845,3.883277682,NA,3.376400569,3.661910558,3.967117167,NA,3.326354753,3.601415061,3.857339107
2022/3/21,NA,3.367498564,3.625739461,3.883554597,NA,3.38902169,3.668586389,3.967955941,NA,3.339368955,3.605171971,3.856559401
2022/3/22,NA,3.382020619,3.63373009,3.887686798,NA,3.403326247,3.675405183,3.965294029,NA,3.348306264,3.609842053,3.858044729
2022/3/23,NA,3.39563673,3.641140674,3.889993584,NA,3.414544403,3.682438241,3.96318352,NA,3.358300217,3.614832614,3.858142538
2022/3/24,NA,3.411851784,3.649176851,3.891611202,NA,3.428439039,3.689501702,3.963983467,NA,3.370963211,3.619149803,3.855220805
2022/3/25,NA,3.425882897,3.657024619,3.894087061,NA,3.442145669,3.695347386,3.961260076,NA,3.384015281,3.625279945,3.851092994
2022/3/26,NA,3.441687807,3.664975224,3.896297724,NA,3.456801129,3.701933874,3.958932929,NA,3.396048764,3.629571309,3.847081232
2022/3/27,NA,3.45384629,3.672158316,3.898564296,NA,3.469548838,3.71005777,3.95618461,NA,3.408658284,3.633682632,3.845133686
2022/3/28,NA,3.470840906,3.680442129,3.902442835,NA,3.481860645,3.717363446,3.951525353,NA,3.418818727,3.638023026,3.842129823
2022/3/29,NA,3.484734049,3.688618673,3.906622551,NA,3.497806919,3.723256812,3.946854334,NA,3.432810259,3.642241104,3.839484035
2022/3/30,NA,3.499725714,3.697015173,3.908153749,NA,3.512160943,3.729611513,3.943410235,NA,3.443209914,3.646261633,3.838836186
2022/3/31,NA,3.516740193,3.706237256,3.910347997,NA,3.52664273,3.736796252,3.939951316,NA,3.4569036,3.650528508,3.837282977
2022/4/1,NA,3.534160655,3.715594692,3.911878356,NA,3.54074465,3.74306673,3.939970245,NA,3.469414184,3.655458659,3.832355593
2022/4/2,NA,3.551272757,3.725109561,3.915022892,NA,3.552003628,3.748158827,3.937605669,NA,3.48036587,3.660104978,3.830267329
2022/4/3,500,3.567575414,3.734848017,3.916362488,500,3.561461008,3.752752947,3.931572424,1943.501571,3.492965339,3.664428794,3.828195255
2022/4/4,NA,3.583381973,3.745178477,3.919603204,NA,3.574297007,3.757634342,3.930668327,NA,3.504921972,3.668975702,3.827415053
2022/4/5,500,3.59665349,3.755217436,3.922671892,7759.20365,3.586487299,3.762742143,3.928823409,2248.494938,3.51685418,3.67347587,3.827388584
2022/4/6,NA,3.611794216,3.765076383,3.926186554,NA,3.597478598,3.767009275,3.928346196,NA,3.528991314,3.677842983,3.826850497
2022/4/7,6517.235968,3.627192826,3.774666269,3.931335959,12803.8138,3.606379256,3.769841852,3.927160576,500,3.539762838,3.68152684,3.826246185
2022/4/8,NA,3.64251392,3.784487032,3.935435265,NA,3.610434187,3.773194463,3.927196822,NA,3.549628497,3.685063382,3.827393895
2022/4/9,NA,3.655189926,3.79401209,3.939863648,NA,3.618032176,3.775903576,3.92596408,NA,3.556917107,3.688811171,3.825935728
2022/4/10,500,3.670543427,3.802905628,3.943729916,500,3.626107083,3.779449653,3.924990259,8512.990517,3.563618531,3.692785606,3.82505801
2022/4/11,NA,3.683358694,3.812443148,3.949336777,NA,3.632862852,3.78246341,3.926250261,NA,3.568529905,3.694862009,3.82570148
2022/4/12,8491.893024,3.696311507,3.821543798,3.956109983,4782.797798,3.636547988,3.786370394,3.926744243,3010.856254,3.573031082,3.697670085,3.825296291
2022/4/13,NA,3.707150105,3.830702046,3.959471151,NA,3.643140822,3.790371471,3.928630575,NA,3.577188809,3.700404079,3.82593071
2022/4/14,2863.875122,3.718897823,3.838177603,3.965558172,500,3.650746225,3.794680947,3.931282181,7085.269078,3.580831065,3.702175961,3.825603644
2022/4/15,NA,3.728162384,3.846001313,3.969428127,NA,3.657170718,3.799139737,3.935348031,NA,3.583654939,3.702895682,3.826698661
2022/4/16,NA,3.736087478,3.854081001,3.974936836,NA,3.664357087,3.803895365,3.937572141,NA,3.584364436,3.703233178,3.826867306
2022/4/17,22096.62029,3.742372435,3.861213622,3.980034004,500,3.671606103,3.80919825,3.940674669,6977.550189,3.583779962,3.703382864,3.826109698
2022/4/18,NA,3.747482875,3.867797956,3.984604543,NA,3.678935517,3.815728923,3.946109731,NA,3.582988998,3.703680922,3.82600957
2022/4/19,5633.701473,3.753405672,3.873437951,3.992195119,500,3.687909261,3.822094512,3.950987106,2199.326209,3.581670121,3.703527658,3.827442349
2022/4/20,NA,3.757209288,3.878836463,3.998079231,NA,3.695902155,3.829588101,3.957879567,NA,3.578194497,3.702695556,3.827661469
2022/4/21,500,3.763543446,3.883129755,4.002398702,3581.196991,3.703137038,3.837282053,3.963954966,500,3.576361954,3.70212506,3.828376909
2022/4/22,NA,3.768419486,3.888186173,4.007058855,NA,3.710985068,3.846305173,3.973127777,NA,3.573723325,3.702292505,3.83067197
2022/4/23,NA,3.773507312,3.893323804,4.011797702,NA,3.720512743,3.854750491,3.980741474,NA,3.5739439,3.701640045,3.831629578
2022/4/24,500,3.774613952,3.897875502,4.01632052,4698.631528,3.730603346,3.864395139,3.99175859,500,3.572613188,3.701909151,3.831770142
2022/4/25,NA,3.775249565,3.90220885,4.022305204,NA,3.740697067,3.873956938,4.001317744,NA,3.570926704,3.701722455,3.831453929
2022/4/26,9989.297929,3.780055668,3.905109095,4.027379651,18979.54682,3.7522078,3.88354432,4.013179087,4560.797918,3.571316911,3.702833867,3.831743081
2022/4/27,NA,3.782007295,3.908576976,4.031994425,NA,3.763314023,3.893401729,4.022785192,NA,3.573663185,3.704429167,3.832507712
2022/4/28,5673.604094,3.785727658,3.911675836,4.035671464,6255.534631,3.772655952,3.903732135,4.032013524,500,3.574269568,3.706141414,3.833986904
2022/4/29,NA,3.788211843,3.914431146,4.038574444,NA,3.784509371,3.913818721,4.041522568,NA,3.576764408,3.708254967,3.833923754
2022/4/30,NA,3.788945269,3.917341936,4.042125326,NA,3.79596174,3.924295304,4.050644,NA,3.579506812,3.710561294,3.836071784
2022/5/1,17255.71987,3.791030595,3.920721918,4.043048656,500,3.806219849,3.934729239,4.06112414,2481.91298,3.583222129,3.713991326,3.838111132
2022/5/2,NA,3.793006522,3.924099568,4.045456207,NA,3.815997759,3.946274334,4.073664647,NA,3.587553519,3.717404411,3.840381992
2022/5/3,7080.816353,3.794344582,3.926707188,4.048573191,8065.139175,3.828414631,3.957956907,4.083112964,5242.048166,3.590998727,3.720764238,3.843751705
2022/5/4,NA,3.795486821,3.929806075,4.051821854,NA,3.838997995,3.969695041,4.094433191,NA,3.593956516,3.724508539,3.844685245
2022/5/5,4998.071758,3.796902696,3.931837314,4.054084074,10738.24035,3.850769003,3.981016372,4.106550218,5043.617098,3.598290179,3.729269567,3.848680883
2022/5/6,NA,3.799337354,3.935077506,4.05760998,NA,3.862020654,3.991284537,4.117931434,NA,3.604747941,3.733388395,3.851380304
2022/5/7,NA,3.801174181,3.937549125,4.060444436,NA,3.874739572,4.002797648,4.130054117,NA,3.60982629,3.737838061,3.856909535
2022/5/8,500,3.805510325,3.940976031,4.064571413,8741.184076,3.887405833,4.014507399,4.14191322,500,3.615533425,3.743164247,3.86294704
2022/5/9,NA,3.809819269,3.944871957,4.068298336,NA,3.898756616,4.025593675,4.153477236,NA,3.624411014,3.748958821,3.87033241
2022/5/10,500,3.813826255,3.948816829,4.073424724,17802.93503,3.910459905,4.036655307,4.166288875,6206.26831,3.6293217,3.755762346,3.876680804
2022/5/11,NA,3.818299356,3.953635267,4.078751818,NA,3.923614528,4.047686041,4.177294633,NA,3.636119222,3.762261602,3.882033746
2022/5/12,7188.149068,3.827287371,3.958944935,4.08442984,6162.98433,3.933682232,4.058383709,4.18998123,500,3.645325138,3.769839236,3.889661544
2022/5/13,NA,3.833623312,3.964904482,4.090899202,NA,3.944715817,4.069958579,4.203792751,NA,3.653703903,3.777702611,3.896826663
2022/5/14,NA,3.84296961,3.970659183,4.094859641,NA,3.955444358,4.080720546,4.214935461,NA,3.662513127,3.785669656,3.904896102
2022/5/15,9421.152855,3.851535637,3.977249882,4.101643663,7702.257536,3.966511636,4.091579916,4.227322273,4945.583445,3.669582015,3.794228548,3.912598544
2022/5/16,NA,3.859696113,3.983257984,4.107637313,NA,3.976911925,4.102797377,4.238538956,NA,3.681640321,3.803668697,3.92150329
2022/5/17,12089.28406,3.867975975,3.989514485,4.114931112,28555.94718,3.987370038,4.112851562,4.249911772,2750.699647,3.69165548,3.813051869,3.931541782
2022/5/18,NA,3.87582153,3.996102211,4.121958187,NA,3.994941969,4.122952446,4.260814102,NA,3.701217017,3.823545002,3.940781496
2022/5/19,500,3.886820349,4.002863422,4.128164213,500,4.004262744,4.133144757,4.272904792,500,3.713162997,3.833509611,3.952718552
2022/5/20,NA,3.89438623,4.009805073,4.134545322,NA,4.012842258,4.142647658,4.284516858,NA,3.722995927,3.84293582,3.964369387
2022/5/21,NA,3.901242481,4.01696228,4.14321108,NA,4.021050365,4.152069394,4.29557017,NA,3.73312025,3.853416986,3.976096465
2022/5/22,5846.685713,3.908958914,4.024396509,4.150494823,9128.363571,4.029207786,4.160622364,4.304058062,10183.99424,3.744434546,3.86359868,3.986480286
2022/5/23,NA,3.917862318,4.03067007,4.156915618,NA,4.034580405,4.168725723,4.313317787,NA,3.754125725,3.872870999,3.997274946
2022/5/24,8706.912226,3.924109515,4.03756811,4.162477187,16673.59439,4.038545037,4.175744274,4.321742597,4156.798695,3.764222878,3.882567783,4.008043464
2022/5/25,NA,3.93339903,4.044312648,4.167438674,NA,4.04494629,4.180870258,4.328073277,NA,3.772325479,3.892229676,4.017754867
2022/5/26,15518.27957,3.940150027,4.050836898,4.173393777,16578.31325,4.048752841,4.185564302,4.335298408,6283.105023,3.779992027,3.901251772,4.027087832
2022/5/27,NA,3.945195771,4.056233172,4.180321706,NA,4.049249998,4.189454041,4.339775916,NA,3.787206306,3.908818746,4.036721964
2022/5/28,NA,3.949525733,4.061229539,4.185425009,NA,4.049668447,4.190991786,4.341409519,NA,3.792363496,3.915219305,4.046284916
2022/5/29,21299.09684,3.952761546,4.064598777,4.18729371,46291.43916,4.050439716,4.19159194,4.342620173,17777.3145,3.798374366,3.920882602,4.055035372
2022/5/30,NA,3.955153683,4.067567661,4.190341363,NA,4.048645251,4.189367866,4.342901384,NA,3.803031005,3.925573373,4.05960506
2022/5/31,15030.76457,3.958127168,4.069391663,4.193232258,59677.86384,4.046639948,4.18591833,4.337561938,18724.21651,3.806274901,3.928783172,4.063615511
2022/6/1,NA,3.958896307,4.069800577,4.19573568,NA,4.040477492,4.181341798,4.329176522,NA,3.809667657,3.930457655,4.064575505
2022/6/2,14734.46328,3.95900319,4.069090905,4.194733677,28190.47619,4.033030201,4.174172097,4.320326993,16666.66667,3.811052458,3.931238032,4.065781606
2022/6/3,NA,3.956794274,4.067585248,4.193410001,NA,4.024894811,4.166074094,4.310093422,NA,3.809607549,3.930184175,4.065869238
2022/6/4,NA,3.952826788,4.064876843,4.192117172,NA,4.017180057,4.154904697,4.296813964,NA,3.809446183,3.927557026,4.060988267
2022/6/5,13313.40926,3.950726641,4.062100525,4.18893535,11316.30411,4.007805583,4.142946508,4.282986337,18712.22088,3.806495151,3.923879511,4.057560632
2022/6/6,NA,3.946294439,4.057674067,4.183365004,NA,3.994806132,4.13022106,4.267831173,NA,3.802323352,3.918347085,4.04998304
2022/6/7,6739.230288,3.939397561,4.052543253,4.178273445,13210.57681,3.981794017,4.115161684,4.250519834,7772.029736,3.796395146,3.912147711,4.04193587
2022/6/8,NA,3.932536625,4.046176983,4.169089282,NA,3.965840462,4.098765399,4.233152774,NA,3.790789472,3.904238697,4.03345588
2022/6/9,19091.40562,3.925806281,4.038723248,4.160308395,12849.23077,3.950400925,4.081631518,4.213617368,7211.935467,3.782674469,3.896047488,4.02226162
2022/6/10,NA,3.916425878,4.030468462,4.151002077,NA,3.933591002,4.063521962,4.195299061,NA,3.771907094,3.886519548,4.012561725
2022/6/11,NA,3.90653501,4.020692195,4.141683692,NA,3.917354512,4.044394731,4.173845056,NA,3.762000891,3.876455126,4.002298265
2022/6/12,11051.36612,3.894135601,4.010886261,4.131694622,9866.666667,3.899588901,4.02466449,4.15061225,4753.805774,3.75057666,3.86641032,3.991614566
2022/6/13,NA,3.882999811,3.999102046,4.119847701,NA,3.8778465,4.003856193,4.127990373,NA,3.738187619,3.855286207,3.981570435
2022/6/14,27604.39258,3.869101443,3.986997598,4.108087925,7644.337321,3.85877517,3.982593521,4.10739518,500,3.72672294,3.843947884,3.968019655
2022/6/15,NA,3.853982538,3.974297758,4.094626515,NA,3.834308016,3.960188027,4.085270611,NA,3.71443212,3.831519014,3.956812265
2022/6/16,500,3.838846349,3.961057255,4.080414203,7991.87409,3.811768139,3.938146858,4.061888849,2526.921788,3.703637863,3.81872339,3.944273444
2022/6/17,NA,3.823125895,3.946928328,4.065959741,NA,3.789573097,3.915704034,4.038036262,NA,3.691169659,3.80697339,3.930904305
2022/6/18,NA,3.806419953,3.931316977,4.053004221,NA,3.766339693,3.892727289,4.018966605,NA,3.677163756,3.794427076,3.918955917
2022/6/19,2728.145477,3.790447726,3.916706996,4.038117094,9211.926327,3.741958412,3.870139042,3.996392277,9058.774254,3.66311855,3.781535337,3.905227072
2022/6/20,NA,3.772847211,3.901494363,4.024120604,NA,3.717526692,3.847385277,3.975498275,NA,3.647941734,3.767917946,3.890671625
2022/6/21,14011.34788,3.756414996,3.886209439,4.008543491,500,3.692912492,3.824986909,3.954872894,7012.388251,3.632125056,3.754008351,3.876214961
2022/6/22,NA,3.736089918,3.870353035,3.996765257,NA,3.668322953,3.803015784,3.935552412,NA,3.6157782,3.740353827,3.861649098
2022/6/23,8711.918257,3.717642389,3.855231363,3.983353731,500,3.644281043,3.781402323,3.916667468,500,3.601194233,3.725350084,3.849724014
2022/6/24,NA,3.698827029,3.838382203,3.970256405,NA,3.619414191,3.760297858,3.897919748,NA,3.585621384,3.710269474,3.83633751
2022/6/25,NA,3.679934599,3.822036718,3.957208888,NA,3.596664454,3.73940645,3.878172077,NA,3.567137433,3.695435741,3.824646459
2022/6/26,500,3.66037376,3.806566359,3.944204406,500,3.573794,3.719112972,3.858975469,500,3.550150046,3.680494821,3.810985299
2022/6/27,NA,3.643647308,3.791862259,3.930987279,NA,3.550578206,3.699465643,3.842055405,NA,3.534507785,3.665691592,3.796707646
2022/6/28,500,3.627134967,3.777852822,3.91831692,500,3.529623797,3.680749162,3.824702819,5925.240615,3.516390799,3.65041723,3.783371901
2022/6/29,NA,3.609615145,3.764519533,3.905335983,NA,3.509282168,3.662296499,3.807835376,NA,3.497038351,3.635112956,3.769962327
2022/6/30,500,3.595569336,3.751214754,3.89234777,500,3.485854657,3.645131713,3.792938202,500,3.479044882,3.619295395,3.755896389
2022/7/1,NA,3.581551091,3.738813116,3.880845354,NA,3.46524084,3.628108516,3.779190092,NA,3.457683619,3.603793151,3.743006669
2022/7/2,NA,3.568968403,3.727216922,3.870731222,NA,3.444885126,3.611178335,3.764754064,NA,3.436532452,3.588545849,3.730576175
2022/7/3,500,3.555450432,3.715748197,3.859291854,5557.645801,3.424581627,3.594444798,3.750140187,500,3.418116744,3.572956696,3.717198262
2022/7/4,NA,3.544350284,3.704846597,3.85077408,NA,3.405297228,3.577327069,3.738197913,NA,3.398135203,3.558467886,3.705727269
2022/7/5,500,3.535057891,3.695741199,3.843790183,500,3.383126839,3.561703884,3.727559466,4271.540089,3.377237262,3.543010609,3.691816836
2022/7/6,NA,3.52617837,3.686986172,3.835739058,NA,3.366905512,3.546435423,3.715664979,NA,3.355957274,3.527840728,3.678892661
2022/7/7,500,3.518778278,3.679083106,3.829986205,500,3.348551503,3.530931442,3.702166039,500,3.334484154,3.51188788,3.670269758
2022/7/8,NA,3.511474715,3.672462876,3.824869354,NA,3.329789989,3.515779359,3.691386467,NA,3.314807459,3.496375329,3.658667356
2022/7/9,NA,3.505043196,3.665874473,3.8172762,NA,3.312398968,3.501819464,3.679013773,NA,3.294180359,3.481054263,3.646980521
2022/7/10,500,3.499565073,3.659720079,3.811598789,500,3.296599342,3.487540159,3.668034049,500,3.273283624,3.466536018,3.635649204
2022/7/11,NA,3.494069642,3.654571747,3.806550208,NA,3.281561683,3.474607339,3.656268532,NA,3.252437627,3.451518505,3.623054603
2022/7/12,6752.807341,3.489394313,3.650321561,3.803371031,500,3.266944829,3.462148473,3.646980821,500,3.231335396,3.438279984,3.612654856
2022/7/13,NA,3.484826807,3.646245291,3.797735811,NA,3.251927018,3.450280669,3.636020571,NA,3.209398935,3.42455038,3.602402942
2022/7/14,500,3.481080243,3.643378188,3.792274985,500,3.235715031,3.437988719,3.628057449,500,3.189753752,3.410125355,3.593660433
2022/7/15,NA,3.476258724,3.640355895,3.78817453,NA,3.220113102,3.426542151,3.621041856,NA,3.170990265,3.395787939,3.583693584
2022/7/16,NA,3.473323293,3.637716013,3.785483934,NA,3.209424268,3.415525962,3.609900683,NA,3.153283111,3.382411843,3.57258584
2022/7/17,500,3.471860294,3.635781794,3.782049963,500,3.19456937,3.40527581,3.601689132,500,3.133399038,3.371018647,3.562862485
2022/7/18,NA,3.469282564,3.634041222,3.780023969,NA,3.180537175,3.395892022,3.595007488,NA,3.117411078,3.35861842,3.55382386
2022/7/19,500,3.468753402,3.632568406,3.77882394,500,3.165339637,3.387208197,3.586359953,500,3.10269088,3.345911181,3.544905801
2022/7/20,NA,3.468206227,3.632057734,3.778090326,NA,3.154960318,3.378081853,3.582042047,NA,3.084425954,3.334075999,3.536280416
2022/7/21,500,3.469081252,3.630900364,3.778221345,500,3.14361703,3.369455851,3.57593342,500,3.06988628,3.32252568,3.527501476
2022/7/22,NA,3.471389266,3.631567843,3.777350286,NA,3.13370196,3.362233196,3.568225795,NA,3.053069148,3.312208196,3.521061797
2022/7/23,NA,3.471705834,3.633061115,3.777932663,NA,3.122352939,3.353599463,3.562751158,NA,3.039125784,3.302292181,3.5128272
2022/7/24,500,3.474400952,3.634913324,3.778811929,500,3.109094307,3.345490084,3.558065968,500,3.024333577,3.291750795,3.505471941
2022/7/25,NA,3.477912928,3.636341337,3.778813654,NA,3.100213642,3.338350069,3.553887716,NA,3.010918296,3.283062066,3.498298372
2022/7/26,3500.321147,3.478460306,3.637441871,3.780344386,500,3.089431115,3.331714983,3.549207731,500,2.999745018,3.273713425,3.493409925
2022/7/27,NA,3.482142968,3.639520618,3.78219228,NA,3.081655949,3.324967884,3.544624453,NA,2.986372334,3.264063414,3.486453633
2022/7/28,500,3.484590419,3.640536076,3.784435193,500,3.072646581,3.319062364,3.541524931,500,2.976857067,3.256907552,3.482093846
2022/7/29,NA,3.48440301,3.642603414,3.786845947,NA,3.064036011,3.313420909,3.538598095,NA,2.962898212,3.250024552,3.478027125
2022/7/30,NA,3.489245757,3.64442415,3.791025375,NA,3.055803455,3.3075561,3.53760161,NA,2.952628214,3.243342729,3.473109847
2022/7/31,500,3.492427866,3.64619298,3.794291849,500,3.049352776,3.302351637,3.536501321,500,2.940537002,3.236075292,3.46518086
2022/8/1,NA,3.497606694,3.649063767,3.795865475,NA,3.044016197,3.297666017,3.536943395,NA,2.932820193,3.230085337,3.459583012
2022/8/2,500,3.500944621,3.651412662,3.79997878,500,3.039857076,3.293587016,3.534317284,500,2.92267711,3.223976148,3.456668388
2022/8/3,NA,3.502340906,3.654131552,3.802886273,NA,3.033110304,3.287722038,3.534399221,NA,2.912853444,3.217518331,3.450177376
2022/8/4,500,3.505513874,3.65670395,3.804760662,500,3.027984336,3.283067439,3.532762293,500,2.903325017,3.211772971,3.44255794
2022/8/5,NA,3.50613491,3.658974101,3.807827888,NA,3.020827539,3.279225373,3.531999539,NA,2.893471244,3.208274021,3.441091305
2022/8/6,NA,3.507030533,3.660526813,3.81120166,NA,3.016089904,3.275968269,3.530560624,NA,2.888713732,3.202905729,3.43926701
2022/8/7,500,3.509659154,3.662345386,3.812593148,500,3.009590398,3.273654751,3.532256743,500,2.882976969,3.199483068,3.435834856
2022/8/8,NA,3.50996247,3.662698269,3.813313467,NA,3.00226797,3.270632595,3.530386698,NA,2.874119914,3.196183199,3.431717644
2022/8/9,15161.76088,3.507913108,3.661874566,3.812350957,500,3.003131293,3.267914452,3.530721427,500,2.871792042,3.192926226,3.427633677
2022/8/10,NA,3.505255872,3.660952191,3.811062989,NA,2.997179512,3.267382257,3.528992316,NA,2.866371729,3.190872246,3.425862228
2022/8/11,7076.88729,3.503201103,3.659485706,3.810002725,500,2.992657602,3.265324571,3.528068903,500,2.863752192,3.188697255,3.426891151
2022/8/12,NA,3.50186227,3.656972765,3.81068496,NA,2.990097353,3.263318313,3.527328062,NA,2.858480651,3.186750304,3.425425497
2022/8/13,NA,3.49722436,3.654042748,3.807572872,NA,2.98666976,3.263334939,3.526620231,NA,2.856574269,3.185834025,3.424683502
2022/8/14,500,3.491114072,3.650162114,3.803262768,500,2.983166151,3.261321564,3.523271839,500,2.855221905,3.18386645,3.423962788
2022/8/15,NA,3.485923966,3.645984987,3.801530898,NA,2.981018259,3.260569851,3.521728346,NA,2.85254304,3.183761844,3.419916837
2022/8/16,500,3.478159052,3.641508061,3.798057454,500,2.98145197,3.260328623,3.520309886,500,2.851163268,3.185143245,3.41848515
2022/8/17,NA,3.471965147,3.636689672,3.79601389,NA,2.976142304,3.25966349,3.52301855,NA,2.849184447,3.184152263,3.416802035
2022/8/18,500,3.4658646,3.631269785,3.791241514,500,2.9781237,3.258795293,3.525132419,500,2.849252913,3.1844589,3.416008423
2022/8/19,NA,3.458446571,3.626520242,3.787191838,NA,2.974620305,3.258574378,3.524795051,NA,2.852506494,3.184947628,3.41548244
2022/8/20,NA,3.451055938,3.621836308,3.78578689,NA,2.975457159,3.258472035,3.525523494,NA,2.8610966,3.18505083,3.416551228
2022/8/21,500,3.442432251,3.616104244,3.781963143,500,2.977601278,3.259068073,3.52445191,500,2.868655281,3.185285907,3.418634661
2022/8/22,NA,3.434560812,3.611758366,3.778478178,NA,2.980351986,3.260099533,3.523677645,NA,2.871464236,3.187161833,3.420075414
2022/8/23,500,3.425482842,3.607309882,3.776323115,500,2.981449304,3.260358541,3.525656609,500,2.876304956,3.188715998,3.423858925
2022/8/24,NA,3.418402022,3.602648199,3.774980951,NA,2.979757912,3.26310339,3.526558874,NA,2.884739026,3.189912279,3.422804713
2022/8/25,500,3.413411376,3.597714023,3.772995145,500,2.976611249,3.26573144,3.526945386,500,2.888374148,3.192437413,3.425186951
2022/8/26,NA,3.410330342,3.594806775,3.771200483,NA,2.979442561,3.267680286,3.52988568,NA,2.893833174,3.195140902,3.427296992
2022/8/27,NA,3.406578599,3.591050969,3.767292922,NA,2.986053812,3.269049416,3.527652213,NA,2.900438884,3.198165555,3.426665349
2022/8/28,500,3.404448238,3.589191409,3.764398513,500,2.99131594,3.270105303,3.52934206,500,2.911717367,3.201825655,3.430318061
2022/8/29,NA,3.401038301,3.58713193,3.761353431,NA,2.99472114,3.271228548,3.529106742,NA,2.918323462,3.205328192,3.431987528
2022/8/30,500,3.400494343,3.585659368,3.760945018,500,2.997458925,3.274490624,3.528845347,500,2.927420796,3.210509387,3.43439691
2022/8/31,NA,3.397609977,3.585054188,3.759047026,NA,3.001205323,3.276307903,3.533290825,NA,2.937049801,3.215603206,3.435698676
2022/9/1,500,3.397212624,3.583445754,3.758554163,500,3.005691082,3.279389529,3.53146487,500,2.94373721,3.221997146,3.440768635
2022/9/2,NA,3.398609368,3.583391434,3.758959682,NA,3.009622598,3.282551941,3.533991609,NA,2.950869849,3.228421634,3.44595563
2022/9/3,NA,3.401205573,3.584838106,3.757341713,NA,3.015832359,3.287610812,3.534063824,NA,2.960973414,3.234354082,3.452439063
2022/9/4,500,3.401175772,3.585989883,3.760427098,500,3.022008821,3.290830423,3.536579636,500,2.972572016,3.241177867,3.458306096
2022/9/5,NA,3.406102076,3.587662138,3.761592744,NA,3.026054314,3.295042139,3.541789492,NA,2.984798817,3.248790576,3.464423925
2022/9/6,500,3.409242254,3.589786518,3.764398985,500,3.029408417,3.300181971,3.547060585,500,2.99722793,3.256012841,3.469791962
2022/9/7,NA,3.413175211,3.592529054,3.765826755,NA,3.036494755,3.305425996,3.549642708,NA,3.008397916,3.263702185,3.476233709
2022/9/8,500,3.417596511,3.59554288,3.768200295,500,3.042772282,3.309753374,3.551960624,500,3.02298347,3.272710525,3.481786276
2022/9/9,NA,3.422081929,3.597705194,3.769556365,NA,3.053864836,3.314902053,3.557450778,NA,3.035563274,3.28189723,3.490766538
2022/9/10,NA,3.42923193,3.60003958,3.770985915,NA,3.060008905,3.321575191,3.56200487,NA,3.04985755,3.292859738,3.497868845
2022/9/11,500,3.433313483,3.603492556,3.772790541,500,3.066657831,3.327541781,3.563894054,500,3.06531048,3.303478741,3.50521908
2022/9/12,NA,3.438064037,3.607226899,3.776936255,NA,3.075074212,3.333603206,3.568870311,NA,3.079435437,3.314807264,3.512081949
2022/9/13,500,3.444887456,3.61100579,3.779778869,500,3.081863839,3.341285335,3.574263049,500,3.094760915,3.327189545,3.523277772
2022/9/14,NA,3.451145952,3.61395963,3.780349138,NA,3.090304438,3.347687887,3.58278757,NA,3.111551145,3.338539673,3.534061033
2022/9/15,6798.884016,3.457136393,3.617839374,3.78275308,500,3.09963518,3.354264936,3.587160763,500,3.126873637,3.351940221,3.544125055
2022/9/16,NA,3.463031135,3.621899451,3.784050822,NA,3.105814428,3.361130006,3.592596478,NA,3.141967783,3.365414131,3.552973211
2022/9/17,NA,3.467873722,3.625354615,3.786018509,NA,3.116273742,3.368682561,3.599647363,NA,3.163108293,3.378982029,3.563432765
2022/9/18,500,3.473247982,3.627794985,3.789894375,500,3.124036466,3.377745963,3.607008705,500,3.181403344,3.39396178,3.574938339
2022/9/19,NA,3.478235265,3.631072835,3.794651812,NA,3.13615166,3.385039618,3.614424123,NA,3.201646399,3.408322994,3.586052641
2022/9/20,500,3.48309723,3.634967422,3.799060326,500,3.150363435,3.392171674,3.620912102,500,3.221521991,3.423662387,3.598918716
2022/9/21,NA,3.488367047,3.638052858,3.801936577,NA,3.161576779,3.400239208,3.626221974,NA,3.241146605,3.43961264,3.610838753
2022/9/22,4796.077066,3.490851412,3.641377243,3.804566131,500,3.174201027,3.409074574,3.633774981,500,3.261692543,3.455737963,3.625616606
2022/9/23,NA,3.497246907,3.644458205,3.808561609,NA,3.18657658,3.417298435,3.640215844,NA,3.283284559,3.473013167,3.641273606
2022/9/24,NA,3.499638051,3.648576759,3.811299651,NA,3.202723664,3.425919265,3.648769525,NA,3.306141011,3.490325943,3.656709705
2022/9/25,500,3.504547286,3.652671082,3.813871261,500,3.21327337,3.435333444,3.655649178,500,3.326009998,3.508097244,3.669923775
2022/9/26,NA,3.506975292,3.656020658,3.814334981,NA,3.227019882,3.443237901,3.662683054,NA,3.346698766,3.52677708,3.686813068
2022/9/27,NA,3.510808859,3.660071345,3.816208434,NA,3.241970832,3.452467732,3.668688994,NA,3.368895113,3.545178923,3.701790524
2022/9/28,NA,3.515449881,3.663898894,3.820037631,NA,3.253306303,3.460567956,3.676053164,NA,3.392729404,3.564324915,3.718684332
2022/9/29,NA,3.520978995,3.667616688,3.823657116,NA,3.267042777,3.468803721,3.680794148,NA,3.417134051,3.583118542,3.737064695
2022/9/30,NA,3.525626456,3.671601514,3.825728299,NA,3.281834655,3.47856313,3.686155365,NA,3.437841756,3.602497271,3.752430562
2022/10/1,NA,3.530401286,3.677005445,3.828099786,NA,3.296292807,3.488265443,3.691221909,NA,3.463524051,3.621638817,3.769421358
2022/10/2,500,3.536785315,3.681424583,3.830231059,4510.930356,3.310275455,3.497939632,3.696079838,500,3.485762384,3.640782707,3.785487527
2022/10/3,NA,3.541597979,3.686513747,3.832012383,NA,3.319449591,3.506274985,3.698865764,NA,3.510437663,3.660979872,3.802715658
2022/10/4,7383.589312,3.549231902,3.692186033,3.836645707,500,3.32931599,3.514990582,3.703708192,9841.259449,3.534027465,3.679530123,3.820160092
2022/10/5,NA,3.555311184,3.698617582,3.841496934,NA,3.339565609,3.525101705,3.710489821,NA,3.554721524,3.699205533,3.83678452
2022/10/6,NA,3.561272253,3.705695378,3.844326877,NA,3.352971426,3.535896972,3.715476317,NA,3.576525902,3.718599016,3.852110214
2022/10/7,500,3.570177121,3.712623931,3.848571674,500,3.362195261,3.54635467,3.720614102,5974.68799,3.599419679,3.736971414,3.870235421
2022/10/8,NA,3.579021783,3.720855855,3.853145593,NA,3.372427707,3.557197099,3.726036586,NA,3.621583082,3.756338562,3.886158728
2022/10/9,500,3.58811573,3.728719007,3.858082231,500,3.382865369,3.567439959,3.734504527,4036.588848,3.640993812,3.775552424,3.901326933
2022/10/10,NA,3.598908688,3.73726127,3.865065357,NA,3.396165368,3.578671981,3.743544005,NA,3.660907356,3.793702646,3.918230846
2022/10/11,500,3.608509678,3.747229195,3.873832593,500,3.407210935,3.589239175,3.753408943,500,3.683424385,3.811466675,3.936219089
2022/10/12,NA,3.619707786,3.757812798,3.882226268,NA,3.418710233,3.599881021,3.764093531,NA,3.702287779,3.829606483,3.955664505
2022/10/13,500,3.631940929,3.770214717,3.891392791,500,3.431997652,3.61308304,3.772848277,500,3.720449652,3.848576485,3.975183623
2022/10/14,NA,3.647422397,3.782626739,3.903299238,NA,3.447222483,3.62667274,3.783927162,NA,3.740983746,3.867642921,3.995723093
2022/10/15,NA,3.663372153,3.795178683,3.915450641,NA,3.462548576,3.640395716,3.795716082,NA,3.760276749,3.88605244,4.014470942
2022/10/16,5003.901517,3.680918801,3.808776364,3.927806688,500,3.478562377,3.654569526,3.807983245,14935.38708,3.780003097,3.90412019,4.032516412
2022/10/17,NA,3.696495859,3.823078618,3.941801965,NA,3.497626447,3.669900792,3.819863413,NA,3.798205157,3.921869973,4.051891699
2022/10/18,500,3.716165124,3.838045562,3.957058359,500,3.517121919,3.685671169,3.833078178,17722.50235,3.814884754,3.93974714,4.068944552
2022/10/19,NA,3.732882096,3.853492297,3.971776794,NA,3.537434463,3.70207288,3.845048349,NA,3.83296669,3.957663887,4.087236432
2022/10/20,4616.63025,3.750672594,3.870018112,3.988044591,500,3.56103416,3.718872587,3.857503024,6944.248586,3.849153659,3.974703274,4.107727038
2022/10/21,NA,3.768390444,3.887583735,4.004714506,NA,3.583459628,3.736133251,3.8713964,NA,3.864508164,3.992052083,4.126098022
2022/10/22,NA,3.787277103,3.905147702,4.022106692,NA,3.60406686,3.753287289,3.887898735,NA,3.881253438,4.008979436,4.143621767
2022/10/23,5514.220945,3.806834814,3.923003455,4.039359582,500,3.62632364,3.770940362,3.902598204,11553.6284,3.898036281,4.026041174,4.162631
2022/10/24,NA,3.826288896,3.941793344,4.058846955,NA,3.648763888,3.789652221,3.918169673,NA,3.91338053,4.042103833,4.181930141
2022/10/25,8398.627705,3.846641299,3.960284049,4.076847774,10094.51376,3.672382438,3.807383868,3.934972631,11125.5948,3.928062285,4.059012538,4.199466997
2022/10/26,NA,3.86706925,3.979349644,4.09461352,NA,3.691452384,3.825485994,3.948635814,NA,3.943802744,4.07594173,4.213797998
2022/10/27,9960.866968,3.884391524,3.998407364,4.115473895,8575.141767,3.709728168,3.843172296,3.963968317,9592.647676,3.958817721,4.091653368,4.227881897
2022/10/28,NA,3.904832343,4.017628658,4.135807868,NA,3.727322686,3.860317448,3.980831827,NA,3.972265041,4.106996289,4.242952511
2022/10/29,NA,3.924854709,4.03747362,4.15495367,NA,3.745524134,3.87686471,3.995556581,NA,3.986722759,4.122369482,4.2611232
2022/10/30,3529.929623,3.943777262,4.057254192,4.17701577,3279.539538,3.763937289,3.893107262,4.010000829,14772.31368,4.002141014,4.137365755,4.277458024
2022/10/31,NA,3.962970353,4.07776861,4.19751261,NA,3.781786016,3.908457411,4.023972449,NA,4.017665766,4.151685561,4.292983142
2022/11/1,21232.06313,3.982443247,4.098038311,4.222161788,26887.39564,3.79864893,3.923204061,4.037791126,19263.33862,4.030583123,4.165820176,4.307275071
2022/11/2,NA,4.000441596,4.117591081,4.242779317,NA,3.812249949,3.937342032,4.049792877,NA,4.044519886,4.178894815,4.321404013
2022/11/3,13982.34937,4.016814745,4.136482583,4.265039837,6875.47886,3.825546576,3.951501503,4.063631715,17956.95045,4.057008628,4.192529904,4.334852893
2022/11/4,NA,4.035124822,4.15547903,4.286027342,NA,3.839796016,3.965137846,4.076883294,NA,4.070730331,4.206116138,4.347107826
2022/11/5,NA,4.050178235,4.173402261,4.305445413,NA,3.853140249,3.977281342,4.091461083,NA,4.082909195,4.219113148,4.359633049
2022/11/6,34825.42122,4.065919723,4.190627905,4.325224646,10160.7934,3.86338973,3.988298219,4.104902764,33237.81184,4.0957499,4.232355311,4.373168537
2022/11/7,NA,4.081736974,4.207210111,4.342139366,NA,3.873492184,3.999381648,4.117303221,NA,4.107334053,4.245109068,4.388840373
2022/11/8,NA,4.09594681,4.223061599,4.360224129,NA,3.883593344,4.009816804,4.127884033,NA,4.120097269,4.256692072,4.400181364
2022/11/9,NA,4.110588199,4.238491011,4.375794169,NA,3.894466435,4.019964682,4.139887074,NA,4.130940634,4.268926445,4.412238606
2022/11/10,42802.15104,4.122822604,4.253214986,4.390616929,10355.61648,3.905090234,4.029286189,4.151641901,16448.72813,4.141775024,4.281232765,4.427135838
2022/11/11,NA,4.134139618,4.267537924,4.40582541,NA,3.913730277,4.038241185,4.162468525,NA,4.15176828,4.292962656,4.436992428
2022/11/12,NA,4.144603035,4.280820035,4.417103203,NA,3.923202079,4.047593175,4.173183697,NA,4.163357784,4.304129743,4.449192728
2022/11/13,24683.82472,4.156968634,4.293179281,4.429809116,7873.780372,3.932223361,4.056371061,4.185641206,20046.00039,4.173543316,4.315238777,4.462991671
2022/11/14,NA,4.167569864,4.304021508,4.440912103,NA,3.940557561,4.06434198,4.1955412,NA,4.183501592,4.326823361,4.475454129
2022/11/15,14399.59495,4.176479749,4.314314858,4.449736108,12785.94238,3.948568259,4.072148125,4.205550143,19480.4893,4.193748086,4.338148127,4.485755178
2022/11/16,NA,4.186309497,4.323896221,4.457600445,NA,3.953126467,4.080138728,4.215854563,NA,4.204159993,4.349797046,4.497721708
2022/11/17,23315.60718,4.193808553,4.333566779,4.467785018,6629.937826,3.959475121,4.088378944,4.225096701,12453.96511,4.21697281,4.361016791,4.509080008
2022/11/18,NA,4.203187228,4.342748457,4.476115522,NA,3.965998902,4.095904904,4.233310594,NA,4.228716386,4.37247492,4.519378344
2022/11/19,NA,4.210256203,4.3502442,4.483131123,NA,3.973983927,4.103206852,4.242863679,NA,4.240419139,4.383385926,4.531189669
2022/11/20,26907.12384,4.216984473,4.356528441,4.489613367,26095.41092,3.979285168,4.109627278,4.252429413,83922.81676,4.251767149,4.394253025,4.543314101
2022/11/21,NA,4.224273259,4.363477109,4.495094596,NA,3.986771138,4.116061526,4.25800956,NA,4.26287591,4.404840997,4.552144813
2022/11/22,NA,4.230906378,4.368641055,4.496958352,NA,3.992831833,4.122635546,4.264878597,NA,4.270679931,4.415022845,4.562931982
2022/11/23,NA,4.237365059,4.374541238,4.499543279,NA,3.998363336,4.12945431,4.271883904,NA,4.280391849,4.425053926,4.571964371
2022/11/24,NA,4.2445675,4.378701571,4.504640636,NA,4.003402727,4.135412619,4.277488261,NA,4.289864775,4.433899031,4.580352036
2022/11/25,NA,4.249589168,4.383453914,4.509045436,NA,4.010140879,4.141465821,4.282952358,NA,4.299269296,4.442627231,4.590872981
2022/11/26,NA,4.254430183,4.387080852,4.511172354,NA,4.015388707,4.147238004,4.287898322,NA,4.309683045,4.451511677,4.597878401
2022/11/27,35242.97308,4.259082241,4.38952927,4.513399844,15793.54237,4.020816486,4.152469083,4.293770573,9782.880277,4.318534988,4.460297696,4.606166212
2022/11/28,NA,4.263848904,4.39122776,4.515616576,NA,4.026818631,4.15752516,4.299165404,NA,4.327671002,4.468397952,4.614284817
2022/11/29,30802.91646,4.267305589,4.392145484,4.514779915,23540.94282,4.032132439,4.162589725,4.304515303,71081.05251,4.336729479,4.475716874,4.621799546
2022/11/30,NA,4.268429412,4.392578477,4.514663912,NA,4.039279074,4.167961493,4.307569216,NA,4.344206064,4.483540118,4.628051718
2022/12/1,34677.86939,4.270406937,4.392702804,4.515295183,4360.823055,4.041836592,4.173175563,4.313350526,37982.91859,4.350086086,4.490068277,4.634915966
2022/12/2,NA,4.270120402,4.392090297,4.514602149,NA,4.049403684,4.178483555,4.318155633,NA,4.355707567,4.496651965,4.640818857
2022/12/3,NA,4.270047413,4.391391267,4.513793961,NA,4.055952891,4.183250581,4.324519022,NA,4.363094346,4.502494298,4.647233777
2022/12/4,25666.61933,4.267005482,4.389675007,4.512864186,18442.52647,4.059294604,4.188647145,4.328973124,42534.76922,4.365597396,4.508209528,4.652169975
2022/12/5,NA,4.26649556,4.38693654,4.509752098,NA,4.063863662,4.193896721,4.333693851,NA,4.368600415,4.512905911,4.657511198
2022/12/6,32827.1394,4.263167014,4.384472843,4.508920555,24308.47804,4.069753951,4.198484519,4.338347022,40255.41256,4.370917766,4.516338203,4.660103562
2022/12/7,NA,4.258024684,4.382372203,4.505625546,NA,4.074284332,4.203582283,4.344959055,NA,4.371460659,4.519279362,4.661986135
2022/12/8,9332.737486,4.253753541,4.379999793,4.502936596,24143.714,4.077689382,4.208147967,4.348639984,51140.04943,4.372180702,4.521803188,4.662303308
2022/12/9,NA,4.250417676,4.376701777,4.50122704,NA,4.081354584,4.213312506,4.353478942,NA,4.373277194,4.523148369,4.663775512
2022/12/10,NA,4.244906487,4.373633587,4.50008838,NA,4.085357144,4.217487369,4.357936589,NA,4.371307141,4.524065667,4.663847122
2022/12/11,37590.25644,4.241969485,4.369286133,4.498493964,17030.86164,4.089387808,4.222319911,4.362237974,79489.21466,4.368360664,4.523452822,4.666244588
2022/12/12,NA,4.235237455,4.365135628,4.496169188,NA,4.09163693,4.226825915,4.369040028,NA,4.365202376,4.521256357,4.664715198
2022/12/13,28216.43068,4.229686332,4.361058895,4.493972652,7949.50738,4.09528156,4.231920618,4.375242217,32482.63363,4.359826706,4.518289859,4.663862563
2022/12/14,NA,4.223231315,4.356993069,4.490210521,NA,4.097127126,4.236239218,4.381788946,NA,4.351886833,4.514564403,4.660994994
2022/12/15,23434.28352,4.217771161,4.35290621,4.486375506,29519.87215,4.100378897,4.24017361,4.388535045,64125.61409,4.345130851,4.509989208,4.660467359
2022/12/16,NA,4.211267601,4.347962999,4.483298067,NA,4.104686092,4.245363538,4.395138947,NA,4.338085968,4.505138679,4.657411558
2022/12/17,NA,4.203747947,4.342452639,4.47837979,NA,4.108489236,4.249964425,4.399422098,NA,4.331987738,4.499414977,4.653033543
2022/12/18,28182.98723,4.197798328,4.336480493,4.473545261,8489.796884,4.112977584,4.255644987,4.40779476,14965.60664,4.323554354,4.492993396,4.648118798
2022/12/19,NA,4.191470883,4.331392608,4.468794577,NA,4.119113275,4.260366917,4.412674732,NA,4.316807063,4.485658093,4.644440067
2022/12/20,NA,4.184555584,4.326205376,4.462102768,NA,4.124375347,4.265455878,4.418676401,NA,4.306867433,4.478229393,4.638901918
2022/12/21,NA,4.179315426,4.31947163,4.456208259,NA,4.129787006,4.2707864,4.424787806,NA,4.300153825,4.469544623,4.632450035
2022/12/22,NA,4.172444168,4.312403247,4.450916414,NA,4.134822246,4.27586771,4.429718914,NA,4.290407852,4.460274667,4.624650103
2022/12/23,NA,4.167005964,4.30495221,4.446952588,NA,4.139781631,4.280405332,4.434591879,NA,4.28285511,4.450896259,4.613297226
2022/12/24,NA,4.160206923,4.298303226,4.439042955,NA,4.146772866,4.285187312,4.438499436,NA,4.273792094,4.440987067,4.602967648
2022/12/25,NA,4.152413528,4.290589009,4.431137778,NA,4.152276587,4.288732397,4.441725277,NA,4.264426021,4.43033091,4.592450959
2022/12/26,23536.40694,4.143285407,4.282722769,4.424411703,24197.77574,4.159026497,4.292419747,4.445706045,51674.48348,4.254716997,4.418857633,4.580170824
2022/12/27,NA,4.135360264,4.27510189,4.414580221,NA,4.160703972,4.29545674,4.447617011,NA,4.244946651,4.406519831,4.567248633
2022/12/28,NA,4.12650537,4.266575699,4.404951667,NA,4.162773812,4.297637344,4.447046306,NA,4.233852623,4.393588313,4.55452397
2022/12/29,NA,4.119088364,4.256941389,4.394194886,NA,4.16481267,4.298583476,4.447227839,NA,4.222743684,4.379092742,4.539460019
2022/12/30,NA,4.111623139,4.248595973,4.384779529,NA,4.167940405,4.298525686,4.446033512,NA,4.212938318,4.363912439,4.52187773
2022/12/31,NA,4.102876621,4.239645845,4.373625799,NA,4.166452786,4.298925987,4.444299032,NA,4.200313972,4.348624631,4.503169376
2023/1/1,NA,4.095724023,4.230286646,4.362294041,NA,4.168632107,4.297144926,4.438182288,NA,4.18615272,4.332301649,4.485613837
2023/1/2,20676.26787,4.087060379,4.220647711,4.352144568,55284.21628,4.166574887,4.294147952,4.431270481,39004.472,4.170108966,4.316513284,4.466070156
2023/1/3,23468.73422,4.08040833,4.210350124,4.341395548,24291.46794,4.163970934,4.289873204,4.427009869,24425.73323,4.155902034,4.299112448,4.448672284
2023/1/4,NA,4.070847959,4.199837213,4.329674876,52610.58539,4.160817619,4.284707611,4.421288006,NA,4.139891214,4.281078206,4.428175526
2023/1/5,12066.54757,4.062999898,4.189185353,4.31622134,16757.63029,4.156069543,4.278525549,4.414431139,21939.03784,4.124364352,4.262220006,4.40621871
2023/1/6,NA,4.05332862,4.177547794,4.302447888,NA,4.149481589,4.271711046,4.404778392,NA,4.10787869,4.243346627,4.386401306
2023/1/7,NA,4.042411192,4.166245161,4.287737253,NA,4.143216013,4.262923006,4.394264288,NA,4.08950036,4.223390035,4.363780546
2023/1/8,31275.15677,4.031224896,4.153608855,4.275131135,10029.08233,4.13489019,4.253860334,4.382025406,40369.05651,4.070803239,4.202984252,4.338875177
2023/1/9,NA,4.021666587,4.141646563,4.262647062,41431.32493,4.127216413,4.243191304,4.371231567,NA,4.053186821,4.18250714,4.317202966
2023/1/10,6754.10529,4.007540475,4.12899345,4.24876276,16272.69514,4.117309782,4.231635516,4.359741858,11441.11827,4.034882595,4.161186546,4.295464038
2023/1/11,NA,3.995850196,4.116904655,4.235056898,NA,4.104344252,4.218847766,4.346078184,NA,4.014662781,4.139270723,4.270911924
2023/1/12,15632.00244,3.984256706,4.103892593,4.220731373,17681.72314,4.091461842,4.205322517,4.332992218,14728.32672,3.993297392,4.117864975,4.247863298
2023/1/13,NA,3.973851486,4.091936994,4.207649485,NA,4.07804771,4.191792262,4.31921333,NA,3.970865052,4.095842311,4.226468704
2023/1/14,NA,3.962282546,4.078952469,4.194314088,NA,4.062159811,4.177370863,4.304448069,NA,3.950804792,4.074235963,4.204395543
2023/1/15,500,3.950273712,4.066187027,4.1823381,22289.04011,4.045705438,4.163313345,4.287749837,2532.527143,3.929909495,4.053133501,4.180379475
2023/1/16,NA,3.937696981,4.053319546,4.170142837,NA,4.030212183,4.14809964,4.270754012,NA,3.911386359,4.031925162,4.155855745
2023/1/17,18318.88925,3.924184386,4.040271657,4.15656635,6234.83781,4.013639594,4.132937545,4.257520771,12168.8688,3.891467739,4.011186463,4.133465829
2023/1/18,NA,3.91216769,4.027612277,4.141182564,NA,3.995496205,4.116974027,4.242273455,NA,3.873193368,3.990368442,4.110356961
2023/1/19,6023.912126,3.900121008,4.013906185,4.127595416,9085.09177,3.980183587,4.101397038,4.226694537,7874.53661,3.852412773,3.970821843,4.090267898
2023/1/20,NA,3.888641726,4.00081516,4.11512935,NA,3.963442862,4.086206779,4.212731264,NA,3.834255656,3.950564427,4.071120537
2023/1/21,NA,3.874055927,3.987114934,4.102961328,NA,3.947950322,4.070778388,4.196956113,NA,3.815563689,3.930292868,4.049903752
2023/1/22,8216.613895,3.859870469,3.972894618,4.090000134,5674.641606,3.931225025,4.055520419,4.183994077,4992.068631,3.7963724,3.911074234,4.031648721
2023/1/23,NA,3.845007156,3.958605855,4.076609455,NA,3.91556993,4.04049526,4.167505428,NA,3.775199259,3.892694877,4.013137374
2023/1/24,13430.49638,3.831315394,3.944420627,4.064367648,10129.32675,3.899925524,4.02463818,4.150617302,7500.429633,3.755537604,3.873836861,3.993034019
2023/1/25,NA,3.817900725,3.930015651,4.051976188,NA,3.8846278,4.0092181,4.135407816,NA,3.736912124,3.854475072,3.973734252
2023/1/26,NA,3.802875318,3.914768182,4.038413782,NA,3.869080558,3.99301349,4.11823513,NA,3.719126625,3.836174839,3.956207717
2023/1/27,9824.862595,3.788188375,3.900018532,4.025026276,8952.198336,3.853311876,3.977214827,4.101053277,6664.658968,3.700243008,3.817377731,3.940522621
2023/1/28,NA,3.773822696,3.884746922,4.012262859,NA,3.838489045,3.961608392,4.084473875,NA,3.679187758,3.799195354,3.921102572
2023/1/29,8029.10876,3.756192038,3.870145697,3.997523526,5488.58337,3.821964844,3.945032774,4.070690585,8717.464365,3.658454247,3.780064274,3.903162544
2023/1/30,NA,3.739290018,3.855142215,3.983668383,NA,3.80625525,3.928703101,4.056251047,NA,3.638930636,3.760509874,3.885765502
2023/1/31,500,3.721966279,3.840951328,3.972000533,5452.429192,3.786824934,3.911754811,4.037739512,7550.017557,3.618550704,3.741149391,3.869413328
2023/2/1,NA,3.704343515,3.826805276,3.959875558,NA,3.767721623,3.89498027,4.019466223,NA,3.598138192,3.722448663,3.85301002
2023/2/2,2971.863006,3.687979947,3.812757462,3.946079253,16865.05838,3.749981211,3.87793803,4.002707546,500,3.577312126,3.704928163,3.836862367
2023/2/3,NA,3.669891378,3.798830163,3.934433334,NA,3.72941336,3.859465253,3.983330275,NA,3.557539719,3.686653821,3.820838586
2023/2/4,NA,3.655150973,3.785680426,3.922501074,NA,3.71010463,3.84078497,3.965182555,NA,3.536477877,3.669343733,3.80323482
2023/2/5,500,3.638942313,3.772988873,3.911709341,18101.78329,3.688864918,3.821627618,3.946981038,500,3.516773994,3.652469098,3.78851695
2023/2/6,NA,3.624162897,3.760296068,3.901751986,NA,3.666010714,3.802046634,3.928155332,NA,3.498947396,3.636483104,3.774629946
2023/2/7,500,3.610212863,3.748614603,3.892216661,500,3.642259071,3.78204224,3.912231218,500,3.482483697,3.620653853,3.761966732
2023/2/8,NA,3.596922409,3.737186745,3.882241316,NA,3.617735861,3.760828758,3.893916803,NA,3.468017874,3.606517416,3.748949945
2023/2/9,4261.779019,3.582628211,3.72666483,3.872171777,4027.665397,3.593622237,3.740720211,3.876152146,500,3.451924684,3.592081411,3.737831063
2023/2/10,NA,3.567925522,3.715923657,3.861384487,NA,3.568688886,3.719642463,3.858819397,NA,3.433444042,3.577654466,3.725938037
2023/2/11,500,3.55443663,3.706004945,3.852349505,500,3.54203462,3.698888864,3.839594489,500,3.415892724,3.564923351,3.716686345
2023/2/12,NA,3.541860801,3.696286278,3.842549571,NA,3.518289879,3.678886182,3.82435113,NA,3.40172952,3.552774617,3.703703975
2023/2/13,NA,3.530608336,3.687339816,3.834869122,NA,3.495547038,3.658765467,3.807976033,NA,3.385225885,3.540490691,3.694402264
2023/2/14,500,3.521901543,3.678807469,3.826818811,500,3.471370643,3.639314402,3.792306826,8771.7851,3.370440046,3.528144395,3.683437078
2023/2/15,NA,3.510963911,3.669700787,3.818511153,NA,3.446250158,3.619938687,3.776634437,NA,3.354649069,3.516080054,3.674102891
2023/2/16,8531.363083,3.498333289,3.66223983,3.809907264,500,3.421570373,3.601303858,3.76199374,500,3.339982519,3.503919595,3.664128142
2023/2/17,NA,3.488879324,3.654411889,3.801072037,NA,3.399804242,3.582745423,3.750779528,NA,3.324037946,3.492814696,3.654985698
2023/2/18,NA,3.476570998,3.647299753,3.794233939,NA,3.377882863,3.565969565,3.738273653,NA,3.310100859,3.481320105,3.644398666
2023/2/19,500,3.465511197,3.640037564,3.789181829,500,3.352226005,3.54983587,3.725078009,500,3.294606833,3.470425086,3.636137398
2023/2/20,NA,3.456640792,3.633067853,3.783726388,NA,3.330719964,3.533889782,3.713375813,NA,3.281449622,3.460319566,3.628611923
2023/2/21,500,3.445008976,3.626352373,3.77981577,500,3.312200614,3.520516602,3.702025774,500,3.266956232,3.450943053,3.622012083
2023/2/22,NA,3.435638672,3.620603285,3.775545558,NA,3.291990896,3.506358567,3.691818025,NA,3.253790929,3.441498089,3.612719882
2023/2/23,500,3.428366478,3.614552883,3.770906305,500,3.272746652,3.492861666,3.680292564,500,3.241257924,3.433714856,3.604353204
2023/2/24,NA,3.417134465,3.610029962,3.766955372,NA,3.255391299,3.480903094,3.672419832,NA,3.22735754,3.425531559,3.597806673
2023/2/25,NA,3.410611745,3.604982976,3.764445732,NA,3.242401112,3.469573692,3.663232943,NA,3.218026552,3.416933894,3.59363079
2023/2/26,500,3.403996317,3.600576131,3.762770559,500,3.22859271,3.459300955,3.655858572,500,3.209171832,3.409517974,3.589866013
2023/2/27,NA,3.399275917,3.59699376,3.761546512,NA,3.217141781,3.449200912,3.648009388,NA,3.198187736,3.402810231,3.582793727
2023/2/28,NA,3.394576887,3.594030745,3.759344166,NA,3.204980241,3.44127724,3.641161354,NA,3.192043828,3.396145866,3.579623877
2023/3/1,NA,3.388932995,3.59167906,3.75947483,NA,3.192841738,3.434053374,3.632465335,NA,3.185652487,3.390954549,3.576296416
2023/3/2,500,3.386543726,3.59023024,3.759104169,500,3.183342095,3.427345506,3.628329339,500,3.179418264,3.386142766,3.574491553
2023/3/3,NA,3.382041059,3.589090825,3.759561266,NA,3.173250917,3.420787008,3.625446214,NA,3.171280482,3.382555653,3.573871235
2023/3/4,NA,3.381545196,3.589400132,3.760538073,NA,3.167106582,3.415452907,3.619386818,NA,3.169489394,3.379096666,3.571356588
2023/3/5,500,3.380653828,3.589598309,3.76141346,500,3.159237939,3.409396782,3.614040378,500,3.166226825,3.377293793,3.565739569
2023/3/6,NA,3.381693848,3.59008883,3.761905179,NA,3.151174038,3.404577259,3.610814236,NA,3.1627676,3.375733638,3.565127952
2023/3/7,500,3.380578006,3.591714585,3.763738097,500,3.146464684,3.40088811,3.608279071,500,3.160743154,3.374905152,3.563745134
2023/3/8,NA,3.383558344,3.592748942,3.767164343,NA,3.140806633,3.397894964,3.607042281,NA,3.157102763,3.373820986,3.561856426
2023/3/9,500,3.388567724,3.595188466,3.768145832,500,3.138821079,3.395428688,3.604030177,500,3.156945079,3.374286176,3.561467664
2023/3/10,NA,3.392029667,3.597472728,3.768586678,NA,3.138459373,3.392619971,3.601444995,NA,3.159927206,3.375207656,3.562791173
2023/3/11,NA,3.398493487,3.600955542,3.771260148,NA,3.137107933,3.390981898,3.600617018,NA,3.165597084,3.37663818,3.561683137
2023/3/12,500,3.403881906,3.603964496,3.773172148,500,3.137279808,3.390285512,3.598061696,500,3.167404364,3.377435541,3.56116665
2023/3/13,NA,3.409344918,3.607410655,3.777025953,NA,3.135007694,3.389935909,3.596112086,NA,3.16905244,3.379129543,3.563020782
2023/3/14,500,3.417686457,3.611501722,3.782346498,500,3.134405562,3.391287874,3.596940744,500,3.171346684,3.38148529,3.563052507
2023/3/15,NA,3.422048307,3.614970925,3.785173974,NA,3.13707263,3.392088092,3.599465532,NA,3.173173228,3.384916651,3.562886294
2023/3/16,500,3.431085529,3.619777409,3.786983721,500,3.141021547,3.394179008,3.599631347,500,3.176516607,3.38838141,3.566602033
2023/3/17,NA,3.437713491,3.623469521,3.789260509,NA,3.146759881,3.395189718,3.598698235,NA,3.182332592,3.391473303,3.570127816
2023/3/18,NA,3.445023321,3.626526919,3.793879277,NA,3.15153217,3.398077312,3.598824857,NA,3.190502675,3.395206094,3.572545523
2023/3/19,500,3.451767128,3.629067186,3.794429243,500,3.154889686,3.401795786,3.599555436,500,3.194513054,3.399018367,3.575939589
2023/3/20,NA,3.457973456,3.631891429,3.795496376,NA,3.159941598,3.406589885,3.603824407,NA,3.202902569,3.404546166,3.580288757
2023/3/21,NA,3.464475118,3.634268861,3.797736666,NA,3.168141839,3.41055978,3.606265402,NA,3.2106859,3.410334461,3.588076402
2023/3/22,NA,3.465564552,3.635564229,3.800413434,NA,3.177248196,3.414957544,3.60991557,NA,3.220158324,3.416356499,3.592924056
2023/3/23,5344.265262,3.467172541,3.638140051,3.801114684,500,3.183925141,3.419577556,3.614084663,500,3.229443896,3.422151548,3.594440437
2023/3/24,NA,3.467933416,3.637969926,3.80182664,NA,3.192701448,3.424989821,3.61920999,NA,3.236854628,3.427664907,3.600301909
2023/3/25,NA,3.468608974,3.637025998,3.801235064,NA,3.201630133,3.430575275,3.62224735,NA,3.246133279,3.433825427,3.605237281
2023/3/26,16424.24609,3.466661984,3.634724857,3.799586413,500,3.20977284,3.436585104,3.627166117,500,3.255668357,3.440234034,3.6095667
2023/3/27,NA,3.463440815,3.631405192,3.796031709,NA,3.218183612,3.442532212,3.631387277,NA,3.266186872,3.446620055,3.616666602
2023/3/28,500,3.460007616,3.628135098,3.791285634,500,3.224843578,3.447471786,3.637536433,500,3.27653123,3.452750834,3.621359582
2023/3/29,NA,3.456632232,3.623416781,3.784095506,NA,3.230236381,3.453684679,3.641235941,NA,3.285354324,3.458778797,3.628038974
2023/3/30,500,3.448427285,3.61814384,3.77758786,500,3.238984546,3.458624132,3.647140727,500,3.295359958,3.464501203,3.632451635
2023/3/31,NA,3.440399267,3.611526643,3.770704891,NA,3.249960264,3.464036791,3.651891777,NA,3.304732438,3.470319329,3.636767769
2023/4/1,NA,3.433346689,3.604752039,3.766397732,NA,3.257240881,3.469801262,3.658021286,NA,3.310961625,3.476839,3.641504959
2023/4/2,500,3.423042229,3.597207391,3.758976614,500,3.264158009,3.474125091,3.662967341,500,3.317318907,3.48261724,3.644358008
2023/4/3,NA,3.414862254,3.589554135,3.75379354,NA,3.270708964,3.479038143,3.666348971,NA,3.322487415,3.487804086,3.648481402
2023/4/4,500,3.405096184,3.581024516,3.748386431,3892.453489,3.277552981,3.48361445,3.66810367,500,3.329368818,3.491895355,3.652039329
2023/4/5,NA,3.394007783,3.572705368,3.74151976,NA,3.283136368,3.487491234,3.672858083,NA,3.332094152,3.494694613,3.655039217
2023/4/6,500,3.384036096,3.563925046,3.733773931,500,3.288003291,3.492060954,3.676157142,6612.251501,3.332450716,3.496682857,3.655513981
2023/4/7,NA,3.372617646,3.555663412,3.728118417,NA,3.290457008,3.495102884,3.67904096,NA,3.333394967,3.498630107,3.656411094
2023/4/8,NA,3.363981824,3.546940744,3.720444292,NA,3.296540041,3.499308907,3.682691813,NA,3.333593098,3.498898886,3.655525137
2023/4/9,500,3.352562733,3.537832395,3.713047503,500,3.299487511,3.502588821,3.686536597,4364.90513,3.331725044,3.497698568,3.656905477
2023/4/10,NA,3.339105406,3.529731037,3.706912969,NA,3.301347584,3.505210339,3.68984412,NA,3.329855807,3.496255834,3.654458737
2023/4/11,500,3.32677972,3.520736189,3.700898199,500,3.30393925,3.50781032,3.69087579,500,3.324875169,3.492991277,3.653996857
2023/4/12,NA,3.315262486,3.512150669,3.696546355,NA,3.307409202,3.510922051,3.693453337,NA,3.318584918,3.489148677,3.651521355
2023/4/13,500,3.303436082,3.503502486,3.690100063,500,3.310639305,3.5134203,3.696554552,500,3.311252417,3.484452683,3.650644037
2023/4/14,NA,3.286996394,3.495630587,3.681837971,NA,3.312576997,3.514934483,3.700499538,NA,3.304099327,3.4790207,3.647018688
2023/4/15,NA,3.277506202,3.487813783,3.675525058,NA,3.314714909,3.517233365,3.704459026,NA,3.290885545,3.473567899,3.644967883
2023/4/16,500,3.266925294,3.47993927,3.670090403,500,3.316891862,3.519108396,3.705747026,500,3.279584626,3.467684944,3.64249075
2023/4/17,NA,3.256291833,3.470565883,3.66123818,NA,3.31806114,3.519835572,3.707955856,NA,3.268302868,3.462213922,3.639965358
2023/4/18,NA,3.242689514,3.462633259,3.656885026,500,3.318349825,3.520996839,3.712702565,500,3.257195347,3.455949202,3.636419817
2023/4/19,500,3.232964834,3.455122543,3.650829699,NA,3.320453091,3.522105143,3.710745472,NA,3.244953475,3.450041019,3.633975991
2023/4/20,NA,3.221664385,3.447564926,3.646051597,NA,3.322858799,3.521707971,3.711251573,NA,3.231295467,3.442828822,3.62838188
2023/4/21,NA,3.209702048,3.440154868,3.641358934,NA,3.326202706,3.522020369,3.709257392,NA,3.218361937,3.43540414,3.624233382
2023/4/22,NA,3.199370792,3.433806881,3.637600778,NA,3.325235849,3.521967728,3.710262921,NA,3.204068943,3.428484642,3.618071383
2023/4/23,NA,3.187946208,3.425576865,3.633855905,NA,3.325452742,3.521253086,3.707586263,NA,3.191219031,3.421090653,3.612607855
2023/4/24,NA,3.178211537,3.418894526,3.632082774,NA,3.327533313,3.520166282,3.70861698,NA,3.180642504,3.413808043,3.608295989
2023/4/25,500,3.169432029,3.412631464,3.628816775,500,3.327114214,3.518070113,3.708963218,500,3.16646859,3.406349635,3.600851689
2023/4/26,NA,3.158080666,3.406407157,3.625529391,NA,3.327243938,3.516892248,3.710288178,NA,3.153064441,3.39822765,3.594659885
2023/4/27,500,3.148437227,3.400280729,3.620915434,4773.884693,3.326287497,3.514835151,3.711652133,500,3.141633573,3.390571059,3.589334335
2023/4/28,NA,3.137213589,3.394750602,3.615738127,NA,3.321047767,3.511558433,3.710956354,NA,3.128156867,3.383805155,3.587397807
2023/4/29,NA,3.129453405,3.390929438,3.615586886,NA,3.317161474,3.508680123,3.70900125,NA,3.116957055,3.375281619,3.582133109
2023/4/30,500,3.121842358,3.386246462,3.612027716,500,3.311352313,3.504371195,3.704214679,500,3.105147527,3.367952423,3.575969281
2023/5/1,NA,3.111895662,3.381435553,3.607672698,NA,3.306285253,3.50102617,3.700940173,NA,3.091159685,3.360363577,3.567521357
2023/5/2,500,3.107101794,3.376029374,3.605356061,500,3.299913584,3.497285603,3.698192295,500,3.081262616,3.353777826,3.562308435
2023/5/3,NA,3.099133461,3.371688533,3.602438102,NA,3.293406742,3.491794779,3.697100046,NA,3.072174525,3.347056819,3.55867928
2023/5/4,500,3.096014466,3.366979502,3.601815032,500,3.28646115,3.48673602,3.693395366,500,3.060345842,3.341109509,3.555309794
2023/5/5,NA,3.087788235,3.363886575,3.59873696,NA,3.278761285,3.482126996,3.689756169,NA,3.053615034,3.334158156,3.547075218
2023/5/6,NA,3.083046157,3.359961411,3.595834869,NA,3.270506042,3.47619397,3.685780903,NA,3.043758933,3.329786219,3.541910738
2023/5/7,500,3.076576284,3.355583063,3.595305007,500,3.262476661,3.471478114,3.681515207,500,3.03566126,3.323431188,3.539796959
2023/5/8,NA,3.073015979,3.353313178,3.596228314,NA,3.256347871,3.466969332,3.676799584,NA,3.029033214,3.317984947,3.536886529
2023/5/9,500,3.071203856,3.350146607,3.597278479,500,3.250655928,3.4619705,3.671002847,500,3.022011645,3.31236222,3.533250689
2023/5/10,NA,3.067943433,3.346776851,3.597097663,NA,3.2428747,3.456080041,3.666923581,NA,3.013393705,3.307260087,3.533214444
2023/5/11,500,3.063058705,3.345677627,3.596955156,500,3.232531907,3.450675105,3.663213143,500,3.006532128,3.301875001,3.53115491
2023/5/12,NA,3.056779855,3.34398688,3.598237521,NA,3.225158735,3.446659284,3.660548041,NA,3.001233377,3.298133628,3.529005541
2023/5/13,NA,3.052083524,3.342082945,3.599027436,NA,3.217438081,3.441781334,3.65785664,NA,2.994914518,3.292865157,3.524049919
2023/5/14,NA,3.052640457,3.33928089,3.596894338,NA,3.209201257,3.437719754,3.654904021,NA,2.989986541,3.289081698,3.522892867
2023/5/15,NA,3.046346677,3.338582249,3.596864878,NA,3.198421385,3.433778714,3.648121746,NA,2.986434091,3.286631852,3.522272956
2023/5/16,500,3.044242298,3.337842888,3.599861549,500,3.193705783,3.429603154,3.644013858,500,2.986032983,3.28418104,3.519988498
2023/5/17,NA,3.04314182,3.336951427,3.599039977,NA,3.188605099,3.426010896,3.640647221,NA,2.984862181,3.28150999,3.517083194
2023/5/18,500,3.040569432,3.336330033,3.597500235,NA,3.179529681,3.423366075,3.63688214,500,2.983717457,3.279641327,3.515395349
2023/5/19,NA,3.040036609,3.336509199,3.597001275,NA,3.172480953,3.42028365,3.633981984,NA,2.979477348,3.277234071,3.516884508
2023/5/20,NA,3.0392652,3.336798838,3.59728225,NA,3.164067803,3.416483701,3.633979204,NA,2.973103601,3.275186263,3.515485401
2023/5/21,500,3.036139472,3.337563731,3.598241126,500,3.153660955,3.414283431,3.633183589,500,2.968521298,3.274905388,3.517689968
2023/5/22,NA,3.033048046,3.337998549,3.600580895,NA,3.146919029,3.410765267,3.631410604,NA,2.967819962,3.274625844,3.52098775
2023/5/23,500,3.029609063,3.339322773,3.608157419,500,3.138986707,3.409587231,3.631366998,500,2.967649909,3.274943838,3.520274581
2023/5/24,NA,3.029177753,3.340323286,3.612403112,NA,3.134153068,3.407878119,3.631696046,NA,2.965853954,3.273880218,3.521884756
2023/5/25,500,3.028273789,3.341876562,3.616633832,500,3.126543641,3.405846121,3.629940357,500,2.965931795,3.273766722,3.521526553
2023/5/26,NA,3.026416625,3.344203492,3.618947335,NA,3.121761846,3.404378732,3.630609272,NA,2.965672197,3.274286376,3.525549637
2023/5/27,NA,3.026272397,3.345622953,3.62562856,NA,3.115925821,3.402098515,3.631448392,NA,2.964898337,3.274954532,3.529242079
2023/5/28,NA,3.026771993,3.347038361,3.632377849,500,3.10690639,3.401336444,3.634079145,500,2.961433927,3.275975338,3.533583953
2023/5/29,500,3.027015833,3.348864585,3.636785483,NA,3.100178246,3.400641724,3.638297309,NA,2.961294228,3.278254867,3.538766899
2023/5/30,NA,3.030217521,3.351081493,3.644314627,500,3.094734435,3.398945789,3.64265859,500,2.964347756,3.279641585,3.548498563
2023/5/31,500,3.031575468,3.353632853,3.652327713,NA,3.088912898,3.397979775,3.645350324,NA,2.965005985,3.282484991,3.555047596
,,,,,,,,,,,,
,,,,,,,,,,,,
,,,,,,,,,,,,
,,,,,,,,,,,,
,,,,,,,,,,,,
,,,,,,,,,,,,
,,,,,,,,,,,,
,,,,,,,,,,,,
,,,,,,,,,,,,
,,,,,,,,,,,,
,,,,,,,,,,,,
,,,,,,,,,,,,
,,,,,,,,,,,,
,,,,,,,,,,,,
,,,,,,,,,,,,
,,,,,,,,,,,,
,,,,,,,,,,,,
,,,,,,,,,,,,
,,,,,,,,,,,,
,,,,,,,,,,,,
,,,,,,,,,,,,
,,,,,,,,,,,,
,,,,,,,,,,,,
,,,,,,,,,,,,
,,,,,,,,,,,,
,,,,,,,,,,,,
,,,,,,,,,,,,
,,,,,,,,,,,,
,,,,,,,,,,,,
,,,,,,,,,,,,
,,,,,,,,,,,,
,,,,,,,,,,,,
,,,,,,,,,,,,
,,,,,,,,,,,,
,,,,,,,,,,,,
,,,,,,,,,,,,
,,,,,,,,,,,,
,,,,,,,,,,,,
,,,,,,,,,,,,
,,,,,,,,,,,,
,,,,,,,,,,,,
,,,,,,,,,,,,
,,,,,,,,,,,,
,,,,,,,,,,,,
,,,,,,,,,,,,
,,,,,,,,,,,,
,,,,,,,,,,,,
,,,,,,,,,,,,
,,,,,,,,,,,,
,,,,,,,,,,,,
,,,,,,,,,,,,
,,,,,,,,,,,,
,,,,,,,,,,,,
,,,,,,,,,,,,
,,,,,,,,,,,,
,,,,,,,,,,,,
,,,,,,,,,,,,
,,,,,,,,,,,,
,,,,,,,,,,,,
,,,,,,,,,,,,
,,,,,,,,,,,,
,,,,,,,,,,,,
